recipe_id,recipe_name,cuisine,meal_slot,is_vegetarian,calories,protein_g,carbs_g,fat_g,fiber_g,sodium_mg,iron_mg,estimated_cost_usd
RCP00001,Sajji,Pakistani,dinner,False,500,45,54,28,10,691,7.02,9.2
RCP00002,Dal Makhani,Pakistani,dinner,False,264,43,78,21,13,435,5.4,10.79
RCP00003,Aloo Gosht,Pakistani,dinner,False,596,24,42,30,4,1268,3.42,6.45
RCP00004,Sindhi Biryani,Pakistani,dinner,True,522,13,34,27,7,1311,3.78,9.06
RCP00005,Haleem,Pakistani,dinner,False,277,32,33,16,3,1475,4.86,13.48
RCP00006,Sajji,Pakistani,dinner,False,750,24,48,37,6,430,5.58,10.44
RCP00007,Chicken Tikka,Pakistani,morning_snack,False,744,28,40,17,2,995,7.02,13.66
RCP00008,Chicken Tikka,Pakistani,morning_snack,False,491,22,78,25,5,779,5.4,11.48
RCP00009,Paya,Pakistani,dinner,False,347,31,57,19,14,1267,5.58,9.67
RCP00010,Aloo Gosht,Pakistani,dinner,False,774,44,36,34,11,447,1.98,14.03
RCP00011,Palak Paneer,Pakistani,dinner,False,701,45,44,22,4,619,5.22,16.89
RCP00012,Sindhi Biryani,Pakistani,dinner,False,540,46,78,37,14,582,4.68,5.25
RCP00013,Nihari,Pakistani,dinner,False,384,37,64,30,12,893,4.32,20.81
RCP00014,Pakistani Main Course Special 14,Pakistani,dinner,False,408,37,55,31,2,1409,3.42,21.41
RCP00015,Haleem,Pakistani,dinner,False,226,41,40,32,11,419,6.12,21.44
RCP00016,Chicken Tikka,Pakistani,morning_snack,False,304,33,34,19,10,382,4.14,3.18
RCP00017,Chicken Tikka,Pakistani,morning_snack,False,703,37,48,21,6,987,4.32,20.5
RCP00018,Chicken Tikka,Pakistani,morning_snack,False,377,49,42,26,8,1306,6.3,14.28
RCP00019,Sajji,Pakistani,dinner,False,205,18,53,24,9,587,4.86,7.57
RCP00020,Chicken Tikka,Pakistani,morning_snack,False,391,46,76,24,14,599,6.84,23.82
RCP00021,Paya,Pakistani,dinner,False,447,20,33,16,6,1383,1.98,3.43
RCP00022,Karahi,Pakistani,dinner,False,494,21,47,24,12,1320,2.7,4.16
RCP00023,Pakistani Main Course Special 23,Pakistani,dinner,False,331,9,64,10,2,318,1.8,12.15
RCP00024,Karahi,Pakistani,dinner,False,624,15,39,12,2,235,4.5,21.65
RCP00025,Lahori Chargha,Pakistani,dinner,False,282,10,31,23,10,1188,4.32,22.99
RCP00026,Palak Paneer,Pakistani,dinner,False,694,23,46,31,12,1270,2.52,3.41
RCP00027,Pakistani Main Course Special 27,Pakistani,dinner,False,429,17,54,13,8,514,6.12,10.74
RCP00028,Nihari,Pakistani,dinner,False,333,24,32,19,5,930,4.32,15.26
RCP00029,Biryani,Pakistani,dinner,False,663,29,69,30,3,1454,5.4,23.94
RCP00030,Sajji,Pakistani,dinner,False,465,16,39,13,5,1203,1.98,22.8
RCP00031,Sindhi Biryani,Pakistani,dinner,False,704,45,74,38,4,1137,6.66,20.64
RCP00032,Sindhi Biryani,Pakistani,dinner,True,574,17,37,20,3,204,6.3,13.75
RCP00033,Nihari,Pakistani,dinner,False,669,27,55,32,5,1279,4.32,12.89
RCP00034,Dal Makhani,Pakistani,dinner,False,642,5,50,23,10,1211,6.3,20.22
RCP00035,Paya,Pakistani,dinner,False,235,12,75,29,10,613,2.7,4.15
RCP00036,Karahi,Pakistani,dinner,False,514,18,39,22,9,295,7.02,2.71
RCP00037,Aloo Gosht,Pakistani,dinner,False,638,41,41,22,6,1082,2.52,21.35
RCP00038,Pakistani Main Course Special 38,Pakistani,dinner,True,659,5,58,19,8,860,6.12,24.53
RCP00039,Dal Makhani,Pakistani,dinner,False,345,32,58,27,2,1463,5.76,3.39
RCP00040,Biryani,Pakistani,dinner,False,244,32,49,33,9,1024,5.58,3.51
RCP00041,Pakistani Main Course Special 41,Pakistani,dinner,False,793,32,69,30,3,642,5.4,3.77
RCP00042,Aloo Gosht,Pakistani,dinner,False,798,43,38,24,3,285,3.96,24.97
RCP00043,Sajji,Pakistani,dinner,False,328,44,70,18,9,1347,1.8,22.94
RCP00044,Lahori Chargha,Pakistani,dinner,False,638,33,72,22,6,1195,4.68,5.76
RCP00045,Pakistani Main Course Special 45,Pakistani,dinner,False,488,48,67,38,9,376,4.14,21.71
RCP00046,Pakistani Main Course Special 46,Pakistani,dinner,False,264,30,54,28,14,426,5.58,6.16
RCP00047,Paya,Pakistani,dinner,False,559,42,50,18,10,294,5.04,24.99
RCP00048,Nihari,Pakistani,dinner,False,754,17,60,17,14,1231,5.4,14.83
RCP00049,Chapli Kabab,Pakistani,morning_snack,False,463,9,74,28,6,243,3.42,18.67
RCP00050,Pakistani Main Course Special 50,Pakistani,dinner,False,694,40,65,25,6,563,5.4,21.41
RCP00051,Palak Paneer,Pakistani,dinner,False,537,45,47,26,7,1494,2.16,12.21
RCP00052,Pakistani Main Course Special 52,Pakistani,dinner,True,724,16,75,19,14,814,2.7,9.01
RCP00053,Pakistani Main Course Special 53,Pakistani,dinner,False,705,24,79,26,2,990,2.7,14.7
RCP00054,Seekh Kabab,Pakistani,morning_snack,False,507,40,52,35,8,902,3.06,8.56
RCP00055,Paya,Pakistani,dinner,False,403,23,69,38,6,1360,2.7,24.65
RCP00056,Pakistani Main Course Special 56,Pakistani,dinner,False,330,44,60,31,12,733,4.32,17.42
RCP00057,Pakistani Main Course Special 57,Pakistani,dinner,True,381,10,79,23,11,1297,3.96,23.44
RCP00058,Haleem,Pakistani,dinner,False,334,19,46,21,6,1299,4.5,2.28
RCP00059,Biryani,Pakistani,dinner,False,756,39,31,38,6,760,1.8,13.68
RCP00060,Dal Makhani,Pakistani,dinner,True,555,15,57,19,14,871,5.22,12.56
RCP00061,Chicken Tikka,Pakistani,morning_snack,False,505,11,50,26,12,985,5.22,20.96
RCP00062,Dal Makhani,Pakistani,dinner,False,364,49,32,31,8,792,5.58,21.63
RCP00063,Biryani,Pakistani,dinner,False,348,33,31,25,14,1223,5.22,20.37
RCP00064,Pakistani Main Course Special 64,Pakistani,dinner,False,718,47,52,34,2,397,5.04,18.78
RCP00065,Lahori Chargha,Pakistani,dinner,False,327,19,58,25,5,834,1.8,11.57
RCP00066,Lahori Chargha,Pakistani,dinner,False,413,40,54,24,2,309,1.8,17.97
RCP00067,Pakistani Main Course Special 67,Pakistani,dinner,False,489,41,61,20,6,1319,4.32,15.39
RCP00068,Haleem,Pakistani,dinner,False,201,31,40,27,6,400,3.6,9.93
RCP00069,Chicken Tikka,Pakistani,morning_snack,False,475,48,44,36,2,305,2.7,5.94
RCP00070,Paya,Pakistani,dinner,False,725,43,32,32,13,569,1.8,12.22
RCP00071,Dal Makhani,Pakistani,dinner,False,754,25,79,29,5,1422,5.94,2.2
RCP00072,Pakistani Main Course Special 72,Pakistani,dinner,True,693,11,45,15,10,1123,5.22,9.5
RCP00073,Sindhi Biryani,Pakistani,dinner,False,642,20,69,35,9,614,5.58,11.73
RCP00074,Sindhi Biryani,Pakistani,dinner,True,785,14,60,26,14,705,3.96,16.78
RCP00075,Pakistani Main Course Special 75,Pakistani,dinner,False,780,37,48,25,5,786,6.3,23.38
RCP00076,Korma,Pakistani,dinner,False,214,43,51,19,2,1412,6.12,13.91
RCP00077,Korma,Pakistani,dinner,False,465,29,77,27,4,737,5.76,11.53
RCP00078,Palak Paneer,Pakistani,dinner,False,750,49,34,19,14,1061,5.76,7.87
RCP00079,Chicken Tikka,Pakistani,morning_snack,False,792,12,67,22,9,662,3.6,11.07
RCP00080,Sajji,Pakistani,dinner,False,264,9,66,21,5,1196,3.42,9.81
RCP00081,Sindhi Biryani,Pakistani,dinner,False,414,26,62,24,12,1014,7.02,15.34
RCP00082,Biryani,Pakistani,dinner,False,533,23,70,33,2,265,4.14,18.81
RCP00083,Sindhi Biryani,Pakistani,dinner,False,454,32,46,21,12,973,4.14,16.92
RCP00084,Sajji,Pakistani,dinner,False,170,21,35,22,10,209,6.3,15.96
RCP00085,Korma,Pakistani,dinner,False,248,14,68,21,14,847,4.86,6.61
RCP00086,Paya,Pakistani,dinner,False,254,18,78,23,4,1358,2.34,4.09
RCP00087,Aloo Gosht,Pakistani,dinner,False,186,42,71,36,9,1138,6.12,10.08
RCP00088,Pakistani Main Course Special 88,Pakistani,dinner,False,485,47,54,24,9,926,5.22,6.92
RCP00089,Chapli Kabab,Pakistani,morning_snack,False,555,27,66,28,12,373,4.86,3.31
RCP00090,Pakistani Main Course Special 90,Pakistani,dinner,False,595,22,63,25,6,1235,5.22,10.68
RCP00091,Palak Paneer,Pakistani,dinner,False,547,39,32,26,3,434,2.34,22.57
RCP00092,Pakistani Main Course Special 92,Pakistani,dinner,False,351,12,41,20,6,303,5.22,12.58
RCP00093,Palak Paneer,Pakistani,dinner,False,482,38,64,34,3,212,4.32,8.88
RCP00094,Pakistani Main Course Special 94,Pakistani,dinner,False,423,32,64,29,5,1024,2.34,24.73
RCP00095,Pakistani Main Course Special 95,Pakistani,dinner,True,246,14,77,22,10,1184,1.98,18.75
RCP00096,Paya,Pakistani,dinner,False,249,38,43,17,11,586,5.58,21.52
RCP00097,Sindhi Biryani,Pakistani,dinner,False,599,24,64,24,11,778,4.32,21.12
RCP00098,Pakistani Main Course Special 98,Pakistani,dinner,False,408,38,55,17,7,344,1.8,18.16
RCP00099,Pakistani Main Course Special 99,Pakistani,dinner,True,482,6,57,26,10,279,3.6,10.63
RCP00100,Dal Makhani,Pakistani,dinner,False,346,48,74,26,11,1105,6.48,20.33
RCP00101,Seekh Kabab,Pakistani,morning_snack,False,152,7,59,10,14,351,4.68,9.11
RCP00102,Pakistani Main Course Special 102,Pakistani,dinner,True,590,18,58,29,13,1283,3.06,20.89
RCP00103,Chapli Kabab,Pakistani,morning_snack,False,275,32,79,30,12,1174,5.94,11.06
RCP00104,Haleem,Pakistani,dinner,False,606,43,57,19,10,204,3.78,24.11
RCP00105,Palak Paneer,Pakistani,dinner,False,460,39,61,15,12,1391,3.96,3.18
RCP00106,Biryani,Pakistani,dinner,False,230,24,54,19,6,713,6.12,14.41
RCP00107,Pakistani Main Course Special 107,Pakistani,dinner,False,451,43,74,23,6,1244,2.88,17.28
RCP00108,Haleem,Pakistani,dinner,False,683,42,51,28,7,714,6.3,4.97
RCP00109,Lahori Chargha,Pakistani,dinner,False,727,23,60,24,6,275,4.32,17.22
RCP00110,Chicken Tikka,Pakistani,morning_snack,False,292,27,79,27,4,984,1.8,18.55
RCP00111,Sindhi Biryani,Pakistani,dinner,False,687,40,49,18,13,1079,5.94,18.12
RCP00112,Korma,Pakistani,dinner,False,165,23,47,23,9,1022,3.42,18.8
RCP00113,Lahori Chargha,Pakistani,dinner,False,761,25,33,17,13,1229,6.84,10.52
RCP00114,Dal Makhani,Pakistani,dinner,False,666,31,63,22,7,1027,1.8,14.43
RCP00115,Biryani,Pakistani,dinner,False,608,20,72,35,6,357,3.78,10.72
RCP00116,Pakistani Main Course Special 116,Pakistani,dinner,True,610,15,62,26,2,789,3.6,3.85
RCP00117,Sajji,Pakistani,dinner,False,516,9,65,11,6,402,2.16,15.61
RCP00118,Paya,Pakistani,dinner,False,233,43,49,26,6,1082,4.14,10.49
RCP00119,Karahi,Pakistani,dinner,False,585,27,53,21,12,807,4.14,9.85
RCP00120,Chapli Kabab,Pakistani,morning_snack,False,344,10,44,22,2,1264,1.8,19.6
RCP00121,Korma,Pakistani,dinner,False,433,24,49,34,8,617,5.04,17.67
RCP00122,Sindhi Biryani,Pakistani,dinner,True,162,6,64,17,12,697,2.52,20.07
RCP00123,Chapli Kabab,Pakistani,morning_snack,False,428,10,75,12,3,482,6.48,21.14
RCP00124,Chapli Kabab,Pakistani,morning_snack,False,533,42,61,29,12,694,5.94,13.43
RCP00125,Karahi,Pakistani,dinner,False,517,48,57,21,3,568,4.86,19.11
RCP00126,Nihari,Pakistani,dinner,False,672,40,35,21,8,1422,3.78,9.82
RCP00127,Haleem,Pakistani,dinner,False,295,35,63,21,3,830,5.58,8.06
RCP00128,Karahi,Pakistani,dinner,False,185,30,30,17,2,385,2.52,8.93
RCP00129,Karahi,Pakistani,dinner,False,415,41,53,15,9,1436,3.96,22.95
RCP00130,Pakistani Main Course Special 130,Pakistani,dinner,True,184,11,78,24,2,1114,4.32,23.51
RCP00131,Korma,Pakistani,dinner,False,252,34,76,24,11,903,3.42,3.65
RCP00132,Pakistani Main Course Special 132,Pakistani,dinner,True,613,19,71,18,7,689,3.96,8.81
RCP00133,Pakistani Main Course Special 133,Pakistani,dinner,True,351,15,53,28,4,1114,6.66,21.33
RCP00134,Pakistani Main Course Special 134,Pakistani,dinner,True,495,5,44,25,8,668,7.02,5.53
RCP00135,Pakistani Main Course Special 135,Pakistani,dinner,False,367,18,37,22,14,398,4.32,13.55
RCP00136,Sajji,Pakistani,dinner,False,377,21,78,24,11,888,5.76,18.1
RCP00137,Paya,Pakistani,dinner,False,346,27,38,34,10,548,5.94,20.63
RCP00138,Pakistani Main Course Special 138,Pakistani,dinner,False,412,44,47,29,14,921,2.7,3.91
RCP00139,Sindhi Biryani,Pakistani,dinner,False,240,36,64,15,12,322,2.7,22.07
RCP00140,Paya,Pakistani,dinner,False,150,40,69,30,6,1224,3.96,19.74
RCP00141,Pakistani Main Course Special 141,Pakistani,dinner,False,792,47,52,29,2,1105,4.5,15.96
RCP00142,Pakistani Main Course Special 142,Pakistani,dinner,False,681,45,45,15,14,776,1.8,13.01
RCP00143,Nihari,Pakistani,dinner,False,694,32,42,20,12,363,2.34,6.6
RCP00144,Biryani,Pakistani,dinner,False,699,34,32,32,8,866,3.78,15.88
RCP00145,Biryani,Pakistani,dinner,False,583,46,75,18,7,771,4.14,14.86
RCP00146,Pakistani Main Course Special 146,Pakistani,dinner,False,306,36,41,39,9,1038,3.78,15.37
RCP00147,Karahi,Pakistani,dinner,False,429,13,30,27,7,313,5.94,17.25
RCP00148,Pakistani Main Course Special 148,Pakistani,dinner,False,226,35,65,35,2,801,4.14,20.0
RCP00149,Chicken Tikka,Pakistani,morning_snack,False,659,45,31,33,14,594,6.84,16.65
RCP00150,Nihari,Pakistani,dinner,False,212,34,46,21,14,398,2.88,9.17
RCP00151,Chicken Tikka,Pakistani,morning_snack,False,294,42,51,37,13,820,5.76,14.03
RCP00152,Korma,Pakistani,dinner,False,707,20,40,37,6,1104,4.68,20.21
RCP00153,Pakistani Main Course Special 153,Pakistani,dinner,False,594,47,41,30,13,1293,4.32,18.51
RCP00154,Pakistani Main Course Special 154,Pakistani,dinner,False,560,40,77,16,13,627,6.48,22.28
RCP00155,Pakistani Main Course Special 155,Pakistani,dinner,False,467,17,70,17,13,747,2.7,14.16
RCP00156,Haleem,Pakistani,dinner,False,365,28,79,27,4,1117,2.52,16.39
RCP00157,Nihari,Pakistani,dinner,False,508,30,61,36,10,940,2.16,11.55
RCP00158,Pakistani Main Course Special 158,Pakistani,dinner,False,510,22,78,32,5,379,1.8,24.8
RCP00159,Chapli Kabab,Pakistani,morning_snack,False,674,30,56,31,13,921,2.88,21.11
RCP00160,Aloo Gosht,Pakistani,dinner,False,409,5,62,24,8,922,3.42,17.94
RCP00161,Pakistani Main Course Special 161,Pakistani,dinner,False,518,17,53,20,9,607,5.22,8.85
RCP00162,Chapli Kabab,Pakistani,morning_snack,False,525,21,32,24,11,1267,6.66,16.39
RCP00163,Chapli Kabab,Pakistani,morning_snack,False,327,43,34,19,13,1063,5.94,10.82
RCP00164,Chicken Tikka,Pakistani,morning_snack,False,482,8,38,27,2,690,2.34,19.02
RCP00165,Pakistani Main Course Special 165,Pakistani,dinner,False,462,21,61,39,9,283,1.8,19.4
RCP00166,Biryani,Pakistani,dinner,False,440,46,55,25,8,925,1.8,16.98
RCP00167,Paya,Pakistani,dinner,False,244,32,66,30,9,1419,6.66,4.66
RCP00168,Seekh Kabab,Pakistani,morning_snack,False,630,6,43,25,14,984,4.32,17.79
RCP00169,Paya,Pakistani,dinner,False,653,12,74,29,14,215,6.84,15.68
RCP00170,Pakistani Main Course Special 170,Pakistani,dinner,False,618,33,38,25,13,1162,1.8,12.54
RCP00171,Haleem,Pakistani,dinner,False,748,47,66,24,6,629,2.52,23.78
RCP00172,Pakistani Main Course Special 172,Pakistani,dinner,True,481,14,67,24,11,544,5.76,13.04
RCP00173,Nihari,Pakistani,dinner,False,416,16,40,23,10,895,3.96,3.84
RCP00174,Korma,Pakistani,dinner,False,253,41,60,35,10,297,1.98,11.1
RCP00175,Pakistani Main Course Special 175,Pakistani,dinner,False,169,49,44,39,5,1246,5.22,4.05
RCP00176,Korma,Pakistani,dinner,False,340,11,42,17,14,931,2.7,15.22
RCP00177,Aloo Gosht,Pakistani,dinner,False,460,20,46,21,5,269,3.78,16.99
RCP00178,Chicken Tikka,Pakistani,morning_snack,False,528,34,42,19,12,566,5.22,2.58
RCP00179,Korma,Pakistani,dinner,False,523,12,43,21,5,926,6.12,11.39
RCP00180,Pakistani Main Course Special 180,Pakistani,dinner,True,619,7,38,17,13,1398,4.32,6.63
RCP00181,Pakistani Main Course Special 181,Pakistani,dinner,True,655,8,71,24,8,751,2.34,4.64
RCP00182,Nihari,Pakistani,dinner,False,664,40,68,20,14,892,5.94,9.86
RCP00183,Karahi,Pakistani,dinner,False,269,6,68,29,12,1020,5.04,9.56
RCP00184,Paya,Pakistani,dinner,False,720,18,73,27,12,393,5.76,4.58
RCP00185,Pakistani Main Course Special 185,Pakistani,dinner,False,743,36,68,23,2,1006,3.96,3.28
RCP00186,Lahori Chargha,Pakistani,dinner,False,793,8,47,11,4,856,5.76,23.36
RCP00187,Pakistani Main Course Special 187,Pakistani,dinner,False,669,42,79,28,14,1302,2.88,20.83
RCP00188,Pakistani Main Course Special 188,Pakistani,dinner,False,262,48,75,36,9,838,5.58,11.45
RCP00189,Biryani,Pakistani,dinner,False,390,44,34,29,3,1485,4.5,14.56
RCP00190,Seekh Kabab,Pakistani,morning_snack,False,617,38,76,27,13,1143,4.68,21.86
RCP00191,Nihari,Pakistani,dinner,False,242,31,78,15,6,997,7.02,15.0
RCP00192,Seekh Kabab,Pakistani,morning_snack,False,494,23,67,28,8,1209,2.34,10.8
RCP00193,Pakistani Main Course Special 193,Pakistani,dinner,False,162,38,39,35,7,720,3.6,23.3
RCP00194,Korma,Pakistani,dinner,False,175,5,51,21,3,1186,5.04,19.95
RCP00195,Biryani,Pakistani,dinner,False,474,41,40,27,5,224,5.04,23.93
RCP00196,Chicken Tikka,Pakistani,morning_snack,False,394,34,49,24,5,1149,6.12,2.89
RCP00197,Pakistani Main Course Special 197,Pakistani,dinner,False,238,24,65,29,9,1017,3.6,3.74
RCP00198,Korma,Pakistani,dinner,False,237,18,76,18,2,202,2.16,17.13
RCP00199,Pakistani Main Course Special 199,Pakistani,dinner,False,524,34,63,19,5,373,5.04,12.62
RCP00200,Paya,Pakistani,dinner,False,505,33,61,37,5,1491,3.6,4.62
RCP00201,Karahi,Pakistani,dinner,False,300,17,77,11,13,929,6.66,5.1
RCP00202,Pakistani Main Course Special 202,Pakistani,dinner,False,284,21,73,23,7,1344,3.24,3.81
RCP00203,Pakistani Main Course Special 203,Pakistani,dinner,False,537,47,70,36,6,325,2.34,15.3
RCP00204,Pakistani Main Course Special 204,Pakistani,dinner,False,481,29,39,16,13,631,6.66,15.72
RCP00205,Nihari,Pakistani,dinner,False,705,16,75,14,10,952,3.06,23.5
RCP00206,Korma,Pakistani,dinner,False,474,11,65,24,10,575,3.78,4.6
RCP00207,Seekh Kabab,Pakistani,morning_snack,False,767,46,68,39,5,1435,5.58,12.9
RCP00208,Karahi,Pakistani,dinner,False,189,11,63,15,5,495,2.16,10.14
RCP00209,Pakistani Main Course Special 209,Pakistani,dinner,False,348,48,62,31,6,1031,7.02,18.75
RCP00210,Biryani,Pakistani,dinner,False,505,20,38,38,4,1064,2.34,22.59
RCP00211,Haleem,Pakistani,dinner,False,485,38,30,16,14,1208,5.58,15.29
RCP00212,Chicken Tikka,Pakistani,morning_snack,False,581,41,60,17,8,338,5.4,18.72
RCP00213,Biryani,Pakistani,dinner,False,381,37,33,37,10,1122,5.22,11.6
RCP00214,Sindhi Biryani,Pakistani,dinner,False,405,46,63,17,12,1462,3.24,10.64
RCP00215,Haleem,Pakistani,dinner,False,663,47,40,15,7,507,2.88,22.06
RCP00216,Nihari,Pakistani,dinner,False,439,35,77,32,2,666,6.48,23.17
RCP00217,Korma,Pakistani,dinner,False,714,15,68,12,5,1298,2.16,11.57
RCP00218,Korma,Pakistani,dinner,False,300,46,43,26,12,669,5.76,3.39
RCP00219,Karahi,Pakistani,dinner,False,463,36,69,34,7,1442,6.12,24.92
RCP00220,Palak Paneer,Pakistani,dinner,False,165,31,69,17,9,763,4.86,8.42
RCP00221,Aloo Gosht,Pakistani,dinner,False,608,39,63,38,5,855,6.3,17.82
RCP00222,Pakistani Main Course Special 222,Pakistani,dinner,False,411,44,43,19,7,1093,4.32,6.09
RCP00223,Karahi,Pakistani,dinner,False,342,29,77,23,9,1298,6.12,22.64
RCP00224,Dal Makhani,Pakistani,dinner,True,645,9,56,17,4,383,2.34,4.4
RCP00225,Haleem,Pakistani,dinner,False,445,46,49,22,8,1014,3.06,22.77
RCP00226,Karahi,Pakistani,dinner,False,284,15,74,29,13,1305,3.24,11.95
RCP00227,Sajji,Pakistani,dinner,False,216,24,51,16,8,814,5.22,24.97
RCP00228,Sajji,Pakistani,dinner,False,693,31,64,20,8,607,2.34,8.52
RCP00229,Palak Paneer,Pakistani,dinner,True,156,17,74,23,10,800,5.76,20.26
RCP00230,Pakistani Main Course Special 230,Pakistani,dinner,True,604,6,64,17,13,678,1.98,22.52
RCP00231,Chicken Tikka,Pakistani,morning_snack,False,289,5,37,15,5,550,6.12,4.27
RCP00232,Paya,Pakistani,dinner,False,253,15,43,16,14,481,6.84,3.97
RCP00233,Pakistani Main Course Special 233,Pakistani,dinner,True,318,8,40,25,8,516,7.02,18.98
RCP00234,Lahori Chargha,Pakistani,dinner,False,443,47,40,30,9,1426,2.34,13.05
RCP00235,Dal Makhani,Pakistani,dinner,False,398,36,36,33,6,582,4.14,12.98
RCP00236,Biryani,Pakistani,dinner,False,363,14,72,11,10,1039,4.68,21.91
RCP00237,Lahori Chargha,Pakistani,dinner,False,515,27,51,32,12,640,6.66,14.13
RCP00238,Palak Paneer,Pakistani,dinner,False,293,38,45,20,5,412,5.4,9.53
RCP00239,Seekh Kabab,Pakistani,morning_snack,False,631,49,72,23,6,430,3.78,22.6
RCP00240,Pakistani Main Course Special 240,Pakistani,dinner,False,512,43,31,27,9,363,4.14,16.92
RCP00241,Dal Makhani,Pakistani,dinner,False,469,45,64,30,12,1219,3.42,8.23
RCP00242,Chicken Tikka,Pakistani,morning_snack,False,470,45,44,39,13,375,4.68,6.75
RCP00243,Pakistani Main Course Special 243,Pakistani,dinner,False,702,26,62,27,5,598,6.84,11.53
RCP00244,Chicken Tikka,Pakistani,morning_snack,False,558,42,45,27,9,820,6.48,18.64
RCP00245,Dal Makhani,Pakistani,dinner,False,155,21,56,18,8,246,5.94,23.89
RCP00246,Aloo Gosht,Pakistani,dinner,False,206,11,51,26,2,774,5.58,5.17
RCP00247,Dal Makhani,Pakistani,dinner,False,708,33,62,25,11,862,6.3,8.43
RCP00248,Haleem,Pakistani,dinner,False,185,49,77,28,12,1045,6.12,11.66
RCP00249,Aloo Gosht,Pakistani,dinner,False,794,35,42,20,3,929,3.24,17.14
RCP00250,Aloo Gosht,Pakistani,dinner,False,576,47,61,25,3,1315,3.42,23.63
RCP00251,Sajji,Pakistani,dinner,False,267,5,56,20,8,1194,5.58,5.01
RCP00252,Chapli Kabab,Pakistani,morning_snack,False,577,15,77,27,10,364,5.22,3.3
RCP00253,Seekh Kabab,Pakistani,morning_snack,False,185,44,49,23,9,653,4.32,15.88
RCP00254,Seekh Kabab,Pakistani,morning_snack,False,518,40,36,33,14,468,6.66,20.23
RCP00255,Paya,Pakistani,dinner,False,525,19,35,27,12,1129,3.06,16.86
RCP00256,Pakistani Main Course Special 256,Pakistani,dinner,False,236,42,35,18,13,286,1.8,17.89
RCP00257,Sajji,Pakistani,dinner,False,349,18,77,25,14,1337,7.02,13.5
RCP00258,Paya,Pakistani,dinner,False,614,10,56,19,13,1431,6.66,16.16
RCP00259,Pakistani Main Course Special 259,Pakistani,dinner,True,163,19,59,20,4,666,6.48,14.58
RCP00260,Chapli Kabab,Pakistani,morning_snack,False,672,46,49,21,13,556,3.42,22.22
RCP00261,Palak Paneer,Pakistani,dinner,True,393,15,51,17,11,972,3.06,3.79
RCP00262,Pakistani Main Course Special 262,Pakistani,dinner,False,572,48,65,22,10,550,1.8,6.34
RCP00263,Chicken Tikka,Pakistani,morning_snack,False,602,8,65,13,14,576,2.34,11.82
RCP00264,Lahori Chargha,Pakistani,dinner,False,522,33,77,17,10,728,6.66,4.03
RCP00265,Pakistani Main Course Special 265,Pakistani,dinner,False,395,49,31,21,8,587,5.4,23.57
RCP00266,Palak Paneer,Pakistani,dinner,True,449,13,37,27,2,969,5.22,21.1
RCP00267,Haleem,Pakistani,dinner,False,773,19,30,27,9,1376,3.42,18.8
RCP00268,Aloo Gosht,Pakistani,dinner,False,382,7,66,27,3,236,6.12,7.69
RCP00269,Aloo Gosht,Pakistani,dinner,False,562,32,52,24,13,1143,3.42,2.57
RCP00270,Pakistani Main Course Special 270,Pakistani,dinner,False,678,48,54,34,6,1056,4.86,5.03
RCP00271,Lahori Chargha,Pakistani,dinner,False,588,14,68,24,2,219,3.42,23.69
RCP00272,Paya,Pakistani,dinner,False,248,25,50,31,13,323,5.76,5.21
RCP00273,Chicken Tikka,Pakistani,morning_snack,False,455,47,77,30,9,383,5.22,15.78
RCP00274,Aloo Gosht,Pakistani,dinner,False,304,38,61,17,2,931,2.34,16.65
RCP00275,Pakistani Main Course Special 275,Pakistani,dinner,True,332,9,30,25,3,333,4.86,5.11
RCP00276,Karahi,Pakistani,dinner,False,285,34,65,17,9,1018,6.12,20.26
RCP00277,Pakistani Main Course Special 277,Pakistani,dinner,False,428,47,74,27,9,943,2.34,5.79
RCP00278,Pakistani Main Course Special 278,Pakistani,dinner,False,418,30,42,28,7,1121,5.22,18.14
RCP00279,Palak Paneer,Pakistani,dinner,False,481,20,43,32,3,339,1.8,2.34
RCP00280,Nihari,Pakistani,dinner,False,374,38,43,32,11,221,4.86,19.56
RCP00281,Aloo Gosht,Pakistani,dinner,False,793,16,64,29,5,871,6.66,11.57
RCP00282,Dal Makhani,Pakistani,dinner,False,417,43,59,26,5,1293,3.78,10.17
RCP00283,Seekh Kabab,Pakistani,morning_snack,False,183,20,54,38,5,574,6.3,22.34
RCP00284,Biryani,Pakistani,dinner,False,155,43,44,25,3,225,3.06,18.33
RCP00285,Paya,Pakistani,dinner,False,456,27,70,24,11,490,6.84,3.83
RCP00286,Chapli Kabab,Pakistani,morning_snack,False,752,30,79,25,2,1149,5.22,12.74
RCP00287,Pakistani Main Course Special 287,Pakistani,dinner,True,774,8,65,29,10,518,5.58,11.55
RCP00288,Haleem,Pakistani,dinner,False,670,19,48,27,9,789,3.42,20.86
RCP00289,Paya,Pakistani,dinner,False,683,27,48,18,4,252,5.22,22.19
RCP00290,Paya,Pakistani,dinner,False,711,31,39,39,14,1005,3.96,24.47
RCP00291,Pakistani Main Course Special 291,Pakistani,dinner,False,170,42,76,37,13,1397,2.16,22.35
RCP00292,Sajji,Pakistani,dinner,False,704,11,59,28,6,832,6.3,2.15
RCP00293,Korma,Pakistani,dinner,False,293,28,54,23,14,954,2.52,10.64
RCP00294,Seekh Kabab,Pakistani,morning_snack,False,208,32,50,36,6,283,5.22,12.43
RCP00295,Karahi,Pakistani,dinner,False,687,30,67,20,9,973,2.52,16.62
RCP00296,Sajji,Pakistani,dinner,False,796,29,51,38,4,967,2.34,18.33
RCP00297,Paya,Pakistani,dinner,False,269,16,71,19,12,978,4.5,19.27
RCP00298,Pakistani Main Course Special 298,Pakistani,dinner,False,522,39,33,29,5,688,2.34,10.6
RCP00299,Dal Makhani,Pakistani,dinner,False,698,44,78,25,14,210,4.5,19.6
RCP00300,Chicken Tikka,Pakistani,morning_snack,False,461,21,47,23,10,965,2.88,16.96
RCP00301,Palak Paneer,Pakistani,dinner,True,688,12,56,28,4,785,3.6,12.57
RCP00302,Pakistani Main Course Special 302,Pakistani,dinner,False,477,27,58,34,12,1038,1.98,20.44
RCP00303,Pakistani Main Course Special 303,Pakistani,dinner,True,620,5,40,20,6,333,4.68,21.52
RCP00304,Pakistani Main Course Special 304,Pakistani,dinner,True,556,6,77,25,3,353,6.12,16.19
RCP00305,Palak Paneer,Pakistani,dinner,True,525,17,43,20,11,601,6.48,6.35
RCP00306,Pakistani Main Course Special 306,Pakistani,dinner,False,681,46,39,16,6,1322,6.84,10.53
RCP00307,Paya,Pakistani,dinner,False,710,41,31,24,10,230,5.4,4.88
RCP00308,Dal Makhani,Pakistani,dinner,True,782,13,67,17,3,1398,2.7,12.31
RCP00309,Pakistani Main Course Special 309,Pakistani,dinner,False,521,21,47,27,5,1426,6.12,7.06
RCP00310,Chicken Tikka,Pakistani,morning_snack,False,198,7,55,19,5,549,5.94,13.22
RCP00311,Pakistani Main Course Special 311,Pakistani,dinner,False,712,31,61,21,2,685,2.88,7.06
RCP00312,Pakistani Main Course Special 312,Pakistani,dinner,False,709,41,69,30,13,913,6.12,4.29
RCP00313,Sajji,Pakistani,dinner,False,703,32,61,26,14,484,5.04,17.78
RCP00314,Pakistani Main Course Special 314,Pakistani,dinner,False,203,37,47,27,5,1295,1.98,21.54
RCP00315,Pakistani Main Course Special 315,Pakistani,dinner,True,416,15,46,24,11,474,5.76,3.23
RCP00316,Sindhi Biryani,Pakistani,dinner,False,699,39,57,24,8,670,4.86,4.81
RCP00317,Lahori Chargha,Pakistani,dinner,False,260,24,59,21,7,1304,4.68,22.58
RCP00318,Lahori Chargha,Pakistani,dinner,False,750,46,35,24,8,1497,2.88,17.2
RCP00319,Nihari,Pakistani,dinner,False,197,46,58,25,13,1389,2.34,7.59
RCP00320,Dal Makhani,Pakistani,dinner,True,599,14,73,22,6,522,4.5,18.38
RCP00321,Haleem,Pakistani,dinner,False,607,22,34,36,2,587,5.58,11.65
RCP00322,Sindhi Biryani,Pakistani,dinner,False,265,29,54,39,2,1498,5.4,15.22
RCP00323,Nihari,Pakistani,dinner,False,758,10,54,12,9,1163,2.34,24.93
RCP00324,Korma,Pakistani,dinner,False,762,12,46,24,2,863,2.88,15.85
RCP00325,Lahori Chargha,Pakistani,dinner,False,183,16,65,29,5,948,3.6,13.84
RCP00326,Lahori Chargha,Pakistani,dinner,False,578,27,74,25,12,1463,5.04,7.45
RCP00327,Korma,Pakistani,dinner,False,559,11,31,24,5,658,5.4,21.97
RCP00328,Dal Makhani,Pakistani,dinner,False,569,49,52,22,9,845,6.84,22.6
RCP00329,Chicken Tikka,Pakistani,morning_snack,False,284,40,52,27,3,1340,6.84,14.54
RCP00330,Sajji,Pakistani,dinner,False,310,21,55,21,6,649,2.34,24.01
RCP00331,Dal Makhani,Pakistani,dinner,True,167,18,53,21,12,597,4.68,19.65
RCP00332,Chicken Tikka,Pakistani,morning_snack,False,473,44,76,19,14,436,4.14,8.43
RCP00333,Pakistani Main Course Special 333,Pakistani,dinner,True,183,9,39,15,8,338,4.5,19.14
RCP00334,Biryani,Pakistani,dinner,False,179,26,73,28,3,426,4.32,6.39
RCP00335,Haleem,Pakistani,dinner,False,546,34,40,34,4,531,3.6,3.7
RCP00336,Nihari,Pakistani,dinner,False,576,12,77,26,8,1373,3.24,16.52
RCP00337,Seekh Kabab,Pakistani,morning_snack,False,216,47,74,37,13,628,6.12,20.18
RCP00338,Lahori Chargha,Pakistani,dinner,False,646,10,51,11,10,1176,3.6,9.47
RCP00339,Pakistani Main Course Special 339,Pakistani,dinner,False,618,37,60,33,12,680,6.84,14.13
RCP00340,Biryani,Pakistani,dinner,False,258,30,52,18,10,1210,4.14,2.54
RCP00341,Sindhi Biryani,Pakistani,dinner,True,746,12,76,14,12,328,3.42,11.65
RCP00342,Karahi,Pakistani,dinner,False,270,42,31,37,9,1037,5.04,18.71
RCP00343,Dal Makhani,Pakistani,dinner,False,653,12,43,18,11,1459,5.76,18.79
RCP00344,Palak Paneer,Pakistani,dinner,False,402,44,38,38,7,740,3.78,4.16
RCP00345,Pakistani Main Course Special 345,Pakistani,dinner,False,672,21,78,34,4,1160,3.78,13.02
RCP00346,Palak Paneer,Pakistani,dinner,False,563,36,65,30,10,262,7.02,11.13
RCP00347,Pakistani Main Course Special 347,Pakistani,dinner,False,583,20,48,18,2,1138,4.14,11.45
RCP00348,Lahori Chargha,Pakistani,dinner,False,672,46,33,26,5,1378,3.6,16.76
RCP00349,Sajji,Pakistani,dinner,False,550,19,32,18,8,593,3.06,10.74
RCP00350,Biryani,Pakistani,dinner,True,738,15,39,14,2,1070,5.04,6.03
RCP00351,Pakistani Main Course Special 351,Pakistani,dinner,False,611,38,50,37,8,820,5.22,5.11
RCP00352,Pakistani Main Course Special 352,Pakistani,dinner,False,669,21,46,18,11,836,5.04,8.25
RCP00353,Sajji,Pakistani,dinner,False,623,38,70,16,6,330,1.98,12.04
RCP00354,Aloo Gosht,Pakistani,dinner,False,691,6,37,27,11,758,4.68,7.94
RCP00355,Pakistani Main Course Special 355,Pakistani,dinner,False,489,11,61,14,3,1126,5.94,6.02
RCP00356,Sindhi Biryani,Pakistani,dinner,False,636,7,58,10,11,202,3.06,4.71
RCP00357,Pakistani Main Course Special 357,Pakistani,dinner,False,601,30,39,34,11,717,5.04,13.14
RCP00358,Chicken Tikka,Pakistani,morning_snack,False,425,48,38,35,3,1040,5.22,16.94
RCP00359,Pakistani Main Course Special 359,Pakistani,dinner,False,215,49,57,36,9,1247,5.58,5.86
RCP00360,Paya,Pakistani,dinner,False,564,7,77,24,6,563,6.12,20.38
RCP00361,Pakistani Main Course Special 361,Pakistani,dinner,False,580,41,73,19,8,1048,6.84,9.74
RCP00362,Dal Makhani,Pakistani,dinner,False,549,28,75,35,9,648,6.66,18.97
RCP00363,Pakistani Main Course Special 363,Pakistani,dinner,False,431,25,49,31,8,1275,7.02,23.55
RCP00364,Pakistani Main Course Special 364,Pakistani,dinner,False,649,31,34,27,10,491,2.88,16.29
RCP00365,Aloo Gosht,Pakistani,dinner,False,761,29,54,23,8,1423,5.76,13.98
RCP00366,Sajji,Pakistani,dinner,False,584,43,33,22,14,531,5.22,11.63
RCP00367,Dal Makhani,Pakistani,dinner,False,412,49,74,25,3,1410,4.32,21.64
RCP00368,Sindhi Biryani,Pakistani,dinner,False,650,25,59,37,9,897,1.98,4.43
RCP00369,Nihari,Pakistani,dinner,False,185,35,66,39,8,1403,6.48,19.52
RCP00370,Pakistani Main Course Special 370,Pakistani,dinner,False,370,40,31,34,2,415,2.88,9.4
RCP00371,Lahori Chargha,Pakistani,dinner,False,364,15,69,14,11,956,5.4,22.43
RCP00372,Dal Makhani,Pakistani,dinner,False,746,21,45,36,10,412,6.66,23.13
RCP00373,Karahi,Pakistani,dinner,False,351,21,39,21,2,348,3.96,21.3
RCP00374,Pakistani Main Course Special 374,Pakistani,dinner,True,765,12,50,25,6,321,2.88,5.22
RCP00375,Pakistani Main Course Special 375,Pakistani,dinner,False,220,40,73,34,5,1448,6.12,3.04
RCP00376,Pakistani Main Course Special 376,Pakistani,dinner,False,340,49,41,15,9,1024,5.04,13.2
RCP00377,Chapli Kabab,Pakistani,morning_snack,False,465,40,79,24,4,857,5.94,11.11
RCP00378,Paya,Pakistani,dinner,False,618,27,54,27,10,1203,4.14,19.88
RCP00379,Seekh Kabab,Pakistani,morning_snack,False,387,31,43,39,14,575,4.32,22.86
RCP00380,Aloo Gosht,Pakistani,dinner,False,497,24,50,25,4,1350,3.06,5.34
RCP00381,Aloo Gosht,Pakistani,dinner,False,289,5,43,11,2,222,7.02,23.48
RCP00382,Karahi,Pakistani,dinner,False,351,31,61,23,2,368,6.66,3.4
RCP00383,Haleem,Pakistani,dinner,False,210,36,72,30,4,534,3.24,16.72
RCP00384,Lahori Chargha,Pakistani,dinner,False,501,46,59,33,13,1010,5.76,15.77
RCP00385,Sajji,Pakistani,dinner,False,525,36,76,27,13,1300,4.14,11.0
RCP00386,Karahi,Pakistani,dinner,False,348,12,46,29,11,807,6.84,7.64
RCP00387,Lahori Chargha,Pakistani,dinner,False,749,47,31,30,14,1426,3.42,23.65
RCP00388,Lahori Chargha,Pakistani,dinner,False,348,17,78,18,11,1055,2.52,17.35
RCP00389,Pakistani Main Course Special 389,Pakistani,dinner,False,550,46,43,15,6,558,6.3,21.36
RCP00390,Pakistani Main Course Special 390,Pakistani,dinner,False,413,43,49,23,7,613,5.76,13.14
RCP00391,Korma,Pakistani,dinner,False,392,18,74,11,3,1041,4.86,13.38
RCP00392,Korma,Pakistani,dinner,False,578,41,50,16,8,1150,3.96,20.5
RCP00393,Dal Makhani,Pakistani,dinner,True,729,19,56,29,12,1299,3.6,6.22
RCP00394,Seekh Kabab,Pakistani,morning_snack,False,415,21,33,19,13,783,3.06,16.35
RCP00395,Pakistani Main Course Special 395,Pakistani,dinner,True,593,7,65,21,7,611,5.58,16.88
RCP00396,Palak Paneer,Pakistani,dinner,False,610,28,79,39,11,642,3.6,13.56
RCP00397,Sajji,Pakistani,dinner,False,735,34,70,16,8,775,3.78,3.03
RCP00398,Sindhi Biryani,Pakistani,dinner,False,261,6,73,20,12,800,3.24,20.37
RCP00399,Dal Makhani,Pakistani,dinner,False,702,25,79,23,8,901,4.68,24.23
RCP00400,Pakistani Main Course Special 400,Pakistani,dinner,False,223,35,51,30,8,1179,4.14,3.34
RCP00401,Pakistani Main Course Special 401,Pakistani,dinner,False,653,37,47,26,4,1065,6.84,3.54
RCP00402,Karahi,Pakistani,dinner,False,473,19,43,29,9,415,3.06,19.86
RCP00403,Pakistani Main Course Special 403,Pakistani,dinner,True,388,16,68,28,13,924,4.32,16.41
RCP00404,Chapli Kabab,Pakistani,morning_snack,False,423,18,54,16,10,1282,6.48,13.71
RCP00405,Chapli Kabab,Pakistani,morning_snack,False,546,13,64,19,12,1456,5.94,23.73
RCP00406,Dal Makhani,Pakistani,dinner,False,677,20,45,28,14,983,7.02,12.88
RCP00407,Pakistani Main Course Special 407,Pakistani,dinner,False,569,36,64,33,9,1397,3.42,2.77
RCP00408,Pakistani Main Course Special 408,Pakistani,dinner,False,600,11,77,23,9,551,5.4,14.57
RCP00409,Dal Makhani,Pakistani,dinner,True,263,6,33,13,9,1135,6.66,9.4
RCP00410,Pakistani Main Course Special 410,Pakistani,dinner,False,410,47,67,19,11,1172,2.34,14.38
RCP00411,Aloo Gosht,Pakistani,dinner,False,779,31,51,26,5,1015,2.7,11.08
RCP00412,Lahori Chargha,Pakistani,dinner,False,755,16,45,26,7,1492,4.68,7.42
RCP00413,Aloo Gosht,Pakistani,dinner,False,256,34,31,18,8,251,4.32,17.97
RCP00414,Paya,Pakistani,dinner,False,343,14,44,20,11,1332,2.52,5.44
RCP00415,Pakistani Main Course Special 415,Pakistani,dinner,False,199,42,43,20,2,1497,6.12,24.82
RCP00416,Pakistani Main Course Special 416,Pakistani,dinner,False,656,41,46,20,9,1246,6.12,3.44
RCP00417,Karahi,Pakistani,dinner,False,387,14,70,22,4,329,4.86,4.8
RCP00418,Paya,Pakistani,dinner,False,630,29,65,19,14,836,4.14,15.84
RCP00419,Nihari,Pakistani,dinner,False,157,30,61,27,6,257,3.96,23.67
RCP00420,Nihari,Pakistani,dinner,False,475,31,46,18,12,519,3.96,15.58
RCP00421,Seekh Kabab,Pakistani,morning_snack,False,365,40,44,19,12,1348,5.76,7.07
RCP00422,Paya,Pakistani,dinner,False,493,27,79,34,13,546,5.4,22.22
RCP00423,Pakistani Main Course Special 423,Pakistani,dinner,False,689,26,52,39,13,989,2.88,8.16
RCP00424,Pakistani Main Course Special 424,Pakistani,dinner,False,245,36,44,21,12,1443,6.66,13.98
RCP00425,Aloo Gosht,Pakistani,dinner,False,245,13,76,14,13,201,6.84,14.31
RCP00426,Dal Makhani,Pakistani,dinner,False,376,31,77,27,4,448,2.88,18.41
RCP00427,Korma,Pakistani,dinner,False,605,45,76,35,7,913,6.48,21.11
RCP00428,Pakistani Main Course Special 428,Pakistani,dinner,False,639,48,55,23,7,1099,4.5,24.57
RCP00429,Sindhi Biryani,Pakistani,dinner,False,282,38,77,23,8,1465,3.24,4.13
RCP00430,Biryani,Pakistani,dinner,False,581,31,49,18,10,320,7.02,20.02
RCP00431,Pakistani Main Course Special 431,Pakistani,dinner,False,568,32,68,22,14,370,4.68,12.55
RCP00432,Pakistani Main Course Special 432,Pakistani,dinner,False,535,41,69,24,7,1472,1.98,24.84
RCP00433,Paya,Pakistani,dinner,False,631,30,47,35,4,974,3.78,22.56
RCP00434,Sindhi Biryani,Pakistani,dinner,True,618,7,42,28,8,992,4.5,2.93
RCP00435,Paya,Pakistani,dinner,False,152,13,60,16,5,1135,5.04,10.62
RCP00436,Sindhi Biryani,Pakistani,dinner,False,387,24,32,19,6,662,6.48,11.99
RCP00437,Pakistani Main Course Special 437,Pakistani,dinner,True,635,6,54,12,2,1222,6.48,23.36
RCP00438,Chapli Kabab,Pakistani,morning_snack,False,548,49,33,18,14,1386,4.68,13.36
RCP00439,Pakistani Main Course Special 439,Pakistani,dinner,False,277,17,69,12,14,771,6.66,5.61
RCP00440,Aloo Gosht,Pakistani,dinner,False,242,46,67,15,11,679,1.8,23.62
RCP00441,Sajji,Pakistani,dinner,False,507,41,30,23,12,1262,2.88,5.65
RCP00442,Korma,Pakistani,dinner,False,415,28,41,15,8,387,5.94,11.76
RCP00443,Haleem,Pakistani,dinner,False,686,33,56,22,5,1431,2.34,2.84
RCP00444,Pakistani Main Course Special 444,Pakistani,dinner,False,342,35,37,30,6,867,6.48,19.18
RCP00445,Dal Makhani,Pakistani,dinner,True,555,9,58,11,6,589,3.06,12.0
RCP00446,Pakistani Main Course Special 446,Pakistani,dinner,False,706,39,71,33,2,528,3.6,6.16
RCP00447,Chicken Tikka,Pakistani,morning_snack,False,632,48,44,34,14,1419,6.84,18.1
RCP00448,Pakistani Main Course Special 448,Pakistani,dinner,False,717,11,70,11,10,796,6.3,17.77
RCP00449,Pakistani Main Course Special 449,Pakistani,dinner,True,304,12,49,17,3,232,1.98,21.97
RCP00450,Palak Paneer,Pakistani,dinner,False,343,35,78,35,12,490,7.02,22.13
RCP00451,Korma,Pakistani,dinner,False,596,36,48,18,6,1136,4.14,14.26
RCP00452,Korma,Pakistani,dinner,False,707,20,56,38,4,289,4.32,3.55
RCP00453,Lahori Chargha,Pakistani,dinner,False,720,23,48,36,10,249,3.96,3.69
RCP00454,Sajji,Pakistani,dinner,False,617,16,49,26,8,790,6.12,10.07
RCP00455,Dal Makhani,Pakistani,dinner,False,163,39,53,34,9,605,6.66,4.08
RCP00456,Pakistani Main Course Special 456,Pakistani,dinner,False,178,29,64,26,8,1380,7.02,5.44
RCP00457,Pakistani Main Course Special 457,Pakistani,dinner,False,256,42,38,21,2,1039,5.22,22.01
RCP00458,Pakistani Main Course Special 458,Pakistani,dinner,False,724,7,42,17,9,801,6.12,5.79
RCP00459,Seekh Kabab,Pakistani,morning_snack,False,764,28,36,30,11,442,6.3,4.91
RCP00460,Chicken Tikka,Pakistani,morning_snack,False,616,21,64,36,14,1080,2.16,10.1
RCP00461,Chicken Tikka,Pakistani,morning_snack,False,687,14,64,21,12,531,5.76,20.36
RCP00462,Aloo Gosht,Pakistani,dinner,False,391,38,76,39,2,556,2.7,6.03
RCP00463,Pakistani Main Course Special 463,Pakistani,dinner,False,689,41,66,18,3,1300,6.48,2.37
RCP00464,Paya,Pakistani,dinner,False,533,25,40,37,9,840,5.94,2.43
RCP00465,Pakistani Main Course Special 465,Pakistani,dinner,False,201,25,44,39,6,1408,6.48,17.82
RCP00466,Pakistani Main Course Special 466,Pakistani,dinner,False,202,27,59,31,14,1095,4.86,17.5
RCP00467,Pakistani Main Course Special 467,Pakistani,dinner,True,731,7,43,27,2,915,6.48,6.95
RCP00468,Lahori Chargha,Pakistani,dinner,False,229,19,34,18,5,1303,3.6,16.89
RCP00469,Palak Paneer,Pakistani,dinner,False,409,27,44,38,11,991,1.8,21.34
RCP00470,Karahi,Pakistani,dinner,False,772,22,79,33,9,364,2.52,12.15
RCP00471,Seekh Kabab,Pakistani,morning_snack,False,768,48,76,32,2,1396,5.58,21.88
RCP00472,Pakistani Main Course Special 472,Pakistani,dinner,False,680,49,74,21,13,543,3.42,20.54
RCP00473,Dal Makhani,Pakistani,dinner,True,698,14,67,18,6,1205,7.02,23.46
RCP00474,Pakistani Main Course Special 474,Pakistani,dinner,True,763,18,45,18,7,1086,4.5,6.73
RCP00475,Paya,Pakistani,dinner,False,552,35,35,20,14,718,3.06,2.78
RCP00476,Korma,Pakistani,dinner,False,339,35,47,20,3,1204,2.88,12.07
RCP00477,Pakistani Main Course Special 477,Pakistani,dinner,False,469,45,51,36,13,886,5.94,11.94
RCP00478,Chapli Kabab,Pakistani,morning_snack,False,686,8,79,22,3,1346,2.88,24.68
RCP00479,Paya,Pakistani,dinner,False,551,22,64,39,8,213,6.66,6.79
RCP00480,Haleem,Pakistani,dinner,False,283,47,41,37,11,957,6.48,15.98
RCP00481,Palak Paneer,Pakistani,dinner,False,719,27,79,21,3,1317,3.6,6.87
RCP00482,Pakistani Main Course Special 482,Pakistani,dinner,False,323,5,43,26,7,1367,2.88,3.57
RCP00483,Lahori Chargha,Pakistani,dinner,False,490,35,76,30,12,836,2.88,5.04
RCP00484,Chicken Tikka,Pakistani,morning_snack,False,509,32,78,26,5,1491,5.94,15.45
RCP00485,Karahi,Pakistani,dinner,False,375,47,55,26,2,1212,4.86,5.31
RCP00486,Biryani,Pakistani,dinner,False,591,24,68,30,5,1082,4.86,13.65
RCP00487,Dal Makhani,Pakistani,dinner,False,285,40,40,29,11,807,3.24,16.84
RCP00488,Pakistani Main Course Special 488,Pakistani,dinner,False,399,42,37,21,4,243,2.7,18.7
RCP00489,Seekh Kabab,Pakistani,morning_snack,False,780,10,39,23,14,608,2.88,5.11
RCP00490,Chicken Tikka,Pakistani,morning_snack,False,542,15,37,16,14,736,6.3,14.93
RCP00491,Chicken Tikka,Pakistani,morning_snack,False,780,45,73,19,13,1188,4.32,23.04
RCP00492,Sindhi Biryani,Pakistani,dinner,True,395,17,62,12,2,432,5.76,25.0
RCP00493,Korma,Pakistani,dinner,False,658,17,73,15,10,861,4.5,7.2
RCP00494,Aloo Gosht,Pakistani,dinner,False,545,32,55,19,12,1415,4.14,13.33
RCP00495,Pakistani Main Course Special 495,Pakistani,dinner,False,309,36,57,37,5,1228,2.34,2.68
RCP00496,Haleem,Pakistani,dinner,False,432,44,54,35,13,1373,2.52,3.89
RCP00497,Sajji,Pakistani,dinner,False,338,24,66,36,11,1040,1.8,14.28
RCP00498,Pakistani Main Course Special 498,Pakistani,dinner,True,402,8,58,23,2,1296,2.16,21.6
RCP00499,Pakistani Main Course Special 499,Pakistani,dinner,False,535,37,78,35,10,321,6.3,4.44
RCP00500,Pakistani Main Course Special 500,Pakistani,dinner,False,585,24,74,39,14,1150,3.06,2.56
RCP00501,Chapli Kabab,Pakistani,morning_snack,False,446,31,33,26,10,606,4.5,14.48
RCP00502,Palak Paneer,Pakistani,dinner,False,512,17,77,20,14,823,3.06,24.37
RCP00503,Seekh Kabab,Pakistani,morning_snack,False,206,45,57,33,2,987,2.52,24.17
RCP00504,Pakistani Appetizers Special 4,Pakistani,morning_snack,False,483,38,60,38,14,420,7.02,22.39
RCP00505,Sindhi Biryani,Pakistani,dinner,False,471,25,48,15,5,1200,2.7,16.58
RCP00506,Paya,Pakistani,dinner,False,507,9,38,14,13,995,1.98,19.49
RCP00507,Sajji,Pakistani,dinner,False,176,48,45,26,14,400,6.48,21.11
RCP00508,Karahi,Pakistani,dinner,False,591,26,32,35,10,946,5.94,19.35
RCP00509,Chapli Kabab,Pakistani,morning_snack,False,646,23,33,16,3,739,2.88,3.55
RCP00510,Karahi,Pakistani,dinner,False,660,20,54,29,8,1026,5.94,17.56
RCP00511,Pakistani Appetizers Special 11,Pakistani,morning_snack,False,239,27,54,31,12,732,5.76,24.92
RCP00512,Aloo Gosht,Pakistani,dinner,False,272,20,42,21,10,974,4.86,20.02
RCP00513,Haleem,Pakistani,dinner,False,783,10,61,25,9,1088,3.78,10.59
RCP00514,Sajji,Pakistani,dinner,False,154,39,35,15,14,863,3.42,17.8
RCP00515,Lahori Chargha,Pakistani,dinner,False,544,26,34,24,11,748,3.6,10.74
RCP00516,Sindhi Biryani,Pakistani,dinner,True,634,15,64,21,3,565,3.42,14.1
RCP00517,Pakistani Appetizers Special 17,Pakistani,morning_snack,False,378,39,40,30,9,1463,6.12,17.2
RCP00518,Lahori Chargha,Pakistani,dinner,False,550,37,39,26,13,1163,4.5,17.43
RCP00519,Pakistani Appetizers Special 19,Pakistani,morning_snack,False,462,20,50,19,3,1083,5.58,8.31
RCP00520,Pakistani Appetizers Special 20,Pakistani,morning_snack,False,230,22,66,34,5,1414,6.48,10.0
RCP00521,Pakistani Appetizers Special 21,Pakistani,morning_snack,False,153,40,60,28,6,267,6.3,22.7
RCP00522,Pakistani Appetizers Special 22,Pakistani,morning_snack,False,466,36,65,37,11,1029,5.22,12.91
RCP00523,Pakistani Appetizers Special 23,Pakistani,morning_snack,False,648,30,59,19,3,549,5.22,10.01
RCP00524,Karahi,Pakistani,dinner,False,584,33,53,37,14,586,3.24,9.23
RCP00525,Karahi,Pakistani,dinner,False,707,30,30,15,14,622,4.14,16.22
RCP00526,Pakistani Appetizers Special 26,Pakistani,morning_snack,True,319,14,62,19,5,626,6.3,18.3
RCP00527,Pakistani Appetizers Special 27,Pakistani,morning_snack,False,457,25,54,29,2,1255,2.34,16.95
RCP00528,Seekh Kabab,Pakistani,morning_snack,False,706,31,70,28,12,715,2.34,14.04
RCP00529,Pakistani Appetizers Special 29,Pakistani,morning_snack,False,290,20,77,26,2,939,3.6,11.51
RCP00530,Aloo Gosht,Pakistani,dinner,False,459,34,54,23,14,715,3.96,19.13
RCP00531,Palak Paneer,Pakistani,dinner,False,331,43,65,24,2,1453,7.02,9.17
RCP00532,Pakistani Appetizers Special 32,Pakistani,morning_snack,False,770,31,70,16,4,295,5.04,12.92
RCP00533,Karahi,Pakistani,dinner,False,171,27,66,33,13,1178,5.58,9.22
RCP00534,Karahi,Pakistani,dinner,False,167,13,59,29,3,509,5.76,17.21
RCP00535,Dal Makhani,Pakistani,dinner,False,209,23,53,28,5,348,2.52,22.12
RCP00536,Seekh Kabab,Pakistani,morning_snack,False,301,42,60,19,6,1309,5.94,20.9
RCP00537,Sindhi Biryani,Pakistani,dinner,False,378,27,33,26,6,261,3.78,17.47
RCP00538,Chicken Tikka,Pakistani,morning_snack,False,771,13,37,16,13,1194,4.5,22.43
RCP00539,Pakistani Appetizers Special 39,Pakistani,morning_snack,True,459,12,46,26,9,1175,3.42,9.33
RCP00540,Palak Paneer,Pakistani,dinner,False,498,30,64,17,8,225,5.94,11.11
RCP00541,Seekh Kabab,Pakistani,morning_snack,False,303,41,72,36,8,691,4.86,17.17
RCP00542,Seekh Kabab,Pakistani,morning_snack,False,304,5,43,20,14,325,2.16,10.31
RCP00543,Pakistani Appetizers Special 43,Pakistani,morning_snack,False,660,39,69,19,6,970,2.7,24.08
RCP00544,Karahi,Pakistani,dinner,False,515,22,54,15,8,278,6.66,11.12
RCP00545,Haleem,Pakistani,dinner,False,626,16,52,22,6,635,4.68,8.7
RCP00546,Palak Paneer,Pakistani,dinner,True,643,11,32,13,10,382,1.98,2.55
RCP00547,Karahi,Pakistani,dinner,False,501,36,66,36,13,676,4.32,11.62
RCP00548,Pakistani Appetizers Special 48,Pakistani,morning_snack,False,549,22,78,25,8,259,2.52,13.37
RCP00549,Pakistani Appetizers Special 49,Pakistani,morning_snack,False,347,25,62,27,7,1399,6.66,9.9
RCP00550,Pakistani Appetizers Special 50,Pakistani,morning_snack,False,732,36,61,37,5,696,5.04,23.77
RCP00551,Sajji,Pakistani,dinner,False,522,48,33,37,3,419,3.96,11.37
RCP00552,Karahi,Pakistani,dinner,False,576,17,61,22,10,1056,4.14,4.49
RCP00553,Pakistani Appetizers Special 53,Pakistani,morning_snack,False,397,30,78,24,8,986,7.02,9.25
RCP00554,Chicken Tikka,Pakistani,morning_snack,False,168,49,34,16,14,240,3.78,2.32
RCP00555,Pakistani Appetizers Special 55,Pakistani,morning_snack,True,281,9,43,27,6,1004,3.96,13.59
RCP00556,Pakistani Appetizers Special 56,Pakistani,morning_snack,False,228,32,75,19,2,923,5.4,3.87
RCP00557,Palak Paneer,Pakistani,dinner,False,375,20,48,35,12,1273,4.86,21.12
RCP00558,Palak Paneer,Pakistani,dinner,False,684,8,70,16,13,378,5.94,21.13
RCP00559,Pakistani Appetizers Special 59,Pakistani,morning_snack,False,661,35,36,35,9,1181,5.04,10.02
RCP00560,Pakistani Appetizers Special 60,Pakistani,morning_snack,True,256,18,42,12,6,851,4.32,12.21
RCP00561,Palak Paneer,Pakistani,dinner,True,366,5,62,22,4,437,5.22,2.39
RCP00562,Biryani,Pakistani,dinner,False,443,34,50,33,3,851,1.98,7.01
RCP00563,Chicken Tikka,Pakistani,morning_snack,False,296,13,65,15,3,1153,4.5,3.66
RCP00564,Pakistani Appetizers Special 64,Pakistani,morning_snack,False,589,49,44,29,2,215,2.16,6.43
RCP00565,Pakistani Appetizers Special 65,Pakistani,morning_snack,False,594,39,55,15,9,1419,4.32,6.16
RCP00566,Karahi,Pakistani,dinner,False,621,30,43,25,12,422,5.76,5.42
RCP00567,Haleem,Pakistani,dinner,False,194,22,73,26,11,668,2.7,4.04
RCP00568,Chicken Tikka,Pakistani,morning_snack,False,203,45,34,39,2,1011,2.88,17.44
RCP00569,Chapli Kabab,Pakistani,morning_snack,False,186,38,56,34,4,842,4.32,19.62
RCP00570,Aloo Gosht,Pakistani,dinner,False,332,49,58,16,12,515,5.22,8.0
RCP00571,Chapli Kabab,Pakistani,morning_snack,False,727,48,36,30,3,1352,6.48,7.05
RCP00572,Palak Paneer,Pakistani,dinner,False,236,49,33,24,13,1340,3.6,16.56
RCP00573,Aloo Gosht,Pakistani,dinner,False,706,39,38,30,11,1367,3.6,10.49
RCP00574,Seekh Kabab,Pakistani,morning_snack,False,718,38,32,32,5,228,5.76,24.16
RCP00575,Chicken Tikka,Pakistani,morning_snack,False,221,38,32,38,13,1304,7.02,20.8
RCP00576,Chapli Kabab,Pakistani,morning_snack,False,172,29,63,17,2,1253,6.12,3.7
RCP00577,Pakistani Appetizers Special 77,Pakistani,morning_snack,False,320,6,78,15,14,779,5.4,8.55
RCP00578,Lahori Chargha,Pakistani,dinner,False,582,35,60,15,14,757,2.16,23.74
RCP00579,Aloo Gosht,Pakistani,dinner,False,216,43,69,26,14,270,5.76,24.32
RCP00580,Aloo Gosht,Pakistani,dinner,False,168,40,44,21,3,472,5.94,6.87
RCP00581,Chapli Kabab,Pakistani,morning_snack,False,482,46,53,15,6,405,3.6,16.21
RCP00582,Pakistani Appetizers Special 82,Pakistani,morning_snack,False,423,40,67,35,6,455,6.12,23.29
RCP00583,Karahi,Pakistani,dinner,False,676,18,30,21,14,585,4.32,3.57
RCP00584,Seekh Kabab,Pakistani,morning_snack,False,695,34,75,33,2,254,3.42,18.82
RCP00585,Pakistani Appetizers Special 85,Pakistani,morning_snack,False,156,25,52,29,14,1274,4.68,17.08
RCP00586,Lahori Chargha,Pakistani,dinner,False,751,11,51,11,7,507,4.86,11.11
RCP00587,Korma,Pakistani,dinner,False,307,34,56,19,3,328,5.22,24.28
RCP00588,Seekh Kabab,Pakistani,morning_snack,False,558,19,35,11,7,1080,4.68,2.15
RCP00589,Karahi,Pakistani,dinner,False,758,39,57,26,2,359,2.7,18.32
RCP00590,Sindhi Biryani,Pakistani,dinner,False,318,42,69,19,13,1006,5.22,23.18
RCP00591,Dal Makhani,Pakistani,dinner,False,302,42,45,39,4,416,4.86,2.06
RCP00592,Nihari,Pakistani,dinner,False,292,47,32,25,8,608,2.52,17.49
RCP00593,Pakistani Appetizers Special 93,Pakistani,morning_snack,False,657,43,62,25,4,831,3.42,22.6
RCP00594,Haleem,Pakistani,dinner,False,622,9,34,24,7,591,5.58,5.96
RCP00595,Sindhi Biryani,Pakistani,dinner,False,593,31,39,18,2,207,7.02,5.07
RCP00596,Aloo Gosht,Pakistani,dinner,False,155,42,71,38,13,962,4.86,4.32
RCP00597,Pakistani Appetizers Special 97,Pakistani,morning_snack,False,474,31,75,24,11,303,3.42,9.0
RCP00598,Sajji,Pakistani,dinner,False,248,19,55,21,6,1316,6.84,24.27
RCP00599,Pakistani Appetizers Special 99,Pakistani,morning_snack,True,689,8,61,27,4,672,1.8,24.05
RCP00600,Pakistani Appetizers Special 100,Pakistani,morning_snack,False,306,12,48,25,12,551,3.96,10.9
RCP00601,Palak Paneer,Pakistani,dinner,False,365,21,45,19,11,810,6.48,18.45
RCP00602,Chapli Kabab,Pakistani,morning_snack,False,417,29,77,32,4,1297,1.8,10.66
RCP00603,Sajji,Pakistani,dinner,False,370,30,73,34,7,611,3.24,7.41
RCP00604,Biryani,Pakistani,dinner,False,188,42,52,29,11,1395,5.4,2.99
RCP00605,Pakistani Appetizers Special 105,Pakistani,morning_snack,False,235,21,69,27,14,800,4.32,11.09
RCP00606,Pakistani Appetizers Special 106,Pakistani,morning_snack,False,348,37,64,20,11,583,1.8,2.66
RCP00607,Paya,Pakistani,dinner,False,469,17,52,22,9,477,4.68,14.64
RCP00608,Pakistani Appetizers Special 108,Pakistani,morning_snack,True,490,18,55,20,9,1463,3.6,6.11
RCP00609,Aloo Gosht,Pakistani,dinner,False,379,34,72,36,11,557,4.14,23.03
RCP00610,Sindhi Biryani,Pakistani,dinner,True,550,12,48,14,14,1040,6.48,8.85
RCP00611,Dal Makhani,Pakistani,dinner,False,781,22,35,38,8,377,5.76,13.69
RCP00612,Sajji,Pakistani,dinner,False,426,21,36,20,2,382,3.06,16.4
RCP00613,Sindhi Biryani,Pakistani,dinner,False,787,47,79,35,3,1333,2.52,16.14
RCP00614,Aloo Gosht,Pakistani,dinner,False,460,22,42,20,14,1256,3.42,22.48
RCP00615,Karahi,Pakistani,dinner,False,789,37,45,38,11,1384,6.3,13.76
RCP00616,Seekh Kabab,Pakistani,morning_snack,False,156,44,69,26,10,1056,5.94,13.39
RCP00617,Pakistani Appetizers Special 117,Pakistani,morning_snack,False,525,12,56,22,10,1332,5.04,20.37
RCP00618,Karahi,Pakistani,dinner,False,355,13,45,24,11,1292,4.5,16.42
RCP00619,Haleem,Pakistani,dinner,False,394,47,43,16,13,1253,5.76,2.87
RCP00620,Haleem,Pakistani,dinner,False,307,43,48,18,10,1151,6.66,10.95
RCP00621,Korma,Pakistani,dinner,False,517,10,64,20,9,659,5.76,5.6
RCP00622,Korma,Pakistani,dinner,False,508,12,34,26,8,714,6.84,5.55
RCP00623,Nihari,Pakistani,dinner,False,555,27,71,24,11,492,5.22,12.2
RCP00624,Haleem,Pakistani,dinner,False,723,13,61,24,7,270,4.32,11.38
RCP00625,Biryani,Pakistani,dinner,False,539,42,60,19,5,1327,1.8,4.21
RCP00626,Pakistani Appetizers Special 126,Pakistani,morning_snack,False,257,29,48,17,3,703,2.34,24.04
RCP00627,Pakistani Appetizers Special 127,Pakistani,morning_snack,False,177,30,58,18,12,424,5.4,14.49
RCP00628,Palak Paneer,Pakistani,dinner,False,670,44,39,25,2,285,1.8,12.25
RCP00629,Pakistani Appetizers Special 129,Pakistani,morning_snack,False,607,21,59,27,3,468,3.24,13.21
RCP00630,Chicken Tikka,Pakistani,morning_snack,False,681,38,47,15,14,406,2.52,13.82
RCP00631,Karahi,Pakistani,dinner,False,521,40,49,21,8,1229,2.7,2.77
RCP00632,Nihari,Pakistani,dinner,False,393,45,32,36,4,216,3.78,11.34
RCP00633,Pakistani Appetizers Special 133,Pakistani,morning_snack,True,796,5,50,11,7,380,5.76,3.35
RCP00634,Korma,Pakistani,dinner,False,654,24,44,27,10,596,1.98,20.99
RCP00635,Seekh Kabab,Pakistani,morning_snack,False,574,9,70,28,4,954,6.66,22.79
RCP00636,Aloo Gosht,Pakistani,dinner,False,695,40,64,28,6,852,3.6,8.77
RCP00637,Chapli Kabab,Pakistani,morning_snack,False,410,10,41,19,9,1270,6.12,23.31
RCP00638,Korma,Pakistani,dinner,False,416,42,50,29,4,492,6.12,21.19
RCP00639,Sajji,Pakistani,dinner,False,696,19,39,18,3,217,4.68,17.12
RCP00640,Biryani,Pakistani,dinner,False,676,20,62,21,12,247,2.7,15.59
RCP00641,Pakistani Appetizers Special 141,Pakistani,morning_snack,False,392,43,66,34,12,1161,4.86,6.05
RCP00642,Seekh Kabab,Pakistani,morning_snack,False,230,11,35,12,14,780,6.12,11.61
RCP00643,Karahi,Pakistani,dinner,False,307,10,71,14,3,1495,2.88,17.76
RCP00644,Biryani,Pakistani,dinner,False,538,28,50,34,3,923,4.32,17.07
RCP00645,Seekh Kabab,Pakistani,morning_snack,False,705,21,52,27,11,1231,2.88,8.9
RCP00646,Sindhi Biryani,Pakistani,dinner,False,200,20,45,18,14,1249,1.98,13.32
RCP00647,Sindhi Biryani,Pakistani,dinner,False,284,45,51,30,8,803,5.94,14.59
RCP00648,Pakistani Appetizers Special 148,Pakistani,morning_snack,True,335,17,57,18,11,1254,4.5,9.7
RCP00649,Pakistani Appetizers Special 149,Pakistani,morning_snack,False,364,24,34,18,3,531,3.6,3.32
RCP00650,Pakistani Appetizers Special 150,Pakistani,morning_snack,False,419,28,65,33,3,366,3.6,24.71
RCP00651,Dal Makhani,Pakistani,dinner,False,209,30,75,32,8,491,3.06,11.1
RCP00652,Aloo Gosht,Pakistani,dinner,False,454,45,47,25,14,1171,3.06,9.27
RCP00653,Chicken Tikka,Pakistani,morning_snack,False,586,22,48,37,11,225,6.12,22.71
RCP00654,Palak Paneer,Pakistani,dinner,True,216,10,54,12,13,721,3.42,21.18
RCP00655,Paya,Pakistani,dinner,False,222,41,34,38,6,1453,6.84,23.38
RCP00656,Korma,Pakistani,dinner,False,659,28,50,25,10,1298,2.16,8.61
RCP00657,Pakistani Appetizers Special 157,Pakistani,morning_snack,False,295,32,42,29,3,378,4.68,19.54
RCP00658,Lahori Chargha,Pakistani,dinner,False,179,6,46,27,14,1073,3.78,20.64
RCP00659,Seekh Kabab,Pakistani,morning_snack,False,189,30,72,28,14,1114,2.34,14.34
RCP00660,Pakistani Appetizers Special 160,Pakistani,morning_snack,False,242,34,37,15,6,613,3.6,16.96
RCP00661,Paya,Pakistani,dinner,False,527,40,66,22,4,1332,2.88,5.49
RCP00662,Nihari,Pakistani,dinner,False,791,42,64,19,4,722,2.52,3.35
RCP00663,Dal Makhani,Pakistani,dinner,False,272,15,48,15,8,1064,2.34,10.11
RCP00664,Sindhi Biryani,Pakistani,dinner,True,468,16,62,29,9,1122,5.4,13.28
RCP00665,Palak Paneer,Pakistani,dinner,False,439,27,50,32,2,245,3.6,11.5
RCP00666,Pakistani Appetizers Special 166,Pakistani,morning_snack,False,768,22,74,19,14,918,1.98,23.71
RCP00667,Sajji,Pakistani,dinner,False,215,37,63,39,4,410,5.94,16.7
RCP00668,Sajji,Pakistani,dinner,False,664,21,31,17,10,275,1.98,23.08
RCP00669,Seekh Kabab,Pakistani,morning_snack,False,163,32,34,38,7,502,3.42,23.91
RCP00670,Chapli Kabab,Pakistani,morning_snack,False,595,36,43,19,3,1497,6.12,18.12
RCP00671,Chapli Kabab,Pakistani,morning_snack,False,481,29,53,33,10,405,2.52,5.46
RCP00672,Korma,Pakistani,dinner,False,240,42,72,25,12,1102,5.58,20.21
RCP00673,Pakistani Appetizers Special 173,Pakistani,morning_snack,False,296,33,65,37,10,769,5.94,7.54
RCP00674,Karahi,Pakistani,dinner,False,321,19,77,29,8,548,3.6,23.51
RCP00675,Lahori Chargha,Pakistani,dinner,False,523,15,72,12,2,457,2.7,24.55
RCP00676,Lahori Chargha,Pakistani,dinner,False,380,48,48,33,7,1495,3.96,2.88
RCP00677,Biryani,Pakistani,dinner,False,708,43,44,15,4,218,5.04,2.09
RCP00678,Haleem,Pakistani,dinner,False,220,6,33,27,8,373,5.58,20.69
RCP00679,Paya,Pakistani,dinner,False,399,37,70,19,4,456,7.02,5.55
RCP00680,Pakistani Appetizers Special 180,Pakistani,morning_snack,False,756,44,70,31,3,822,3.6,24.57
RCP00681,Palak Paneer,Pakistani,dinner,False,239,13,37,11,11,1355,4.5,19.22
RCP00682,Pakistani Appetizers Special 182,Pakistani,morning_snack,False,495,5,79,21,11,1194,7.02,20.64
RCP00683,Biryani,Pakistani,dinner,True,790,5,60,10,3,1011,6.48,21.2
RCP00684,Karahi,Pakistani,dinner,False,405,12,48,21,5,874,2.88,14.79
RCP00685,Pakistani Appetizers Special 185,Pakistani,morning_snack,False,739,44,39,20,10,342,3.42,3.48
RCP00686,Pakistani Appetizers Special 186,Pakistani,morning_snack,False,391,36,43,26,5,1282,3.78,17.08
RCP00687,Karahi,Pakistani,dinner,False,288,20,70,31,10,1031,6.66,20.12
RCP00688,Chicken Tikka,Pakistani,morning_snack,False,290,48,52,18,13,1302,6.66,16.59
RCP00689,Nihari,Pakistani,dinner,False,559,36,76,35,14,1136,4.5,23.74
RCP00690,Korma,Pakistani,dinner,False,649,13,59,27,7,1231,4.5,4.74
RCP00691,Pakistani Appetizers Special 191,Pakistani,morning_snack,True,673,15,43,19,3,1108,6.12,7.49
RCP00692,Chapli Kabab,Pakistani,morning_snack,False,658,9,33,10,14,1133,5.58,10.54
RCP00693,Palak Paneer,Pakistani,dinner,True,669,5,76,26,4,653,3.96,14.3
RCP00694,Dal Makhani,Pakistani,dinner,False,485,27,30,38,4,772,3.24,14.36
RCP00695,Sindhi Biryani,Pakistani,dinner,True,469,19,46,15,4,383,6.3,19.85
RCP00696,Pakistani Appetizers Special 196,Pakistani,morning_snack,False,531,40,40,36,12,341,6.48,13.93
RCP00697,Pakistani Appetizers Special 197,Pakistani,morning_snack,False,704,43,38,29,14,1491,3.96,23.26
RCP00698,Pakistani Appetizers Special 198,Pakistani,morning_snack,False,479,28,36,26,11,1445,4.32,24.61
RCP00699,Korma,Pakistani,dinner,False,618,19,54,20,4,516,2.52,9.47
RCP00700,Haleem,Pakistani,dinner,False,368,19,65,22,4,1313,2.52,18.54
RCP00701,Dal Makhani,Pakistani,dinner,False,206,46,42,25,3,1327,4.5,11.09
RCP00702,Nihari,Pakistani,dinner,False,545,41,67,29,7,1110,3.96,16.53
RCP00703,Pakistani Appetizers Special 203,Pakistani,morning_snack,False,639,30,78,30,13,831,5.04,13.58
RCP00704,Dal Makhani,Pakistani,dinner,False,549,45,76,29,12,702,6.84,21.47
RCP00705,Sajji,Pakistani,dinner,False,655,14,62,23,12,1156,4.14,19.52
RCP00706,Biryani,Pakistani,dinner,False,289,23,55,33,2,1224,6.12,2.74
RCP00707,Sindhi Biryani,Pakistani,dinner,False,220,26,77,38,2,417,6.3,15.68
RCP00708,Chapli Kabab,Pakistani,morning_snack,False,463,13,74,15,4,1457,3.42,11.47
RCP00709,Paya,Pakistani,dinner,False,199,36,33,27,7,588,6.48,2.83
RCP00710,Dal Makhani,Pakistani,dinner,False,156,49,65,39,11,650,6.12,6.4
RCP00711,Sajji,Pakistani,dinner,False,406,23,58,25,8,369,4.32,3.86
RCP00712,Haleem,Pakistani,dinner,False,652,12,60,16,8,1212,4.32,15.82
RCP00713,Sajji,Pakistani,dinner,False,410,36,77,34,13,508,5.22,11.99
RCP00714,Pakistani Appetizers Special 214,Pakistani,morning_snack,False,258,24,46,32,14,205,5.76,18.97
RCP00715,Pakistani Appetizers Special 215,Pakistani,morning_snack,False,755,5,33,16,2,297,2.88,5.73
RCP00716,Pakistani Appetizers Special 216,Pakistani,morning_snack,False,728,41,74,28,3,1132,5.94,15.23
RCP00717,Seekh Kabab,Pakistani,morning_snack,False,231,47,73,22,3,1050,4.68,11.46
RCP00718,Haleem,Pakistani,dinner,False,502,31,66,26,7,779,3.6,13.53
RCP00719,Pakistani Appetizers Special 219,Pakistani,morning_snack,True,796,17,39,23,5,766,4.5,17.61
RCP00720,Pakistani Appetizers Special 220,Pakistani,morning_snack,False,365,8,59,12,3,1050,3.6,17.5
RCP00721,Biryani,Pakistani,dinner,False,486,31,45,20,12,393,3.96,4.49
RCP00722,Chapli Kabab,Pakistani,morning_snack,False,199,49,64,25,12,410,5.76,4.85
RCP00723,Pakistani Appetizers Special 223,Pakistani,morning_snack,True,741,8,55,29,12,890,6.3,5.68
RCP00724,Nihari,Pakistani,dinner,False,464,39,77,19,4,1452,3.42,18.62
RCP00725,Karahi,Pakistani,dinner,False,631,20,32,36,7,1066,3.42,12.02
RCP00726,Paya,Pakistani,dinner,False,687,21,57,32,6,523,3.06,8.36
RCP00727,Haleem,Pakistani,dinner,False,260,44,50,17,9,1128,1.8,6.15
RCP00728,Sajji,Pakistani,dinner,False,589,7,62,13,5,1458,6.3,2.83
RCP00729,Paya,Pakistani,dinner,False,544,48,31,22,10,897,5.4,15.24
RCP00730,Pakistani Appetizers Special 230,Pakistani,morning_snack,False,420,32,56,18,4,848,5.04,13.28
RCP00731,Pakistani Appetizers Special 231,Pakistani,morning_snack,False,261,22,50,30,5,399,1.8,12.25
RCP00732,Pakistani Appetizers Special 232,Pakistani,morning_snack,False,229,40,56,28,4,222,5.94,21.45
RCP00733,Aloo Gosht,Pakistani,dinner,False,657,6,47,10,9,779,4.5,16.62
RCP00734,Palak Paneer,Pakistani,dinner,True,799,6,33,17,12,552,3.96,5.96
RCP00735,Paya,Pakistani,dinner,False,603,22,36,19,5,818,6.66,22.24
RCP00736,Seekh Kabab,Pakistani,morning_snack,False,191,45,51,21,6,1413,5.04,5.89
RCP00737,Pakistani Appetizers Special 237,Pakistani,morning_snack,False,735,41,61,15,7,339,3.24,17.47
RCP00738,Seekh Kabab,Pakistani,morning_snack,False,263,43,55,39,13,430,5.76,14.57
RCP00739,Sajji,Pakistani,dinner,False,251,34,41,28,8,1469,4.14,24.44
RCP00740,Chapli Kabab,Pakistani,morning_snack,False,626,44,31,25,6,359,2.16,21.69
RCP00741,Sajji,Pakistani,dinner,False,796,36,60,28,13,597,4.5,8.32
RCP00742,Haleem,Pakistani,dinner,False,621,31,33,19,13,965,7.02,3.54
RCP00743,Chapli Kabab,Pakistani,morning_snack,False,322,12,54,26,11,631,4.86,3.76
RCP00744,Pakistani Appetizers Special 244,Pakistani,morning_snack,True,682,9,74,18,5,538,5.04,3.55
RCP00745,Biryani,Pakistani,dinner,False,161,10,44,18,4,1167,4.5,19.71
RCP00746,Chicken Tikka,Pakistani,morning_snack,False,569,42,54,15,7,970,3.96,15.05
RCP00747,Nihari,Pakistani,dinner,False,653,5,64,23,12,882,2.16,13.07
RCP00748,Karahi,Pakistani,dinner,False,533,47,60,29,6,855,3.24,11.62
RCP00749,Haleem,Pakistani,dinner,False,396,42,42,26,4,1176,3.96,11.22
RCP00750,Pakistani Appetizers Special 250,Pakistani,morning_snack,False,600,22,43,37,5,901,2.88,4.56
RCP00751,Pakistani Appetizers Special 251,Pakistani,morning_snack,False,713,21,65,20,14,1189,5.94,19.92
RCP00752,Sindhi Biryani,Pakistani,dinner,False,216,24,30,15,12,1112,2.88,6.66
RCP00753,Pakistani Appetizers Special 253,Pakistani,morning_snack,True,268,6,60,22,6,1072,6.84,15.99
RCP00754,Sindhi Biryani,Pakistani,dinner,False,342,35,53,31,11,1239,6.3,2.66
RCP00755,Sindhi Biryani,Pakistani,dinner,False,569,46,37,37,11,201,5.4,23.73
RCP00756,Haleem,Pakistani,dinner,False,737,37,37,21,2,1142,6.12,23.89
RCP00757,Biryani,Pakistani,dinner,False,500,48,31,16,9,972,1.8,15.19
RCP00758,Pakistani Appetizers Special 258,Pakistani,morning_snack,False,529,40,78,17,7,431,5.22,18.64
RCP00759,Pakistani Appetizers Special 259,Pakistani,morning_snack,True,446,9,72,21,12,467,6.12,13.78
RCP00760,Pakistani Appetizers Special 260,Pakistani,morning_snack,False,698,32,71,24,10,1238,2.52,24.25
RCP00761,Pakistani Appetizers Special 261,Pakistani,morning_snack,False,345,42,34,39,6,315,6.66,15.67
RCP00762,Pakistani Appetizers Special 262,Pakistani,morning_snack,False,359,37,71,37,10,271,6.84,4.6
RCP00763,Sindhi Biryani,Pakistani,dinner,False,621,5,78,16,2,357,4.5,18.43
RCP00764,Pakistani Appetizers Special 264,Pakistani,morning_snack,False,449,45,46,33,3,523,3.6,20.28
RCP00765,Sajji,Pakistani,dinner,False,178,31,66,16,8,940,3.96,9.34
RCP00766,Sajji,Pakistani,dinner,False,439,46,65,28,12,377,3.24,16.42
RCP00767,Palak Paneer,Pakistani,dinner,False,491,12,43,16,13,993,5.22,14.97
RCP00768,Seekh Kabab,Pakistani,morning_snack,False,537,27,78,15,2,1007,5.76,7.82
RCP00769,Karahi,Pakistani,dinner,False,633,15,59,12,7,1442,3.42,9.61
RCP00770,Sajji,Pakistani,dinner,False,656,41,68,15,13,716,6.84,7.76
RCP00771,Haleem,Pakistani,dinner,False,244,40,77,15,12,818,6.84,20.41
RCP00772,Pakistani Appetizers Special 272,Pakistani,morning_snack,True,709,7,31,28,3,931,2.34,24.39
RCP00773,Korma,Pakistani,dinner,False,308,28,73,33,4,1215,3.96,11.75
RCP00774,Lahori Chargha,Pakistani,dinner,False,206,29,76,17,6,968,1.8,5.33
RCP00775,Seekh Kabab,Pakistani,morning_snack,False,498,46,39,28,10,1389,3.42,12.49
RCP00776,Pakistani Appetizers Special 276,Pakistani,morning_snack,True,233,13,44,23,10,985,2.52,20.88
RCP00777,Chicken Tikka,Pakistani,morning_snack,False,584,10,69,27,10,1105,3.78,10.91
RCP00778,Karahi,Pakistani,dinner,False,587,19,71,29,8,455,2.52,9.21
RCP00779,Lahori Chargha,Pakistani,dinner,False,762,36,31,25,4,1391,4.32,23.56
RCP00780,Pakistani Appetizers Special 280,Pakistani,morning_snack,False,498,12,50,10,8,458,2.34,9.19
RCP00781,Seekh Kabab,Pakistani,morning_snack,False,522,29,48,29,3,1457,1.98,20.72
RCP00782,Seekh Kabab,Pakistani,morning_snack,False,650,31,44,16,3,1027,4.86,3.38
RCP00783,Pakistani Appetizers Special 283,Pakistani,morning_snack,True,252,11,69,12,7,889,3.24,12.14
RCP00784,Sindhi Biryani,Pakistani,dinner,True,287,11,33,23,8,940,5.4,16.92
RCP00785,Korma,Pakistani,dinner,False,554,47,56,26,5,746,4.68,3.78
RCP00786,Biryani,Pakistani,dinner,False,695,25,45,29,13,1447,5.04,8.69
RCP00787,Pakistani Appetizers Special 287,Pakistani,morning_snack,True,553,16,51,14,11,514,5.04,22.34
RCP00788,Aloo Gosht,Pakistani,dinner,False,409,42,78,33,4,1037,5.76,6.47
RCP00789,Haleem,Pakistani,dinner,False,168,24,76,26,12,360,3.78,23.05
RCP00790,Pakistani Appetizers Special 290,Pakistani,morning_snack,False,525,27,47,39,2,324,3.96,14.98
RCP00791,Biryani,Pakistani,dinner,False,569,26,57,21,12,1404,5.04,17.77
RCP00792,Pakistani Appetizers Special 292,Pakistani,morning_snack,False,711,6,65,27,6,1098,1.98,8.1
RCP00793,Pakistani Appetizers Special 293,Pakistani,morning_snack,True,655,18,66,23,4,614,3.24,23.14
RCP00794,Pakistani Appetizers Special 294,Pakistani,morning_snack,True,473,12,48,25,10,705,4.5,22.3
RCP00795,Palak Paneer,Pakistani,dinner,False,744,43,44,28,8,898,1.8,3.19
RCP00796,Korma,Pakistani,dinner,False,204,46,31,36,13,237,5.04,21.52
RCP00797,Nihari,Pakistani,dinner,False,317,6,46,10,7,1462,2.52,15.28
RCP00798,Aloo Gosht,Pakistani,dinner,False,336,24,70,37,11,266,3.96,12.07
RCP00799,Lahori Chargha,Pakistani,dinner,False,535,13,32,11,7,439,1.98,20.71
RCP00800,Dal Makhani,Pakistani,dinner,False,257,12,53,11,5,506,4.32,8.52
RCP00801,Pakistani Appetizers Special 301,Pakistani,morning_snack,False,606,36,56,17,4,1291,2.34,8.57
RCP00802,Chapli Kabab,Pakistani,morning_snack,False,704,41,74,25,6,818,6.48,19.19
RCP00803,Aloo Gosht,Pakistani,dinner,False,330,41,34,17,7,865,2.16,12.49
RCP00804,Pakistani Appetizers Special 304,Pakistani,morning_snack,False,458,42,55,35,7,1402,3.96,2.49
RCP00805,Pakistani Appetizers Special 305,Pakistani,morning_snack,True,206,18,46,23,8,775,4.86,6.42
RCP00806,Haleem,Pakistani,dinner,False,614,32,53,16,12,872,5.58,14.84
RCP00807,Nihari,Pakistani,dinner,False,569,22,49,33,12,371,6.84,6.23
RCP00808,Chapli Kabab,Pakistani,morning_snack,False,288,49,74,18,5,944,5.76,6.77
RCP00809,Chapli Kabab,Pakistani,morning_snack,False,322,38,66,17,6,1081,4.5,10.15
RCP00810,Pakistani Appetizers Special 310,Pakistani,morning_snack,False,207,30,36,21,4,866,1.98,3.77
RCP00811,Chicken Tikka,Pakistani,morning_snack,False,610,11,56,17,8,1350,5.76,17.44
RCP00812,Lahori Chargha,Pakistani,dinner,False,229,25,36,28,2,1243,3.06,15.3
RCP00813,Dal Makhani,Pakistani,dinner,True,532,18,45,26,5,455,3.42,4.32
RCP00814,Palak Paneer,Pakistani,dinner,False,216,40,76,26,8,249,3.6,18.7
RCP00815,Chapli Kabab,Pakistani,morning_snack,False,270,17,44,28,3,1228,2.34,3.92
RCP00816,Sajji,Pakistani,dinner,False,449,37,62,33,2,1239,5.58,13.59
RCP00817,Chapli Kabab,Pakistani,morning_snack,False,390,8,42,16,2,1393,6.12,10.03
RCP00818,Pakistani Appetizers Special 318,Pakistani,morning_snack,False,196,41,49,18,10,362,6.84,2.61
RCP00819,Korma,Pakistani,dinner,False,489,30,31,19,14,258,5.94,6.9
RCP00820,Sajji,Pakistani,dinner,False,185,39,64,29,10,958,5.58,2.32
RCP00821,Pakistani Appetizers Special 321,Pakistani,morning_snack,False,368,26,68,39,11,439,2.34,23.04
RCP00822,Seekh Kabab,Pakistani,morning_snack,False,474,5,56,21,10,601,3.96,19.68
RCP00823,Seekh Kabab,Pakistani,morning_snack,False,458,42,40,33,4,1332,6.84,22.5
RCP00824,Haleem,Pakistani,dinner,False,427,8,77,20,13,1287,6.66,19.94
RCP00825,Pakistani Appetizers Special 325,Pakistani,morning_snack,False,570,34,67,38,12,456,6.48,23.7
RCP00826,Karahi,Pakistani,dinner,False,789,18,61,27,9,996,2.88,15.89
RCP00827,Karahi,Pakistani,dinner,False,402,39,70,25,4,1358,2.88,9.2
RCP00828,Pakistani Appetizers Special 328,Pakistani,morning_snack,False,375,31,59,27,10,952,2.34,20.63
RCP00829,Lahori Chargha,Pakistani,dinner,False,303,35,42,24,4,1223,5.76,19.82
RCP00830,Nihari,Pakistani,dinner,False,244,36,43,20,14,1113,3.42,16.39
RCP00831,Pakistani Appetizers Special 331,Pakistani,morning_snack,False,456,23,77,22,6,643,5.58,18.71
RCP00832,Pakistani Appetizers Special 332,Pakistani,morning_snack,False,231,20,31,17,5,544,4.14,16.0
RCP00833,Palak Paneer,Pakistani,dinner,True,679,6,77,21,7,1421,3.24,11.07
RCP00834,Pakistani Appetizers Special 334,Pakistani,morning_snack,True,205,16,65,16,4,316,3.6,8.68
RCP00835,Pakistani Appetizers Special 335,Pakistani,morning_snack,False,606,42,74,29,12,625,3.24,23.84
RCP00836,Biryani,Pakistani,dinner,True,275,14,43,22,11,398,5.58,12.14
RCP00837,Palak Paneer,Pakistani,dinner,False,493,25,58,26,10,1151,2.7,12.09
RCP00838,Paya,Pakistani,dinner,False,385,23,74,36,14,927,3.78,8.08
RCP00839,Dal Makhani,Pakistani,dinner,True,773,11,64,21,11,1084,1.8,13.09
RCP00840,Chapli Kabab,Pakistani,morning_snack,False,660,43,58,19,6,512,2.88,3.88
RCP00841,Dal Makhani,Pakistani,dinner,False,165,29,45,19,13,366,5.94,10.07
RCP00842,Pakistani Appetizers Special 342,Pakistani,morning_snack,False,225,28,55,30,9,600,7.02,24.79
RCP00843,Dal Makhani,Pakistani,dinner,False,492,29,57,18,5,515,6.48,11.95
RCP00844,Aloo Gosht,Pakistani,dinner,False,495,47,65,29,3,1165,5.94,18.73
RCP00845,Pakistani Appetizers Special 345,Pakistani,morning_snack,False,591,7,59,23,7,964,2.16,14.59
RCP00846,Palak Paneer,Pakistani,dinner,False,630,29,42,25,7,1158,5.76,19.15
RCP00847,Nihari,Pakistani,dinner,False,468,31,43,20,9,1457,6.48,20.59
RCP00848,Pakistani Appetizers Special 348,Pakistani,morning_snack,False,423,6,46,25,14,676,5.22,24.2
RCP00849,Aloo Gosht,Pakistani,dinner,False,727,20,75,27,13,309,3.24,3.39
RCP00850,Pakistani Appetizers Special 350,Pakistani,morning_snack,False,632,29,47,18,14,1112,5.4,12.79
RCP00851,Pakistani Appetizers Special 351,Pakistani,morning_snack,False,329,31,58,33,3,837,3.96,8.93
RCP00852,Korma,Pakistani,dinner,False,375,46,75,32,3,1306,4.14,6.1
RCP00853,Haleem,Pakistani,dinner,False,584,5,42,25,6,850,3.24,5.29
RCP00854,Pakistani Appetizers Special 354,Pakistani,morning_snack,False,372,28,63,23,7,313,3.78,8.11
RCP00855,Karahi,Pakistani,dinner,False,712,11,70,29,10,466,1.98,9.89
RCP00856,Pakistani Appetizers Special 356,Pakistani,morning_snack,False,791,23,77,22,12,1357,6.48,11.27
RCP00857,Nihari,Pakistani,dinner,False,752,39,46,16,14,628,6.48,24.07
RCP00858,Chicken Tikka,Pakistani,morning_snack,False,251,33,67,18,14,662,5.76,15.08
RCP00859,Lahori Chargha,Pakistani,dinner,False,212,47,49,34,4,954,2.7,18.78
RCP00860,Haleem,Pakistani,dinner,False,406,39,48,39,7,1045,2.7,8.42
RCP00861,Pakistani Appetizers Special 361,Pakistani,morning_snack,False,746,31,44,37,11,941,5.76,3.31
RCP00862,Sajji,Pakistani,dinner,False,544,22,72,29,5,500,6.66,18.37
RCP00863,Pakistani Appetizers Special 363,Pakistani,morning_snack,False,562,32,43,15,10,1383,5.22,13.98
RCP00864,Karahi,Pakistani,dinner,False,601,40,31,22,9,1152,1.98,18.19
RCP00865,Pakistani Appetizers Special 365,Pakistani,morning_snack,False,616,37,72,18,12,1232,4.86,13.26
RCP00866,Chapli Kabab,Pakistani,morning_snack,False,267,29,30,22,6,631,4.5,24.81
RCP00867,Karahi,Pakistani,dinner,False,425,29,79,34,4,1166,2.34,9.67
RCP00868,Lahori Chargha,Pakistani,dinner,False,494,36,76,38,11,1221,4.14,4.86
RCP00869,Chapli Kabab,Pakistani,morning_snack,False,312,19,47,15,12,293,2.16,13.19
RCP00870,Palak Paneer,Pakistani,dinner,False,662,33,54,20,9,448,6.12,15.52
RCP00871,Dal Makhani,Pakistani,dinner,False,570,35,44,29,8,735,4.32,17.32
RCP00872,Pakistani Appetizers Special 372,Pakistani,morning_snack,False,288,31,75,22,11,657,4.14,14.08
RCP00873,Chicken Tikka,Pakistani,morning_snack,False,309,19,78,12,13,1230,3.42,7.72
RCP00874,Chicken Tikka,Pakistani,morning_snack,False,655,30,54,19,14,444,3.42,14.44
RCP00875,Haleem,Pakistani,dinner,False,174,49,67,29,5,1327,3.06,21.94
RCP00876,Seekh Kabab,Pakistani,morning_snack,False,476,36,57,39,6,1136,2.7,4.52
RCP00877,Dal Makhani,Pakistani,dinner,False,641,38,79,36,12,554,7.02,9.72
RCP00878,Sajji,Pakistani,dinner,False,611,16,65,11,13,1017,3.24,22.89
RCP00879,Pakistani Appetizers Special 379,Pakistani,morning_snack,False,206,20,54,32,10,605,4.86,23.57
RCP00880,Sindhi Biryani,Pakistani,dinner,False,389,35,56,30,6,1425,4.5,11.02
RCP00881,Biryani,Pakistani,dinner,False,625,24,77,15,3,481,4.68,5.42
RCP00882,Lahori Chargha,Pakistani,dinner,False,315,43,49,29,9,1233,6.12,24.86
RCP00883,Lahori Chargha,Pakistani,dinner,False,473,16,62,21,12,1346,2.7,19.07
RCP00884,Pakistani Appetizers Special 384,Pakistani,morning_snack,False,498,23,52,27,13,1403,2.34,24.6
RCP00885,Pakistani Appetizers Special 385,Pakistani,morning_snack,False,302,7,70,25,5,262,6.48,7.89
RCP00886,Lahori Chargha,Pakistani,dinner,False,446,17,59,25,12,933,3.78,16.36
RCP00887,Aloo Gosht,Pakistani,dinner,False,334,42,52,26,6,1306,4.14,16.0
RCP00888,Nihari,Pakistani,dinner,False,548,33,32,25,12,1412,6.3,22.63
RCP00889,Sindhi Biryani,Pakistani,dinner,False,445,8,45,25,3,1043,6.66,10.88
RCP00890,Pakistani Appetizers Special 390,Pakistani,morning_snack,False,287,33,69,38,5,1083,5.4,2.19
RCP00891,Palak Paneer,Pakistani,dinner,False,165,46,77,26,3,473,6.48,24.45
RCP00892,Dal Makhani,Pakistani,dinner,False,604,29,51,29,7,804,4.68,2.85
RCP00893,Chapli Kabab,Pakistani,morning_snack,False,387,48,55,22,9,816,4.5,11.66
RCP00894,Chicken Tikka,Pakistani,morning_snack,False,285,41,42,39,7,208,4.86,13.18
RCP00895,Dal Makhani,Pakistani,dinner,False,541,26,41,18,4,1024,2.52,19.1
RCP00896,Pakistani Appetizers Special 396,Pakistani,morning_snack,True,545,10,34,16,14,306,6.48,6.52
RCP00897,Pakistani Appetizers Special 397,Pakistani,morning_snack,False,329,13,78,19,12,976,5.04,17.97
RCP00898,Sindhi Biryani,Pakistani,dinner,True,221,15,38,16,2,986,3.78,11.33
RCP00899,Pakistani Appetizers Special 399,Pakistani,morning_snack,False,629,15,68,15,6,1061,3.42,5.51
RCP00900,Palak Paneer,Pakistani,dinner,True,554,10,50,16,3,551,2.34,17.03
RCP00901,Pakistani Appetizers Special 401,Pakistani,morning_snack,False,562,45,58,15,11,614,2.52,8.67
RCP00902,Dal Makhani,Pakistani,dinner,False,691,20,48,27,8,1451,4.5,10.47
RCP00903,Paya,Pakistani,dinner,False,663,32,66,37,9,1178,6.12,13.41
RCP00904,Pakistani Appetizers Special 404,Pakistani,morning_snack,False,255,9,56,11,14,206,3.42,17.6
RCP00905,Aloo Gosht,Pakistani,dinner,False,545,43,52,29,9,523,5.58,19.12
RCP00906,Karahi,Pakistani,dinner,False,248,15,54,29,10,499,3.24,10.5
RCP00907,Haleem,Pakistani,dinner,False,384,43,48,23,5,596,5.22,14.31
RCP00908,Nihari,Pakistani,dinner,False,164,47,71,18,10,532,5.58,10.25
RCP00909,Pakistani Appetizers Special 409,Pakistani,morning_snack,False,240,38,58,18,6,629,4.32,10.64
RCP00910,Pakistani Appetizers Special 410,Pakistani,morning_snack,False,723,41,53,28,9,927,1.98,8.16
RCP00911,Dal Makhani,Pakistani,dinner,True,593,16,36,29,14,1029,3.78,19.59
RCP00912,Pakistani Appetizers Special 412,Pakistani,morning_snack,False,479,24,60,26,10,204,3.24,14.32
RCP00913,Pakistani Appetizers Special 413,Pakistani,morning_snack,False,439,41,32,27,6,431,5.4,16.92
RCP00914,Karahi,Pakistani,dinner,False,491,6,36,12,4,488,2.88,6.4
RCP00915,Seekh Kabab,Pakistani,morning_snack,False,401,36,47,16,10,907,3.96,24.19
RCP00916,Nihari,Pakistani,dinner,False,457,8,51,24,3,274,1.98,22.96
RCP00917,Haleem,Pakistani,dinner,False,518,35,66,29,11,672,6.66,20.93
RCP00918,Dal Makhani,Pakistani,dinner,False,192,49,63,39,5,358,3.6,10.77
RCP00919,Pakistani Appetizers Special 419,Pakistani,morning_snack,True,150,12,31,17,2,1205,2.52,15.4
RCP00920,Paya,Pakistani,dinner,False,643,11,51,12,9,1025,3.6,7.22
RCP00921,Paya,Pakistani,dinner,False,761,41,44,29,11,539,3.06,18.12
RCP00922,Pakistani Appetizers Special 422,Pakistani,morning_snack,False,246,43,55,22,7,1160,6.48,19.82
RCP00923,Sajji,Pakistani,dinner,False,393,39,47,36,2,641,5.58,20.66
RCP00924,Biryani,Pakistani,dinner,True,489,17,33,10,11,553,6.66,17.06
RCP00925,Chicken Tikka,Pakistani,morning_snack,False,790,26,58,29,5,1165,4.86,15.37
RCP00926,Sindhi Biryani,Pakistani,dinner,True,263,18,30,25,12,390,5.4,2.46
RCP00927,Pakistani Appetizers Special 427,Pakistani,morning_snack,False,208,39,52,18,13,1464,5.4,12.0
RCP00928,Pakistani Appetizers Special 428,Pakistani,morning_snack,False,541,30,76,32,12,702,6.48,6.57
RCP00929,Aloo Gosht,Pakistani,dinner,False,458,47,45,34,13,761,7.02,22.33
RCP00930,Pakistani Appetizers Special 430,Pakistani,morning_snack,False,610,25,43,35,11,1186,3.42,17.09
RCP00931,Pakistani Appetizers Special 431,Pakistani,morning_snack,False,456,38,64,24,10,518,5.76,13.69
RCP00932,Aloo Gosht,Pakistani,dinner,False,671,6,78,23,8,1402,6.3,21.18
RCP00933,Nihari,Pakistani,dinner,False,474,30,39,39,12,208,4.68,23.45
RCP00934,Sindhi Biryani,Pakistani,dinner,False,395,44,54,35,7,418,2.52,9.19
RCP00935,Palak Paneer,Pakistani,dinner,False,305,9,53,27,14,691,4.5,13.61
RCP00936,Korma,Pakistani,dinner,False,193,14,72,10,6,691,5.76,15.16
RCP00937,Pakistani Appetizers Special 437,Pakistani,morning_snack,False,347,18,53,13,7,296,2.34,11.32
RCP00938,Nihari,Pakistani,dinner,False,742,22,30,35,9,1130,4.86,22.19
RCP00939,Paya,Pakistani,dinner,False,696,17,74,13,4,1472,5.58,12.8
RCP00940,Sindhi Biryani,Pakistani,dinner,False,610,26,46,33,2,1143,5.04,8.65
RCP00941,Palak Paneer,Pakistani,dinner,False,321,7,52,24,12,978,3.24,6.41
RCP00942,Aloo Gosht,Pakistani,dinner,False,735,46,45,34,5,1001,2.16,14.98
RCP00943,Chapli Kabab,Pakistani,morning_snack,False,560,32,65,39,5,601,4.32,11.99
RCP00944,Karahi,Pakistani,dinner,False,218,40,51,16,14,351,5.58,2.27
RCP00945,Seekh Kabab,Pakistani,morning_snack,False,379,19,70,24,10,984,2.16,8.74
RCP00946,Pakistani Appetizers Special 446,Pakistani,morning_snack,True,559,13,35,23,12,240,2.7,7.54
RCP00947,Biryani,Pakistani,dinner,False,510,22,69,16,8,248,3.06,16.92
RCP00948,Haleem,Pakistani,dinner,False,187,18,47,15,7,1234,5.22,3.19
RCP00949,Pakistani Appetizers Special 449,Pakistani,morning_snack,False,409,25,74,25,13,693,7.02,20.89
RCP00950,Paya,Pakistani,dinner,False,238,45,37,22,3,861,5.4,6.13
RCP00951,Pakistani Appetizers Special 451,Pakistani,morning_snack,False,560,44,36,24,7,773,6.48,9.68
RCP00952,Pakistani Appetizers Special 452,Pakistani,morning_snack,False,461,32,66,18,2,1177,4.86,14.37
RCP00953,Lahori Chargha,Pakistani,dinner,False,628,29,40,36,11,745,3.24,21.13
RCP00954,Palak Paneer,Pakistani,dinner,False,347,39,58,34,14,1262,1.8,14.55
RCP00955,Pakistani Appetizers Special 455,Pakistani,morning_snack,False,335,46,36,39,13,1452,6.48,7.89
RCP00956,Sajji,Pakistani,dinner,False,664,43,77,35,6,860,3.06,4.59
RCP00957,Pakistani Appetizers Special 457,Pakistani,morning_snack,False,708,23,48,23,6,830,6.3,20.13
RCP00958,Paya,Pakistani,dinner,False,693,5,33,18,10,1447,2.34,24.66
RCP00959,Lahori Chargha,Pakistani,dinner,False,614,19,68,23,12,381,6.48,19.39
RCP00960,Karahi,Pakistani,dinner,False,313,40,35,36,13,468,5.94,18.43
RCP00961,Sajji,Pakistani,dinner,False,489,6,45,19,4,318,6.84,5.43
RCP00962,Pakistani Appetizers Special 462,Pakistani,morning_snack,False,714,38,59,37,12,1089,4.14,23.04
RCP00963,Haleem,Pakistani,dinner,False,573,39,52,25,13,332,2.52,24.44
RCP00964,Pakistani Appetizers Special 464,Pakistani,morning_snack,False,339,37,43,37,2,360,3.6,22.34
RCP00965,Karahi,Pakistani,dinner,False,793,8,52,25,2,700,1.8,21.82
RCP00966,Lahori Chargha,Pakistani,dinner,False,516,20,55,16,7,1315,4.68,14.04
RCP00967,Chapli Kabab,Pakistani,morning_snack,False,340,7,40,20,3,805,3.24,2.2
RCP00968,Pakistani Appetizers Special 468,Pakistani,morning_snack,False,212,23,36,19,3,911,4.5,23.94
RCP00969,Palak Paneer,Pakistani,dinner,False,391,48,62,31,13,1495,2.7,3.6
RCP00970,Paya,Pakistani,dinner,False,629,48,67,37,5,957,4.32,14.8
RCP00971,Haleem,Pakistani,dinner,False,447,43,37,38,12,260,2.34,7.23
RCP00972,Seekh Kabab,Pakistani,morning_snack,False,408,7,40,19,2,1152,5.22,2.6
RCP00973,Nihari,Pakistani,dinner,False,210,49,66,32,3,400,6.12,21.89
RCP00974,Pakistani Appetizers Special 474,Pakistani,morning_snack,False,645,39,75,15,12,1116,6.48,12.14
RCP00975,Aloo Gosht,Pakistani,dinner,False,721,45,64,29,9,571,3.96,15.76
RCP00976,Chapli Kabab,Pakistani,morning_snack,False,438,25,55,31,4,735,3.78,19.13
RCP00977,Pakistani Appetizers Special 477,Pakistani,morning_snack,False,532,12,53,17,2,1019,4.68,2.8
RCP00978,Korma,Pakistani,dinner,False,482,7,67,16,7,749,6.84,16.75
RCP00979,Sajji,Pakistani,dinner,False,462,30,38,38,6,622,6.84,8.48
RCP00980,Pakistani Appetizers Special 480,Pakistani,morning_snack,False,476,12,63,24,9,570,1.98,18.63
RCP00981,Sajji,Pakistani,dinner,False,377,13,69,12,12,430,3.06,23.58
RCP00982,Chapli Kabab,Pakistani,morning_snack,False,528,34,43,26,13,405,2.88,7.89
RCP00983,Chapli Kabab,Pakistani,morning_snack,False,474,28,49,19,14,1367,6.12,23.4
RCP00984,Korma,Pakistani,dinner,False,656,30,51,20,7,651,3.78,11.9
RCP00985,Karahi,Pakistani,dinner,False,653,29,56,19,4,816,6.3,2.69
RCP00986,Seekh Kabab,Pakistani,morning_snack,False,511,37,59,36,6,1229,4.32,20.34
RCP00987,Korma,Pakistani,dinner,False,532,42,32,30,9,209,2.7,8.92
RCP00988,Chapli Kabab,Pakistani,morning_snack,False,666,31,30,37,3,996,4.14,12.72
RCP00989,Pakistani Appetizers Special 489,Pakistani,morning_snack,False,690,25,60,25,2,608,5.4,22.81
RCP00990,Pakistani Appetizers Special 490,Pakistani,morning_snack,False,531,30,32,39,6,703,3.6,16.68
RCP00991,Seekh Kabab,Pakistani,morning_snack,False,396,33,30,22,7,295,6.48,21.06
RCP00992,Pakistani Appetizers Special 492,Pakistani,morning_snack,True,602,16,34,19,4,233,3.24,17.41
RCP00993,Paya,Pakistani,dinner,False,762,39,38,26,13,1071,3.42,14.51
RCP00994,Pakistani Appetizers Special 494,Pakistani,morning_snack,False,574,42,52,16,2,1215,3.96,17.28
RCP00995,Paya,Pakistani,dinner,False,312,5,76,14,8,476,4.68,5.13
RCP00996,Sajji,Pakistani,dinner,False,618,39,74,36,12,1464,3.24,21.68
RCP00997,Pakistani Appetizers Special 497,Pakistani,morning_snack,False,763,20,61,32,10,1039,3.6,5.64
RCP00998,Haleem,Pakistani,dinner,False,763,25,33,29,9,535,3.96,5.6
RCP00999,Chicken Tikka,Pakistani,morning_snack,False,780,29,79,27,14,1242,4.68,8.54
RCP01000,Palak Paneer,Pakistani,dinner,True,573,13,77,18,11,1096,4.68,22.77
RCP01001,Pakistani Bread Special 1,Pakistani,breakfast,True,505,8,73,26,12,699,5.22,15.76
RCP01002,Aloo Gosht,Pakistani,dinner,False,258,34,52,31,6,941,5.94,5.42
RCP01003,Palak Paneer,Pakistani,dinner,False,475,27,40,33,5,875,4.86,2.47
RCP01004,Haleem,Pakistani,dinner,False,195,19,62,26,9,1164,3.96,11.79
RCP01005,Karahi,Pakistani,dinner,False,219,16,50,19,9,1228,5.58,6.43
RCP01006,Sindhi Biryani,Pakistani,dinner,False,540,28,55,33,9,483,5.4,13.64
RCP01007,Chicken Tikka,Pakistani,morning_snack,False,699,49,59,31,14,1009,1.8,23.61
RCP01008,Dal Makhani,Pakistani,dinner,False,552,28,33,37,6,1189,5.58,14.59
RCP01009,Karahi,Pakistani,dinner,False,452,31,54,34,13,1497,2.52,16.85
RCP01010,Paya,Pakistani,dinner,False,492,36,51,21,4,1081,3.42,12.77
RCP01011,Pakistani Bread Special 11,Pakistani,breakfast,False,540,14,64,13,7,1104,7.02,8.23
RCP01012,Korma,Pakistani,dinner,False,309,23,70,32,7,355,6.48,11.86
RCP01013,Korma,Pakistani,dinner,False,268,43,62,24,8,591,4.14,15.24
RCP01014,Karahi,Pakistani,dinner,False,788,26,58,31,8,1397,6.48,14.87
RCP01015,Pakistani Bread Special 15,Pakistani,breakfast,False,628,36,52,16,5,940,6.12,9.28
RCP01016,Pakistani Bread Special 16,Pakistani,breakfast,False,628,47,48,25,10,258,7.02,17.19
RCP01017,Paya,Pakistani,dinner,False,516,15,65,21,7,467,3.78,17.36
RCP01018,Dal Makhani,Pakistani,dinner,False,277,39,55,22,12,733,2.16,13.34
RCP01019,Chicken Tikka,Pakistani,morning_snack,False,260,25,40,37,8,732,5.4,24.12
RCP01020,Pakistani Bread Special 20,Pakistani,breakfast,True,451,19,69,17,10,1052,2.88,6.86
RCP01021,Seekh Kabab,Pakistani,morning_snack,False,671,44,71,32,12,671,3.6,16.36
RCP01022,Chapli Kabab,Pakistani,morning_snack,False,507,6,40,26,3,645,3.6,2.54
RCP01023,Paya,Pakistani,dinner,False,668,23,41,20,9,1377,6.48,18.89
RCP01024,Korma,Pakistani,dinner,False,535,11,42,20,11,958,2.34,6.55
RCP01025,Aloo Gosht,Pakistani,dinner,False,749,29,36,33,5,1090,5.04,4.77
RCP01026,Chicken Tikka,Pakistani,morning_snack,False,563,15,44,15,14,1471,4.14,10.3
RCP01027,Chapli Kabab,Pakistani,morning_snack,False,335,11,38,25,10,348,6.3,23.28
RCP01028,Nihari,Pakistani,dinner,False,415,18,46,18,8,327,6.3,22.4
RCP01029,Pakistani Bread Special 29,Pakistani,breakfast,False,186,23,79,34,9,1296,5.22,11.91
RCP01030,Lahori Chargha,Pakistani,dinner,False,604,30,50,37,7,1005,5.4,8.06
RCP01031,Nihari,Pakistani,dinner,False,689,46,67,17,6,638,5.22,15.72
RCP01032,Pakistani Bread Special 32,Pakistani,breakfast,False,285,35,52,25,6,220,3.06,3.98
RCP01033,Pakistani Bread Special 33,Pakistani,breakfast,False,686,35,39,38,11,804,6.12,7.93
RCP01034,Biryani,Pakistani,dinner,False,735,42,48,36,5,1303,6.3,7.54
RCP01035,Palak Paneer,Pakistani,dinner,False,488,48,50,16,3,1261,2.7,7.0
RCP01036,Pakistani Bread Special 36,Pakistani,breakfast,False,725,37,52,29,6,476,1.98,12.25
RCP01037,Biryani,Pakistani,dinner,False,203,11,53,25,7,519,2.7,23.16
RCP01038,Sindhi Biryani,Pakistani,dinner,False,526,28,30,33,8,1203,6.3,2.61
RCP01039,Dal Makhani,Pakistani,dinner,False,449,22,38,27,5,752,6.66,22.52
RCP01040,Chapli Kabab,Pakistani,morning_snack,False,293,27,49,30,4,279,5.94,12.44
RCP01041,Nihari,Pakistani,dinner,False,790,45,60,32,13,1464,4.14,19.27
RCP01042,Pakistani Bread Special 42,Pakistani,breakfast,False,635,7,58,28,13,346,6.66,18.12
RCP01043,Aloo Gosht,Pakistani,dinner,False,312,25,52,18,4,645,6.12,21.24
RCP01044,Haleem,Pakistani,dinner,False,686,33,44,34,10,655,2.52,4.69
RCP01045,Dal Makhani,Pakistani,dinner,True,441,18,51,17,11,616,1.8,2.28
RCP01046,Pakistani Bread Special 46,Pakistani,breakfast,False,396,43,41,34,2,664,5.58,8.09
RCP01047,Korma,Pakistani,dinner,False,395,23,61,19,2,1468,6.48,7.05
RCP01048,Korma,Pakistani,dinner,False,266,21,60,24,6,861,2.34,14.04
RCP01049,Haleem,Pakistani,dinner,False,230,27,34,32,5,1050,3.06,24.76
RCP01050,Pakistani Bread Special 50,Pakistani,breakfast,False,522,37,34,22,6,1032,1.8,15.72
RCP01051,Palak Paneer,Pakistani,dinner,False,778,49,34,17,2,266,5.22,22.39
RCP01052,Lahori Chargha,Pakistani,dinner,False,356,12,68,14,2,1314,5.4,12.94
RCP01053,Sajji,Pakistani,dinner,False,724,10,31,19,3,1120,6.66,22.93
RCP01054,Paya,Pakistani,dinner,False,383,28,33,38,10,1114,6.48,11.4
RCP01055,Biryani,Pakistani,dinner,True,533,12,61,10,12,886,6.84,19.63
RCP01056,Dal Makhani,Pakistani,dinner,False,688,33,50,33,3,988,2.7,21.08
RCP01057,Pakistani Bread Special 57,Pakistani,breakfast,True,234,18,56,23,14,1285,6.48,24.57
RCP01058,Nihari,Pakistani,dinner,False,751,47,44,21,10,1375,2.7,23.68
RCP01059,Sajji,Pakistani,dinner,False,772,11,49,21,11,792,6.66,6.51
RCP01060,Biryani,Pakistani,dinner,False,436,22,74,33,8,1231,3.06,8.95
RCP01061,Pakistani Bread Special 61,Pakistani,breakfast,True,157,18,46,29,6,949,2.7,2.48
RCP01062,Pakistani Bread Special 62,Pakistani,breakfast,False,260,41,55,22,9,1325,1.8,13.85
RCP01063,Sajji,Pakistani,dinner,False,325,41,66,34,10,1460,2.7,10.21
RCP01064,Nihari,Pakistani,dinner,False,207,30,52,17,6,663,5.94,19.55
RCP01065,Sindhi Biryani,Pakistani,dinner,False,653,37,75,35,3,364,5.76,5.15
RCP01066,Pakistani Bread Special 66,Pakistani,breakfast,True,337,15,37,24,7,1302,5.4,19.79
RCP01067,Pakistani Bread Special 67,Pakistani,breakfast,False,632,36,75,17,2,465,6.12,10.69
RCP01068,Nihari,Pakistani,dinner,False,298,30,51,32,12,269,6.48,14.01
RCP01069,Sindhi Biryani,Pakistani,dinner,True,264,14,64,19,9,460,3.6,11.74
RCP01070,Aloo Gosht,Pakistani,dinner,False,779,15,34,17,14,778,1.8,23.73
RCP01071,Pakistani Bread Special 71,Pakistani,breakfast,False,176,48,73,32,2,1405,6.48,24.62
RCP01072,Paya,Pakistani,dinner,False,691,13,53,15,12,1109,6.48,24.67
RCP01073,Pakistani Bread Special 73,Pakistani,breakfast,False,264,30,61,27,9,663,2.34,4.58
RCP01074,Lahori Chargha,Pakistani,dinner,False,463,19,48,10,14,693,5.04,19.32
RCP01075,Karahi,Pakistani,dinner,False,782,25,78,34,13,275,4.32,4.83
RCP01076,Seekh Kabab,Pakistani,morning_snack,False,705,39,43,21,9,284,6.66,11.06
RCP01077,Pakistani Bread Special 77,Pakistani,breakfast,False,776,43,48,39,3,1057,1.98,16.2
RCP01078,Pakistani Bread Special 78,Pakistani,breakfast,False,507,45,55,37,9,1499,3.24,20.26
RCP01079,Pakistani Bread Special 79,Pakistani,breakfast,True,739,17,43,11,10,740,4.32,6.29
RCP01080,Chapli Kabab,Pakistani,morning_snack,False,414,31,32,32,9,848,2.34,23.11
RCP01081,Nihari,Pakistani,dinner,False,601,16,43,16,10,690,6.3,17.0
RCP01082,Pakistani Bread Special 82,Pakistani,breakfast,False,571,20,35,34,14,1126,3.78,15.01
RCP01083,Aloo Gosht,Pakistani,dinner,False,289,14,72,16,2,900,4.32,8.73
RCP01084,Lahori Chargha,Pakistani,dinner,False,574,11,44,27,10,442,4.68,23.74
RCP01085,Pakistani Bread Special 85,Pakistani,breakfast,True,265,16,65,28,9,304,2.88,14.38
RCP01086,Pakistani Bread Special 86,Pakistani,breakfast,False,438,49,46,28,5,888,6.66,5.95
RCP01087,Korma,Pakistani,dinner,False,261,8,50,24,7,1086,4.14,13.08
RCP01088,Sindhi Biryani,Pakistani,dinner,False,370,35,60,21,10,1442,4.86,18.69
RCP01089,Lahori Chargha,Pakistani,dinner,False,229,31,32,33,3,437,2.34,8.24
RCP01090,Pakistani Bread Special 90,Pakistani,breakfast,False,649,37,55,20,8,215,3.06,23.63
RCP01091,Lahori Chargha,Pakistani,dinner,False,481,34,53,26,2,1250,1.8,10.48
RCP01092,Karahi,Pakistani,dinner,False,517,48,67,36,3,543,3.42,24.52
RCP01093,Karahi,Pakistani,dinner,False,326,15,69,11,11,1076,1.98,22.59
RCP01094,Sajji,Pakistani,dinner,False,505,32,53,25,13,680,2.16,4.44
RCP01095,Chicken Tikka,Pakistani,morning_snack,False,565,16,72,27,3,1417,4.14,14.66
RCP01096,Pakistani Bread Special 96,Pakistani,breakfast,False,479,35,77,30,4,1234,2.88,23.49
RCP01097,Sindhi Biryani,Pakistani,dinner,False,531,26,76,15,3,990,3.24,23.79
RCP01098,Seekh Kabab,Pakistani,morning_snack,False,532,9,79,14,5,1210,4.86,13.3
RCP01099,Aloo Gosht,Pakistani,dinner,False,320,14,72,24,14,523,3.06,15.82
RCP01100,Pakistani Bread Special 100,Pakistani,breakfast,False,781,42,44,34,12,851,3.24,14.54
RCP01101,Pakistani Bread Special 101,Pakistani,breakfast,True,459,18,53,17,3,1371,3.96,3.12
RCP01102,Chapli Kabab,Pakistani,morning_snack,False,174,34,44,34,13,275,5.58,4.98
RCP01103,Pakistani Bread Special 103,Pakistani,breakfast,True,393,6,40,14,2,966,4.5,22.47
RCP01104,Aloo Gosht,Pakistani,dinner,False,434,20,76,21,8,1053,5.58,8.63
RCP01105,Pakistani Bread Special 105,Pakistani,breakfast,False,535,39,66,33,11,236,3.24,5.32
RCP01106,Paya,Pakistani,dinner,False,565,15,70,12,9,640,4.5,3.62
RCP01107,Karahi,Pakistani,dinner,False,792,41,76,32,9,1016,4.68,13.65
RCP01108,Pakistani Bread Special 108,Pakistani,breakfast,False,745,33,36,24,13,769,1.8,21.69
RCP01109,Haleem,Pakistani,dinner,False,701,10,52,29,2,1009,2.7,2.44
RCP01110,Dal Makhani,Pakistani,dinner,True,789,5,48,19,7,578,4.14,11.59
RCP01111,Lahori Chargha,Pakistani,dinner,False,422,13,55,17,14,1427,5.94,24.29
RCP01112,Sajji,Pakistani,dinner,False,534,28,78,32,13,711,6.12,10.64
RCP01113,Chicken Tikka,Pakistani,morning_snack,False,507,7,64,10,12,239,1.8,9.74
RCP01114,Pakistani Bread Special 114,Pakistani,breakfast,False,266,39,75,20,14,1382,5.76,14.24
RCP01115,Sindhi Biryani,Pakistani,dinner,False,422,21,76,16,12,581,1.8,8.69
RCP01116,Pakistani Bread Special 116,Pakistani,breakfast,False,725,46,44,21,12,805,5.4,24.31
RCP01117,Haleem,Pakistani,dinner,False,305,17,50,21,8,1213,4.14,7.76
RCP01118,Aloo Gosht,Pakistani,dinner,False,480,49,43,38,9,580,2.88,3.64
RCP01119,Dal Makhani,Pakistani,dinner,False,413,25,69,20,2,1281,4.32,17.04
RCP01120,Pakistani Bread Special 120,Pakistani,breakfast,False,427,49,43,21,5,1235,5.22,22.22
RCP01121,Aloo Gosht,Pakistani,dinner,False,590,8,46,25,13,215,5.58,18.7
RCP01122,Haleem,Pakistani,dinner,False,386,48,66,29,10,292,2.7,24.16
RCP01123,Pakistani Bread Special 123,Pakistani,breakfast,False,695,16,32,10,14,326,5.94,13.12
RCP01124,Pakistani Bread Special 124,Pakistani,breakfast,True,784,15,52,19,8,1494,2.34,17.5
RCP01125,Sajji,Pakistani,dinner,False,577,40,44,21,11,767,1.8,22.82
RCP01126,Sindhi Biryani,Pakistani,dinner,False,381,42,68,18,3,390,6.84,11.9
RCP01127,Haleem,Pakistani,dinner,False,673,12,64,25,2,279,6.3,12.0
RCP01128,Sindhi Biryani,Pakistani,dinner,False,593,22,65,28,14,1476,6.3,2.17
RCP01129,Dal Makhani,Pakistani,dinner,False,543,22,36,26,4,601,2.7,3.62
RCP01130,Pakistani Bread Special 130,Pakistani,breakfast,True,583,19,65,21,5,740,2.7,15.49
RCP01131,Pakistani Bread Special 131,Pakistani,breakfast,True,689,6,47,11,14,859,2.52,14.78
RCP01132,Pakistani Bread Special 132,Pakistani,breakfast,False,439,23,40,25,3,340,3.96,11.03
RCP01133,Sindhi Biryani,Pakistani,dinner,False,466,45,73,23,14,792,1.8,4.73
RCP01134,Lahori Chargha,Pakistani,dinner,False,588,9,32,10,9,1467,2.52,19.48
RCP01135,Lahori Chargha,Pakistani,dinner,False,425,26,53,16,5,1312,5.76,21.69
RCP01136,Pakistani Bread Special 136,Pakistani,breakfast,False,159,32,73,36,5,722,6.48,19.98
RCP01137,Biryani,Pakistani,dinner,True,435,13,54,28,7,1263,4.86,21.9
RCP01138,Chicken Tikka,Pakistani,morning_snack,False,734,5,43,20,9,1134,3.24,5.37
RCP01139,Palak Paneer,Pakistani,dinner,False,607,22,50,20,3,752,2.34,4.54
RCP01140,Nihari,Pakistani,dinner,False,329,33,48,31,3,1109,3.24,10.63
RCP01141,Pakistani Bread Special 141,Pakistani,breakfast,False,457,22,72,21,9,257,5.4,10.34
RCP01142,Biryani,Pakistani,dinner,True,238,9,79,26,4,333,5.22,11.81
RCP01143,Pakistani Bread Special 143,Pakistani,breakfast,False,313,38,45,28,11,329,3.96,6.75
RCP01144,Pakistani Bread Special 144,Pakistani,breakfast,False,493,5,41,14,4,1131,5.76,8.57
RCP01145,Biryani,Pakistani,dinner,True,312,13,39,29,7,1097,1.98,12.52
RCP01146,Paya,Pakistani,dinner,False,474,31,44,33,11,232,7.02,6.25
RCP01147,Sajji,Pakistani,dinner,False,759,49,65,21,3,797,2.88,3.59
RCP01148,Nihari,Pakistani,dinner,False,573,19,78,22,4,1101,3.96,11.09
RCP01149,Sajji,Pakistani,dinner,False,567,13,65,17,11,816,1.98,7.45
RCP01150,Pakistani Bread Special 150,Pakistani,breakfast,True,285,11,32,16,13,645,5.04,21.84
RCP01151,Biryani,Pakistani,dinner,False,157,35,45,19,4,241,5.04,7.58
RCP01152,Paya,Pakistani,dinner,False,157,16,47,22,8,344,4.14,19.31
RCP01153,Haleem,Pakistani,dinner,False,712,38,50,20,3,1115,6.3,8.61
RCP01154,Pakistani Bread Special 154,Pakistani,breakfast,True,700,14,68,12,9,716,3.24,19.42
RCP01155,Chicken Tikka,Pakistani,morning_snack,False,435,27,56,22,9,690,5.76,21.78
RCP01156,Pakistani Bread Special 156,Pakistani,breakfast,True,259,6,72,22,13,861,1.8,14.44
RCP01157,Aloo Gosht,Pakistani,dinner,False,390,32,41,15,14,1421,5.4,11.64
RCP01158,Pakistani Bread Special 158,Pakistani,breakfast,False,727,18,66,11,14,374,5.94,7.45
RCP01159,Haleem,Pakistani,dinner,False,685,22,69,22,6,1266,2.52,17.38
RCP01160,Palak Paneer,Pakistani,dinner,False,469,33,57,21,12,1214,7.02,3.35
RCP01161,Biryani,Pakistani,dinner,False,241,28,49,31,11,1328,4.5,19.21
RCP01162,Haleem,Pakistani,dinner,False,380,11,44,14,14,463,4.68,11.56
RCP01163,Korma,Pakistani,dinner,False,217,34,41,18,4,1270,1.98,15.62
RCP01164,Chapli Kabab,Pakistani,morning_snack,False,625,30,51,20,2,825,3.96,21.14
RCP01165,Paya,Pakistani,dinner,False,230,35,51,15,11,949,7.02,10.65
RCP01166,Pakistani Bread Special 166,Pakistani,breakfast,False,153,6,32,10,8,619,6.48,24.86
RCP01167,Sindhi Biryani,Pakistani,dinner,True,183,19,71,21,6,1324,7.02,24.27
RCP01168,Pakistani Bread Special 168,Pakistani,breakfast,False,682,8,75,21,7,546,3.42,14.1
RCP01169,Pakistani Bread Special 169,Pakistani,breakfast,False,723,26,55,35,10,847,2.88,8.39
RCP01170,Pakistani Bread Special 170,Pakistani,breakfast,False,438,33,52,15,11,396,1.98,23.09
RCP01171,Karahi,Pakistani,dinner,False,685,22,41,30,7,444,3.6,21.19
RCP01172,Haleem,Pakistani,dinner,False,486,45,48,35,4,627,4.86,15.84
RCP01173,Haleem,Pakistani,dinner,False,367,27,52,17,11,359,5.4,6.97
RCP01174,Pakistani Bread Special 174,Pakistani,breakfast,False,702,33,35,33,5,735,4.5,19.97
RCP01175,Seekh Kabab,Pakistani,morning_snack,False,346,33,44,23,9,649,6.48,5.3
RCP01176,Seekh Kabab,Pakistani,morning_snack,False,504,19,66,25,11,1167,4.68,11.95
RCP01177,Karahi,Pakistani,dinner,False,462,40,46,25,5,1143,3.96,15.65
RCP01178,Nihari,Pakistani,dinner,False,503,8,36,12,14,615,6.12,21.08
RCP01179,Aloo Gosht,Pakistani,dinner,False,675,6,48,10,3,410,3.24,2.48
RCP01180,Dal Makhani,Pakistani,dinner,False,672,12,48,12,13,647,4.14,5.0
RCP01181,Pakistani Bread Special 181,Pakistani,breakfast,False,177,18,57,23,4,1071,6.3,8.68
RCP01182,Chicken Tikka,Pakistani,morning_snack,False,669,46,37,33,2,1412,6.48,12.47
RCP01183,Korma,Pakistani,dinner,False,796,20,42,36,5,365,1.8,16.59
RCP01184,Chicken Tikka,Pakistani,morning_snack,False,386,14,52,28,11,556,1.8,24.23
RCP01185,Sajji,Pakistani,dinner,False,374,26,37,31,10,694,3.42,19.92
RCP01186,Pakistani Bread Special 186,Pakistani,breakfast,False,670,37,38,28,3,428,3.24,13.66
RCP01187,Pakistani Bread Special 187,Pakistani,breakfast,False,613,32,46,33,7,964,3.42,13.55
RCP01188,Pakistani Bread Special 188,Pakistani,breakfast,False,603,16,58,11,10,1285,4.14,20.69
RCP01189,Chicken Tikka,Pakistani,morning_snack,False,284,31,63,39,4,319,4.68,21.73
RCP01190,Aloo Gosht,Pakistani,dinner,False,480,21,49,30,2,1438,6.66,18.32
RCP01191,Chapli Kabab,Pakistani,morning_snack,False,369,25,37,34,3,546,5.04,12.97
RCP01192,Nihari,Pakistani,dinner,False,236,13,54,20,7,683,6.12,19.47
RCP01193,Sindhi Biryani,Pakistani,dinner,True,596,17,76,29,9,557,5.4,8.64
RCP01194,Paya,Pakistani,dinner,False,762,39,56,39,12,1004,2.16,10.89
RCP01195,Pakistani Bread Special 195,Pakistani,breakfast,False,475,30,78,27,5,1077,4.86,8.32
RCP01196,Aloo Gosht,Pakistani,dinner,False,492,26,44,28,9,1121,6.48,13.3
RCP01197,Seekh Kabab,Pakistani,morning_snack,False,703,28,43,30,6,1121,4.14,11.83
RCP01198,Pakistani Bread Special 198,Pakistani,breakfast,False,616,36,41,39,13,1435,6.84,13.09
RCP01199,Pakistani Bread Special 199,Pakistani,breakfast,False,189,47,34,31,12,1323,1.98,22.58
RCP01200,Pakistani Bread Special 200,Pakistani,breakfast,False,509,45,54,18,3,1029,2.16,23.61
RCP01201,Paya,Pakistani,dinner,False,235,40,65,30,7,1283,6.66,21.56
RCP01202,Seekh Kabab,Pakistani,morning_snack,False,345,13,38,11,12,318,4.86,20.55
RCP01203,Aloo Gosht,Pakistani,dinner,False,625,29,46,22,13,322,2.52,5.13
RCP01204,Pakistani Bread Special 204,Pakistani,breakfast,False,592,31,44,18,13,535,2.88,10.23
RCP01205,Pakistani Bread Special 205,Pakistani,breakfast,False,323,32,44,25,9,1420,1.98,16.75
RCP01206,Pakistani Bread Special 206,Pakistani,breakfast,False,305,48,50,23,2,981,6.3,5.84
RCP01207,Paya,Pakistani,dinner,False,530,48,63,23,5,1135,4.68,4.9
RCP01208,Karahi,Pakistani,dinner,False,334,47,37,27,13,297,5.76,21.29
RCP01209,Korma,Pakistani,dinner,False,482,38,30,36,3,1294,6.3,11.05
RCP01210,Dal Makhani,Pakistani,dinner,False,363,37,63,17,8,1229,7.02,8.45
RCP01211,Palak Paneer,Pakistani,dinner,True,629,17,52,23,3,1068,2.52,21.77
RCP01212,Sajji,Pakistani,dinner,False,338,15,62,19,3,903,7.02,15.97
RCP01213,Pakistani Bread Special 213,Pakistani,breakfast,False,760,38,36,31,8,489,6.12,8.76
RCP01214,Karahi,Pakistani,dinner,False,730,22,67,19,2,1459,4.32,14.99
RCP01215,Pakistani Bread Special 215,Pakistani,breakfast,False,212,48,52,15,6,761,5.76,9.59
RCP01216,Pakistani Bread Special 216,Pakistani,breakfast,False,546,29,41,30,11,1221,3.42,2.14
RCP01217,Korma,Pakistani,dinner,False,769,17,65,25,4,691,6.66,17.64
RCP01218,Haleem,Pakistani,dinner,False,199,6,78,13,7,1236,6.48,18.92
RCP01219,Lahori Chargha,Pakistani,dinner,False,521,30,54,29,13,360,3.78,23.1
RCP01220,Dal Makhani,Pakistani,dinner,True,512,15,64,17,3,1359,3.6,5.84
RCP01221,Biryani,Pakistani,dinner,True,341,11,39,13,10,1118,2.16,24.92
RCP01222,Pakistani Bread Special 222,Pakistani,breakfast,False,694,41,65,16,7,334,5.94,11.15
RCP01223,Chapli Kabab,Pakistani,morning_snack,False,447,15,56,25,14,454,6.48,10.84
RCP01224,Pakistani Bread Special 224,Pakistani,breakfast,False,406,23,43,17,12,944,5.04,17.39
RCP01225,Chicken Tikka,Pakistani,morning_snack,False,185,18,43,26,12,1388,3.24,14.79
RCP01226,Haleem,Pakistani,dinner,False,373,27,45,15,3,1021,1.8,23.28
RCP01227,Sindhi Biryani,Pakistani,dinner,True,513,10,62,15,12,704,2.16,12.85
RCP01228,Palak Paneer,Pakistani,dinner,False,622,30,30,21,4,546,2.88,17.93
RCP01229,Pakistani Bread Special 229,Pakistani,breakfast,False,677,23,79,20,14,1058,4.5,17.78
RCP01230,Sajji,Pakistani,dinner,False,237,38,63,27,12,608,3.78,13.69
RCP01231,Nihari,Pakistani,dinner,False,290,38,60,35,3,848,2.16,23.13
RCP01232,Pakistani Bread Special 232,Pakistani,breakfast,False,741,49,79,39,5,1297,6.3,11.69
RCP01233,Sajji,Pakistani,dinner,False,330,5,45,27,10,728,5.22,15.87
RCP01234,Aloo Gosht,Pakistani,dinner,False,665,16,70,10,12,1404,3.78,5.0
RCP01235,Sajji,Pakistani,dinner,False,202,35,66,38,14,1405,7.02,24.48
RCP01236,Pakistani Bread Special 236,Pakistani,breakfast,True,411,10,40,15,4,457,4.32,2.87
RCP01237,Haleem,Pakistani,dinner,False,689,14,66,24,6,485,4.86,8.86
RCP01238,Pakistani Bread Special 238,Pakistani,breakfast,False,415,36,75,38,13,1458,4.32,7.49
RCP01239,Sindhi Biryani,Pakistani,dinner,False,617,46,35,34,5,403,6.12,6.74
RCP01240,Aloo Gosht,Pakistani,dinner,False,562,34,41,34,8,982,7.02,12.63
RCP01241,Pakistani Bread Special 241,Pakistani,breakfast,False,213,12,64,28,11,1381,3.6,8.32
RCP01242,Pakistani Bread Special 242,Pakistani,breakfast,False,238,25,58,29,12,693,6.3,13.23
RCP01243,Aloo Gosht,Pakistani,dinner,False,280,27,70,30,4,1338,5.58,8.66
RCP01244,Chapli Kabab,Pakistani,morning_snack,False,310,32,50,36,3,1317,4.86,5.33
RCP01245,Pakistani Bread Special 245,Pakistani,breakfast,False,521,39,50,21,12,510,6.3,7.53
RCP01246,Pakistani Bread Special 246,Pakistani,breakfast,False,273,32,59,22,4,447,4.5,17.71
RCP01247,Pakistani Bread Special 247,Pakistani,breakfast,True,573,18,35,29,12,675,2.52,23.73
RCP01248,Pakistani Bread Special 248,Pakistani,breakfast,False,795,23,65,24,7,288,2.16,21.75
RCP01249,Lahori Chargha,Pakistani,dinner,False,464,17,50,25,12,1307,4.68,17.96
RCP01250,Dal Makhani,Pakistani,dinner,False,595,43,38,24,2,1175,4.14,15.39
RCP01251,Haleem,Pakistani,dinner,False,420,10,34,18,14,582,5.76,21.08
RCP01252,Biryani,Pakistani,dinner,False,386,43,47,17,7,294,2.88,16.9
RCP01253,Pakistani Bread Special 253,Pakistani,breakfast,False,470,30,33,30,5,592,3.6,13.65
RCP01254,Sajji,Pakistani,dinner,False,373,5,66,27,12,973,2.88,3.43
RCP01255,Aloo Gosht,Pakistani,dinner,False,353,26,46,28,7,835,6.84,18.56
RCP01256,Palak Paneer,Pakistani,dinner,True,343,15,70,17,11,1145,6.66,5.94
RCP01257,Lahori Chargha,Pakistani,dinner,False,660,29,30,32,5,1374,3.24,22.4
RCP01258,Pakistani Bread Special 258,Pakistani,breakfast,False,364,39,63,33,3,711,6.3,17.21
RCP01259,Palak Paneer,Pakistani,dinner,False,200,46,68,22,4,390,5.76,13.56
RCP01260,Pakistani Bread Special 260,Pakistani,breakfast,False,773,39,60,26,7,1073,2.7,13.01
RCP01261,Pakistani Bread Special 261,Pakistani,breakfast,False,302,24,40,17,8,1221,2.52,14.82
RCP01262,Aloo Gosht,Pakistani,dinner,False,327,39,52,26,13,1038,2.88,14.32
RCP01263,Paya,Pakistani,dinner,False,642,16,47,28,6,677,5.22,14.53
RCP01264,Chicken Tikka,Pakistani,morning_snack,False,542,17,49,27,10,653,4.68,17.76
RCP01265,Pakistani Bread Special 265,Pakistani,breakfast,True,625,13,35,23,11,607,4.32,20.71
RCP01266,Karahi,Pakistani,dinner,False,784,6,35,23,9,938,4.14,14.17
RCP01267,Pakistani Bread Special 267,Pakistani,breakfast,False,191,38,37,38,11,1101,4.32,9.29
RCP01268,Pakistani Bread Special 268,Pakistani,breakfast,False,305,30,50,36,6,629,2.7,13.51
RCP01269,Chapli Kabab,Pakistani,morning_snack,False,464,22,58,20,7,1285,1.8,22.58
RCP01270,Sindhi Biryani,Pakistani,dinner,False,742,14,57,20,10,1451,2.16,9.82
RCP01271,Pakistani Bread Special 271,Pakistani,breakfast,False,391,27,31,27,9,412,4.5,18.71
RCP01272,Pakistani Bread Special 272,Pakistani,breakfast,True,547,12,31,14,2,1049,6.12,23.68
RCP01273,Pakistani Bread Special 273,Pakistani,breakfast,False,494,29,57,20,13,956,4.32,16.78
RCP01274,Pakistani Bread Special 274,Pakistani,breakfast,False,195,41,35,30,9,924,4.86,10.56
RCP01275,Pakistani Bread Special 275,Pakistani,breakfast,False,447,23,32,26,5,1107,4.86,7.24
RCP01276,Chapli Kabab,Pakistani,morning_snack,False,763,36,56,30,13,527,5.4,15.56
RCP01277,Pakistani Bread Special 277,Pakistani,breakfast,False,303,26,42,38,14,653,4.86,6.6
RCP01278,Pakistani Bread Special 278,Pakistani,breakfast,False,195,34,36,34,4,311,6.66,22.77
RCP01279,Seekh Kabab,Pakistani,morning_snack,False,671,40,56,21,11,480,2.88,8.14
RCP01280,Lahori Chargha,Pakistani,dinner,False,448,35,72,20,9,738,6.84,13.32
RCP01281,Pakistani Bread Special 281,Pakistani,breakfast,True,697,18,66,13,5,1298,2.52,24.02
RCP01282,Pakistani Bread Special 282,Pakistani,breakfast,False,373,28,45,35,10,1263,6.48,23.83
RCP01283,Nihari,Pakistani,dinner,False,726,27,71,25,10,1212,5.04,21.05
RCP01284,Pakistani Bread Special 284,Pakistani,breakfast,False,630,21,35,19,5,1323,1.8,22.4
RCP01285,Chapli Kabab,Pakistani,morning_snack,False,653,22,30,28,5,535,4.68,18.48
RCP01286,Pakistani Bread Special 286,Pakistani,breakfast,True,670,19,66,29,13,523,6.66,19.43
RCP01287,Pakistani Bread Special 287,Pakistani,breakfast,False,308,30,70,22,8,1345,6.84,8.21
RCP01288,Sindhi Biryani,Pakistani,dinner,False,546,20,67,36,7,798,6.66,11.61
RCP01289,Pakistani Bread Special 289,Pakistani,breakfast,True,317,10,33,16,3,1361,5.04,14.65
RCP01290,Sindhi Biryani,Pakistani,dinner,False,696,19,63,26,2,1081,3.96,17.69
RCP01291,Karahi,Pakistani,dinner,False,163,39,40,36,8,1351,5.94,12.1
RCP01292,Biryani,Pakistani,dinner,False,247,5,72,25,3,1264,1.8,22.1
RCP01293,Karahi,Pakistani,dinner,False,369,31,35,22,11,718,6.84,15.39
RCP01294,Pakistani Bread Special 294,Pakistani,breakfast,False,666,44,51,33,3,470,4.32,14.42
RCP01295,Pakistani Bread Special 295,Pakistani,breakfast,False,653,40,70,33,3,1288,7.02,7.3
RCP01296,Dal Makhani,Pakistani,dinner,False,794,42,64,19,2,830,3.78,3.41
RCP01297,Aloo Gosht,Pakistani,dinner,False,403,6,63,29,4,880,3.24,18.75
RCP01298,Chapli Kabab,Pakistani,morning_snack,False,789,40,33,33,5,637,6.84,6.67
RCP01299,Pakistani Bread Special 299,Pakistani,breakfast,False,186,36,42,19,8,426,3.42,9.97
RCP01300,Pakistani Bread Special 300,Pakistani,breakfast,False,382,25,46,20,7,1251,4.32,22.0
RCP01301,Chicken Tikka,Pakistani,morning_snack,False,502,44,60,24,3,536,5.76,21.42
RCP01302,Karahi,Pakistani,dinner,False,683,38,34,23,9,1130,6.48,22.48
RCP01303,Pakistani Bread Special 303,Pakistani,breakfast,True,752,17,48,11,2,1145,4.5,14.72
RCP01304,Pakistani Bread Special 304,Pakistani,breakfast,True,478,10,61,20,5,594,2.52,4.82
RCP01305,Karahi,Pakistani,dinner,False,395,19,55,23,2,438,6.66,8.07
RCP01306,Paya,Pakistani,dinner,False,340,26,65,21,11,664,4.14,17.03
RCP01307,Biryani,Pakistani,dinner,False,157,24,76,34,10,1185,2.88,3.17
RCP01308,Seekh Kabab,Pakistani,morning_snack,False,474,27,53,35,8,1244,4.86,20.05
RCP01309,Pakistani Bread Special 309,Pakistani,breakfast,False,489,42,75,17,10,599,3.24,5.41
RCP01310,Chapli Kabab,Pakistani,morning_snack,False,341,22,76,33,14,1154,5.22,7.22
RCP01311,Pakistani Bread Special 311,Pakistani,breakfast,False,634,41,61,24,11,633,7.02,22.99
RCP01312,Sajji,Pakistani,dinner,False,738,6,79,12,11,275,6.66,10.4
RCP01313,Seekh Kabab,Pakistani,morning_snack,False,331,15,62,24,9,248,6.12,3.83
RCP01314,Aloo Gosht,Pakistani,dinner,False,691,13,56,22,8,415,6.12,19.63
RCP01315,Chapli Kabab,Pakistani,morning_snack,False,195,45,34,35,12,1340,3.42,7.42
RCP01316,Nihari,Pakistani,dinner,False,634,26,44,30,8,779,4.14,6.34
RCP01317,Nihari,Pakistani,dinner,False,378,43,41,36,4,948,2.88,3.96
RCP01318,Pakistani Bread Special 318,Pakistani,breakfast,False,587,29,44,17,3,1420,2.34,20.07
RCP01319,Nihari,Pakistani,dinner,False,674,18,37,29,5,1454,4.68,24.83
RCP01320,Biryani,Pakistani,dinner,False,414,49,35,22,8,403,4.86,11.04
RCP01321,Chapli Kabab,Pakistani,morning_snack,False,654,49,60,34,13,1138,4.68,5.0
RCP01322,Aloo Gosht,Pakistani,dinner,False,562,30,72,33,10,442,6.3,9.38
RCP01323,Seekh Kabab,Pakistani,morning_snack,False,653,46,53,34,12,222,2.16,20.5
RCP01324,Chicken Tikka,Pakistani,morning_snack,False,671,32,78,29,11,1421,5.4,16.45
RCP01325,Pakistani Bread Special 325,Pakistani,breakfast,False,755,34,65,39,9,581,1.98,18.05
RCP01326,Pakistani Bread Special 326,Pakistani,breakfast,False,301,41,36,37,13,960,4.14,24.47
RCP01327,Chicken Tikka,Pakistani,morning_snack,False,151,36,72,18,12,626,3.96,24.89
RCP01328,Seekh Kabab,Pakistani,morning_snack,False,501,15,63,16,9,287,2.34,9.04
RCP01329,Pakistani Bread Special 329,Pakistani,breakfast,False,504,43,35,22,9,627,2.34,10.36
RCP01330,Pakistani Bread Special 330,Pakistani,breakfast,False,464,46,58,18,13,305,3.78,7.24
RCP01331,Chapli Kabab,Pakistani,morning_snack,False,727,24,54,25,5,371,2.88,16.42
RCP01332,Aloo Gosht,Pakistani,dinner,False,450,11,56,13,4,991,3.24,20.86
RCP01333,Lahori Chargha,Pakistani,dinner,False,669,26,60,29,14,223,7.02,6.81
RCP01334,Pakistani Bread Special 334,Pakistani,breakfast,False,460,49,61,16,8,1012,2.16,7.06
RCP01335,Dal Makhani,Pakistani,dinner,True,222,15,32,24,10,1349,2.7,9.28
RCP01336,Pakistani Bread Special 336,Pakistani,breakfast,False,786,35,68,31,9,1311,3.78,17.19
RCP01337,Chapli Kabab,Pakistani,morning_snack,False,241,6,77,18,2,543,3.42,16.82
RCP01338,Palak Paneer,Pakistani,dinner,False,519,48,71,27,8,658,5.4,5.87
RCP01339,Dal Makhani,Pakistani,dinner,False,382,33,54,20,2,1485,4.86,14.0
RCP01340,Korma,Pakistani,dinner,False,412,22,78,16,9,443,3.78,8.18
RCP01341,Seekh Kabab,Pakistani,morning_snack,False,271,21,74,19,14,794,6.3,5.94
RCP01342,Pakistani Bread Special 342,Pakistani,breakfast,False,444,29,59,31,11,983,2.52,21.32
RCP01343,Pakistani Bread Special 343,Pakistani,breakfast,False,286,46,45,24,10,449,5.22,24.33
RCP01344,Pakistani Bread Special 344,Pakistani,breakfast,False,768,49,65,38,8,1318,5.4,21.91
RCP01345,Karahi,Pakistani,dinner,False,712,34,58,22,2,851,3.78,8.15
RCP01346,Chicken Tikka,Pakistani,morning_snack,False,523,11,54,26,10,1254,3.6,2.97
RCP01347,Palak Paneer,Pakistani,dinner,False,716,6,43,17,14,792,5.04,18.11
RCP01348,Haleem,Pakistani,dinner,False,336,19,72,12,3,1325,3.96,17.97
RCP01349,Seekh Kabab,Pakistani,morning_snack,False,265,6,71,19,2,764,3.06,17.11
RCP01350,Lahori Chargha,Pakistani,dinner,False,610,31,61,39,10,1330,6.66,4.69
RCP01351,Pakistani Bread Special 351,Pakistani,breakfast,True,191,15,50,16,5,1062,4.86,11.14
RCP01352,Chicken Tikka,Pakistani,morning_snack,False,358,17,52,12,8,1301,2.7,5.7
RCP01353,Aloo Gosht,Pakistani,dinner,False,365,40,44,28,7,1361,5.04,19.96
RCP01354,Pakistani Bread Special 354,Pakistani,breakfast,False,368,20,42,39,6,1383,3.06,18.97
RCP01355,Chapli Kabab,Pakistani,morning_snack,False,405,25,68,24,5,485,3.78,7.83
RCP01356,Korma,Pakistani,dinner,False,175,38,48,26,11,274,5.76,2.56
RCP01357,Sajji,Pakistani,dinner,False,697,47,35,24,3,1127,1.8,19.86
RCP01358,Dal Makhani,Pakistani,dinner,False,303,32,78,38,6,936,6.66,17.57
RCP01359,Pakistani Bread Special 359,Pakistani,breakfast,True,653,11,74,26,4,241,5.58,5.59
RCP01360,Karahi,Pakistani,dinner,False,346,35,67,25,2,961,6.3,3.82
RCP01361,Pakistani Bread Special 361,Pakistani,breakfast,False,269,8,34,24,10,410,3.78,12.97
RCP01362,Karahi,Pakistani,dinner,False,226,35,36,25,11,1006,3.42,16.02
RCP01363,Korma,Pakistani,dinner,False,448,14,31,21,8,1355,1.98,7.71
RCP01364,Karahi,Pakistani,dinner,False,357,23,58,17,10,693,5.4,12.1
RCP01365,Aloo Gosht,Pakistani,dinner,False,262,18,79,10,3,1035,3.6,4.3
RCP01366,Korma,Pakistani,dinner,False,721,41,37,28,11,642,3.24,7.51
RCP01367,Haleem,Pakistani,dinner,False,581,21,70,18,14,1041,6.48,11.84
RCP01368,Sajji,Pakistani,dinner,False,470,27,64,29,2,402,4.32,13.22
RCP01369,Pakistani Bread Special 369,Pakistani,breakfast,False,384,9,48,18,8,1430,2.16,16.37
RCP01370,Lahori Chargha,Pakistani,dinner,False,312,25,39,15,4,1183,6.3,10.48
RCP01371,Pakistani Bread Special 371,Pakistani,breakfast,False,451,27,44,34,5,308,5.76,22.64
RCP01372,Seekh Kabab,Pakistani,morning_snack,False,373,21,35,20,4,1169,3.24,23.22
RCP01373,Dal Makhani,Pakistani,dinner,False,281,34,53,30,9,971,3.06,14.49
RCP01374,Palak Paneer,Pakistani,dinner,False,213,31,34,18,10,555,6.12,24.61
RCP01375,Haleem,Pakistani,dinner,False,429,46,31,31,3,1174,6.66,12.38
RCP01376,Karahi,Pakistani,dinner,False,455,39,51,28,3,462,6.12,8.38
RCP01377,Chapli Kabab,Pakistani,morning_snack,False,517,27,71,37,4,1247,1.98,11.53
RCP01378,Nihari,Pakistani,dinner,False,468,44,45,27,6,337,1.98,9.64
RCP01379,Chapli Kabab,Pakistani,morning_snack,False,445,28,65,26,5,353,2.16,16.57
RCP01380,Haleem,Pakistani,dinner,False,190,49,60,31,8,296,3.24,24.23
RCP01381,Sindhi Biryani,Pakistani,dinner,False,184,26,47,34,12,920,2.7,11.33
RCP01382,Karahi,Pakistani,dinner,False,660,17,52,16,8,412,3.24,12.41
RCP01383,Chapli Kabab,Pakistani,morning_snack,False,434,6,35,23,14,789,2.16,17.29
RCP01384,Biryani,Pakistani,dinner,False,632,29,59,21,11,548,6.48,6.93
RCP01385,Karahi,Pakistani,dinner,False,646,10,65,21,8,854,2.88,2.05
RCP01386,Nihari,Pakistani,dinner,False,593,21,77,19,7,455,5.94,4.17
RCP01387,Karahi,Pakistani,dinner,False,619,10,68,11,4,540,3.96,14.54
RCP01388,Pakistani Bread Special 388,Pakistani,breakfast,False,326,47,52,30,5,895,6.48,5.84
RCP01389,Sindhi Biryani,Pakistani,dinner,False,393,49,32,39,10,708,3.24,21.41
RCP01390,Pakistani Bread Special 390,Pakistani,breakfast,False,302,30,58,35,10,631,7.02,11.32
RCP01391,Chicken Tikka,Pakistani,morning_snack,False,786,20,35,15,6,738,1.98,21.76
RCP01392,Sindhi Biryani,Pakistani,dinner,False,488,34,40,17,14,1442,4.5,16.06
RCP01393,Seekh Kabab,Pakistani,morning_snack,False,434,36,38,36,5,578,6.48,18.94
RCP01394,Paya,Pakistani,dinner,False,642,18,30,23,11,1082,4.68,4.59
RCP01395,Aloo Gosht,Pakistani,dinner,False,794,15,72,17,8,1297,6.66,4.99
RCP01396,Sindhi Biryani,Pakistani,dinner,False,659,33,36,23,13,833,7.02,15.83
RCP01397,Korma,Pakistani,dinner,False,662,14,41,20,10,447,5.04,6.81
RCP01398,Chicken Tikka,Pakistani,morning_snack,False,771,12,40,28,3,1148,4.86,10.67
RCP01399,Chapli Kabab,Pakistani,morning_snack,False,535,28,52,35,13,1144,3.78,4.27
RCP01400,Biryani,Pakistani,dinner,False,717,36,52,19,12,428,5.22,14.4
RCP01401,Pakistani Bread Special 401,Pakistani,breakfast,False,773,46,39,16,12,1190,3.24,19.15
RCP01402,Pakistani Bread Special 402,Pakistani,breakfast,False,649,34,52,27,13,586,5.58,20.66
RCP01403,Biryani,Pakistani,dinner,False,337,26,68,36,14,1180,2.34,20.07
RCP01404,Pakistani Bread Special 404,Pakistani,breakfast,False,213,28,74,34,3,1370,6.66,24.55
RCP01405,Pakistani Bread Special 405,Pakistani,breakfast,False,756,20,55,27,11,1168,3.42,24.07
RCP01406,Aloo Gosht,Pakistani,dinner,False,600,33,57,23,4,1406,5.4,7.5
RCP01407,Sindhi Biryani,Pakistani,dinner,False,636,25,60,28,13,520,2.16,15.98
RCP01408,Nihari,Pakistani,dinner,False,682,30,43,21,9,657,4.14,16.33
RCP01409,Pakistani Bread Special 409,Pakistani,breakfast,False,180,46,64,32,11,308,3.06,18.2
RCP01410,Aloo Gosht,Pakistani,dinner,False,705,22,43,20,5,1007,5.22,10.96
RCP01411,Seekh Kabab,Pakistani,morning_snack,False,504,37,66,21,13,997,1.98,12.55
RCP01412,Sajji,Pakistani,dinner,False,790,6,78,12,6,454,4.32,11.99
RCP01413,Chicken Tikka,Pakistani,morning_snack,False,171,40,55,25,5,259,1.98,23.85
RCP01414,Korma,Pakistani,dinner,False,341,6,66,13,7,932,1.8,5.99
RCP01415,Pakistani Bread Special 415,Pakistani,breakfast,True,693,11,57,14,5,1417,4.14,13.63
RCP01416,Paya,Pakistani,dinner,False,408,18,34,17,14,802,2.34,13.22
RCP01417,Lahori Chargha,Pakistani,dinner,False,219,48,58,29,12,1331,2.16,6.72
RCP01418,Biryani,Pakistani,dinner,False,577,30,70,34,6,1369,5.76,24.2
RCP01419,Chapli Kabab,Pakistani,morning_snack,False,213,8,70,25,9,895,5.76,14.11
RCP01420,Karahi,Pakistani,dinner,False,185,13,47,17,3,874,5.76,12.08
RCP01421,Sajji,Pakistani,dinner,False,154,8,31,15,8,1360,2.16,9.89
RCP01422,Nihari,Pakistani,dinner,False,690,18,78,27,10,1108,4.86,24.59
RCP01423,Nihari,Pakistani,dinner,False,334,34,65,30,11,286,3.96,2.88
RCP01424,Karahi,Pakistani,dinner,False,227,16,35,28,2,1489,3.78,2.63
RCP01425,Lahori Chargha,Pakistani,dinner,False,190,38,37,17,9,942,3.24,7.92
RCP01426,Chapli Kabab,Pakistani,morning_snack,False,565,8,44,12,2,568,5.76,19.23
RCP01427,Chapli Kabab,Pakistani,morning_snack,False,350,30,75,19,6,676,5.04,8.47
RCP01428,Chicken Tikka,Pakistani,morning_snack,False,540,39,56,28,8,750,4.14,21.59
RCP01429,Pakistani Bread Special 429,Pakistani,breakfast,False,264,32,60,34,4,1399,3.78,7.22
RCP01430,Pakistani Bread Special 430,Pakistani,breakfast,True,451,5,46,10,12,661,2.52,9.44
RCP01431,Nihari,Pakistani,dinner,False,345,18,77,13,8,608,4.86,14.76
RCP01432,Paya,Pakistani,dinner,False,692,38,43,34,11,1480,4.32,22.4
RCP01433,Biryani,Pakistani,dinner,False,400,36,40,30,11,288,1.98,6.75
RCP01434,Karahi,Pakistani,dinner,False,632,14,75,25,12,1269,3.78,3.23
RCP01435,Nihari,Pakistani,dinner,False,734,13,57,13,2,346,5.94,14.27
RCP01436,Aloo Gosht,Pakistani,dinner,False,431,47,69,38,8,753,1.98,23.41
RCP01437,Chicken Tikka,Pakistani,morning_snack,False,410,10,30,21,13,1275,5.4,22.46
RCP01438,Chicken Tikka,Pakistani,morning_snack,False,467,38,50,33,4,1017,4.32,7.25
RCP01439,Pakistani Bread Special 439,Pakistani,breakfast,False,299,22,51,32,5,1076,2.52,9.75
RCP01440,Biryani,Pakistani,dinner,True,220,19,32,27,9,1236,3.24,21.03
RCP01441,Palak Paneer,Pakistani,dinner,False,525,47,43,17,8,1049,4.32,12.05
RCP01442,Chapli Kabab,Pakistani,morning_snack,False,601,12,39,22,4,965,2.16,9.13
RCP01443,Pakistani Bread Special 443,Pakistani,breakfast,False,717,27,78,34,3,920,4.86,15.31
RCP01444,Nihari,Pakistani,dinner,False,182,24,50,39,14,357,3.96,11.84
RCP01445,Haleem,Pakistani,dinner,False,558,39,50,38,11,913,4.5,7.71
RCP01446,Biryani,Pakistani,dinner,False,445,32,56,27,7,1148,5.76,9.47
RCP01447,Nihari,Pakistani,dinner,False,309,34,61,29,7,280,2.16,20.42
RCP01448,Dal Makhani,Pakistani,dinner,True,627,14,46,28,6,1465,3.42,17.0
RCP01449,Lahori Chargha,Pakistani,dinner,False,256,14,42,13,7,776,3.78,4.95
RCP01450,Pakistani Bread Special 450,Pakistani,breakfast,False,751,33,71,32,10,1073,5.58,7.52
RCP01451,Aloo Gosht,Pakistani,dinner,False,491,17,66,25,9,1218,6.12,18.07
RCP01452,Haleem,Pakistani,dinner,False,202,40,74,32,7,626,2.52,11.47
RCP01453,Chicken Tikka,Pakistani,morning_snack,False,299,23,62,18,6,1156,6.3,8.13
RCP01454,Paya,Pakistani,dinner,False,343,23,70,24,6,570,5.58,7.93
RCP01455,Palak Paneer,Pakistani,dinner,False,792,22,44,19,9,1292,5.76,16.56
RCP01456,Pakistani Bread Special 456,Pakistani,breakfast,False,468,20,79,18,11,1324,3.6,12.4
RCP01457,Haleem,Pakistani,dinner,False,750,26,70,18,8,433,5.94,18.16
RCP01458,Pakistani Bread Special 458,Pakistani,breakfast,True,256,11,52,15,3,919,5.76,21.99
RCP01459,Biryani,Pakistani,dinner,True,749,15,53,20,10,1109,3.06,3.12
RCP01460,Seekh Kabab,Pakistani,morning_snack,False,220,30,50,30,5,657,5.58,18.68
RCP01461,Seekh Kabab,Pakistani,morning_snack,False,730,22,66,25,7,1076,2.34,10.09
RCP01462,Aloo Gosht,Pakistani,dinner,False,334,29,57,32,8,1011,4.68,12.55
RCP01463,Chapli Kabab,Pakistani,morning_snack,False,324,29,52,24,7,1090,2.34,2.73
RCP01464,Paya,Pakistani,dinner,False,220,30,39,19,12,601,5.94,14.87
RCP01465,Seekh Kabab,Pakistani,morning_snack,False,716,34,34,19,3,1091,4.68,10.86
RCP01466,Chapli Kabab,Pakistani,morning_snack,False,472,10,58,25,7,973,2.34,9.58
RCP01467,Pakistani Bread Special 467,Pakistani,breakfast,False,720,33,51,25,14,1169,3.42,5.34
RCP01468,Seekh Kabab,Pakistani,morning_snack,False,172,31,34,34,3,990,4.32,16.74
RCP01469,Biryani,Pakistani,dinner,False,771,25,36,25,6,999,4.14,5.91
RCP01470,Paya,Pakistani,dinner,False,169,47,74,37,10,1310,6.3,12.02
RCP01471,Seekh Kabab,Pakistani,morning_snack,False,224,5,63,28,14,1041,7.02,10.39
RCP01472,Lahori Chargha,Pakistani,dinner,False,247,17,58,11,10,618,7.02,9.19
RCP01473,Paya,Pakistani,dinner,False,294,47,69,39,5,487,4.68,24.06
RCP01474,Chicken Tikka,Pakistani,morning_snack,False,377,48,58,16,9,1397,1.8,21.28
RCP01475,Palak Paneer,Pakistani,dinner,False,520,25,60,29,2,255,2.7,20.47
RCP01476,Pakistani Bread Special 476,Pakistani,breakfast,False,607,20,74,30,7,1483,5.04,11.92
RCP01477,Paya,Pakistani,dinner,False,208,22,68,23,6,764,3.6,12.07
RCP01478,Nihari,Pakistani,dinner,False,291,26,49,23,5,277,5.94,16.06
RCP01479,Pakistani Bread Special 479,Pakistani,breakfast,True,610,13,49,14,13,549,5.58,13.88
RCP01480,Haleem,Pakistani,dinner,False,716,37,50,31,4,1098,4.14,11.1
RCP01481,Aloo Gosht,Pakistani,dinner,False,677,22,59,16,14,1165,6.84,7.32
RCP01482,Karahi,Pakistani,dinner,False,354,43,47,38,3,1099,4.68,2.59
RCP01483,Lahori Chargha,Pakistani,dinner,False,781,21,61,16,10,774,4.68,19.82
RCP01484,Biryani,Pakistani,dinner,False,207,38,44,36,10,1157,2.16,3.48
RCP01485,Dal Makhani,Pakistani,dinner,False,151,47,33,30,12,1247,4.68,16.33
RCP01486,Nihari,Pakistani,dinner,False,722,47,39,34,13,1480,4.14,12.29
RCP01487,Seekh Kabab,Pakistani,morning_snack,False,607,46,58,27,11,531,6.3,20.19
RCP01488,Nihari,Pakistani,dinner,False,584,38,76,21,4,1464,4.14,3.86
RCP01489,Pakistani Bread Special 489,Pakistani,breakfast,False,242,49,54,23,11,259,3.78,11.99
RCP01490,Sindhi Biryani,Pakistani,dinner,True,362,5,63,17,3,282,2.16,5.75
RCP01491,Chapli Kabab,Pakistani,morning_snack,False,285,15,53,17,7,701,4.5,10.02
RCP01492,Sajji,Pakistani,dinner,False,778,27,46,22,4,1191,3.42,7.2
RCP01493,Pakistani Bread Special 493,Pakistani,breakfast,False,248,25,38,38,6,1277,3.06,21.96
RCP01494,Dal Makhani,Pakistani,dinner,False,297,36,53,18,4,1300,3.24,11.46
RCP01495,Pakistani Bread Special 495,Pakistani,breakfast,False,418,22,78,28,2,898,5.22,9.06
RCP01496,Paya,Pakistani,dinner,False,593,34,78,27,7,894,2.7,13.4
RCP01497,Haleem,Pakistani,dinner,False,192,13,49,20,4,959,5.22,6.47
RCP01498,Haleem,Pakistani,dinner,False,463,39,54,26,7,503,2.16,3.18
RCP01499,Biryani,Pakistani,dinner,True,396,18,45,27,5,366,5.04,6.07
RCP01500,Chapli Kabab,Pakistani,morning_snack,False,241,35,39,20,3,351,4.86,10.63
RCP01501,Haleem,Pakistani,dinner,False,556,14,62,19,4,1030,2.16,9.01
RCP01502,Seekh Kabab,Pakistani,morning_snack,False,492,49,62,36,9,1257,3.24,16.69
RCP01503,Pakistani Desserts Special 3,Pakistani,morning_snack,False,244,21,64,38,11,374,2.16,2.62
RCP01504,Korma,Pakistani,dinner,False,646,19,61,13,14,606,2.7,11.34
RCP01505,Palak Paneer,Pakistani,dinner,False,528,35,63,16,3,496,6.66,20.18
RCP01506,Seekh Kabab,Pakistani,morning_snack,False,764,36,48,31,6,440,1.98,20.22
RCP01507,Aloo Gosht,Pakistani,dinner,False,532,33,54,33,14,719,3.6,19.0
RCP01508,Seekh Kabab,Pakistani,morning_snack,False,408,17,44,19,8,884,4.14,19.74
RCP01509,Pakistani Desserts Special 9,Pakistani,morning_snack,False,684,6,46,23,5,385,4.5,2.95
RCP01510,Pakistani Desserts Special 10,Pakistani,morning_snack,True,346,9,64,10,7,1484,6.48,13.16
RCP01511,Sindhi Biryani,Pakistani,dinner,False,329,45,47,36,2,1023,6.12,23.73
RCP01512,Lahori Chargha,Pakistani,dinner,False,748,27,34,34,7,670,2.34,2.51
RCP01513,Karahi,Pakistani,dinner,False,257,10,46,12,7,217,4.86,15.66
RCP01514,Chicken Tikka,Pakistani,morning_snack,False,416,8,63,14,2,921,5.94,19.28
RCP01515,Biryani,Pakistani,dinner,False,677,13,56,15,11,1236,5.22,6.39
RCP01516,Pakistani Desserts Special 16,Pakistani,morning_snack,False,303,48,43,33,7,933,6.12,12.37
RCP01517,Sajji,Pakistani,dinner,False,237,20,45,17,7,1499,4.32,10.28
RCP01518,Aloo Gosht,Pakistani,dinner,False,378,15,72,23,2,703,4.32,17.06
RCP01519,Chapli Kabab,Pakistani,morning_snack,False,353,15,55,10,11,477,4.86,10.47
RCP01520,Chicken Tikka,Pakistani,morning_snack,False,286,18,72,28,2,1404,6.66,11.54
RCP01521,Paya,Pakistani,dinner,False,506,42,46,29,14,256,3.24,11.72
RCP01522,Pakistani Desserts Special 22,Pakistani,morning_snack,False,518,24,43,29,11,975,5.58,20.53
RCP01523,Biryani,Pakistani,dinner,False,736,38,62,35,4,702,1.8,9.31
RCP01524,Paya,Pakistani,dinner,False,470,19,52,22,5,816,6.48,19.52
RCP01525,Chapli Kabab,Pakistani,morning_snack,False,497,23,50,19,10,1058,5.4,19.61
RCP01526,Pakistani Desserts Special 26,Pakistani,morning_snack,False,372,34,62,29,11,1238,6.84,21.43
RCP01527,Pakistani Desserts Special 27,Pakistani,morning_snack,False,495,41,55,33,3,922,2.52,5.97
RCP01528,Chapli Kabab,Pakistani,morning_snack,False,342,39,67,39,5,418,5.94,5.63
RCP01529,Dal Makhani,Pakistani,dinner,True,294,14,47,21,6,750,4.5,11.57
RCP01530,Sajji,Pakistani,dinner,False,513,8,54,14,3,262,2.16,15.57
RCP01531,Pakistani Desserts Special 31,Pakistani,morning_snack,False,316,31,36,22,8,428,5.04,20.62
RCP01532,Pakistani Desserts Special 32,Pakistani,morning_snack,False,225,34,43,26,9,1228,3.24,7.67
RCP01533,Korma,Pakistani,dinner,False,784,18,76,23,4,1109,3.06,24.7
RCP01534,Aloo Gosht,Pakistani,dinner,False,399,31,63,38,11,1395,1.98,12.94
RCP01535,Pakistani Desserts Special 35,Pakistani,morning_snack,False,751,28,70,31,6,1381,2.52,5.4
RCP01536,Haleem,Pakistani,dinner,False,162,25,33,38,11,1415,6.66,23.7
RCP01537,Haleem,Pakistani,dinner,False,412,47,74,20,13,471,2.34,4.79
RCP01538,Nihari,Pakistani,dinner,False,742,34,55,28,13,1229,4.68,23.45
RCP01539,Nihari,Pakistani,dinner,False,614,46,79,17,10,526,5.76,11.79
RCP01540,Aloo Gosht,Pakistani,dinner,False,750,25,60,36,8,483,3.06,18.85
RCP01541,Seekh Kabab,Pakistani,morning_snack,False,521,17,32,20,3,1453,3.6,10.98
RCP01542,Korma,Pakistani,dinner,False,449,19,74,23,5,760,1.8,22.33
RCP01543,Pakistani Desserts Special 43,Pakistani,morning_snack,False,798,44,37,18,8,651,5.94,6.93
RCP01544,Nihari,Pakistani,dinner,False,421,35,50,33,7,493,4.86,15.24
RCP01545,Paya,Pakistani,dinner,False,478,44,45,39,14,1246,1.8,15.85
RCP01546,Chicken Tikka,Pakistani,morning_snack,False,239,12,78,15,4,1193,5.76,16.2
RCP01547,Pakistani Desserts Special 47,Pakistani,morning_snack,True,694,5,51,10,5,1206,3.96,18.87
RCP01548,Paya,Pakistani,dinner,False,467,46,65,37,7,569,3.6,2.26
RCP01549,Pakistani Desserts Special 49,Pakistani,morning_snack,False,635,46,38,18,5,1465,4.86,23.82
RCP01550,Chicken Tikka,Pakistani,morning_snack,False,412,36,60,24,6,1079,2.88,12.7
RCP01551,Lahori Chargha,Pakistani,dinner,False,298,32,51,28,12,1112,4.68,8.37
RCP01552,Korma,Pakistani,dinner,False,186,49,37,26,10,669,5.22,5.08
RCP01553,Sindhi Biryani,Pakistani,dinner,False,605,25,59,34,4,1289,5.4,8.28
RCP01554,Biryani,Pakistani,dinner,False,295,25,53,34,12,939,2.7,15.35
RCP01555,Pakistani Desserts Special 55,Pakistani,morning_snack,False,379,39,76,26,14,1282,3.6,20.2
RCP01556,Aloo Gosht,Pakistani,dinner,False,276,35,46,26,14,1122,5.22,5.05
RCP01557,Paya,Pakistani,dinner,False,406,41,40,33,2,879,2.52,20.29
RCP01558,Lahori Chargha,Pakistani,dinner,False,781,6,44,16,9,304,5.94,10.03
RCP01559,Aloo Gosht,Pakistani,dinner,False,341,15,53,14,11,1429,5.22,23.72
RCP01560,Sajji,Pakistani,dinner,False,484,5,34,21,8,1281,3.96,15.11
RCP01561,Sajji,Pakistani,dinner,False,622,19,34,28,11,1444,5.76,7.35
RCP01562,Chapli Kabab,Pakistani,morning_snack,False,343,42,60,18,5,691,3.78,5.5
RCP01563,Haleem,Pakistani,dinner,False,379,27,78,21,14,961,2.52,7.76
RCP01564,Pakistani Desserts Special 64,Pakistani,morning_snack,True,394,13,30,15,3,1256,5.04,20.24
RCP01565,Aloo Gosht,Pakistani,dinner,False,511,7,67,16,12,746,1.8,10.8
RCP01566,Pakistani Desserts Special 66,Pakistani,morning_snack,False,333,5,44,18,6,831,7.02,17.75
RCP01567,Pakistani Desserts Special 67,Pakistani,morning_snack,False,784,38,73,28,9,1299,4.68,13.71
RCP01568,Sajji,Pakistani,dinner,False,501,25,47,32,5,1252,4.14,13.84
RCP01569,Palak Paneer,Pakistani,dinner,True,532,16,31,24,12,1123,6.84,2.06
RCP01570,Karahi,Pakistani,dinner,False,604,18,32,27,12,532,6.3,23.71
RCP01571,Dal Makhani,Pakistani,dinner,False,179,21,45,30,7,524,5.76,7.97
RCP01572,Sindhi Biryani,Pakistani,dinner,True,745,7,36,16,10,1351,3.6,15.75
RCP01573,Chicken Tikka,Pakistani,morning_snack,False,744,25,61,36,9,834,6.48,16.82
RCP01574,Biryani,Pakistani,dinner,False,540,22,42,16,4,1447,4.5,24.89
RCP01575,Seekh Kabab,Pakistani,morning_snack,False,697,26,64,20,8,1102,6.48,9.11
RCP01576,Sajji,Pakistani,dinner,False,664,11,64,17,8,994,5.22,18.61
RCP01577,Pakistani Desserts Special 77,Pakistani,morning_snack,False,182,43,51,17,2,1125,6.12,24.94
RCP01578,Lahori Chargha,Pakistani,dinner,False,592,12,77,15,5,628,3.78,21.91
RCP01579,Seekh Kabab,Pakistani,morning_snack,False,297,12,77,21,6,610,3.24,5.7
RCP01580,Aloo Gosht,Pakistani,dinner,False,711,45,52,17,7,1085,5.04,14.1
RCP01581,Nihari,Pakistani,dinner,False,422,35,43,18,12,739,2.7,17.62
RCP01582,Dal Makhani,Pakistani,dinner,False,327,21,44,20,10,447,4.14,21.53
RCP01583,Korma,Pakistani,dinner,False,734,38,64,21,10,516,6.66,3.36
RCP01584,Lahori Chargha,Pakistani,dinner,False,467,10,73,18,4,1046,2.52,13.56
RCP01585,Chapli Kabab,Pakistani,morning_snack,False,184,7,36,12,5,769,4.32,21.28
RCP01586,Seekh Kabab,Pakistani,morning_snack,False,730,17,41,19,7,343,6.12,3.31
RCP01587,Pakistani Desserts Special 87,Pakistani,morning_snack,False,325,20,38,28,3,664,2.52,17.73
RCP01588,Nihari,Pakistani,dinner,False,420,40,34,16,14,718,3.42,9.33
RCP01589,Chicken Tikka,Pakistani,morning_snack,False,213,18,76,24,3,1197,2.34,23.86
RCP01590,Palak Paneer,Pakistani,dinner,False,474,25,35,15,7,1437,4.32,21.8
RCP01591,Pakistani Desserts Special 91,Pakistani,morning_snack,False,609,43,78,31,12,1011,5.22,17.6
RCP01592,Haleem,Pakistani,dinner,False,578,23,49,18,7,307,6.66,11.12
RCP01593,Paya,Pakistani,dinner,False,602,46,33,35,12,572,3.42,7.82
RCP01594,Pakistani Desserts Special 94,Pakistani,morning_snack,False,691,35,50,30,14,1037,6.84,20.54
RCP01595,Chapli Kabab,Pakistani,morning_snack,False,317,20,31,26,7,887,5.76,2.65
RCP01596,Pakistani Desserts Special 96,Pakistani,morning_snack,False,798,49,43,38,6,530,3.96,18.04
RCP01597,Pakistani Desserts Special 97,Pakistani,morning_snack,False,525,44,75,23,8,726,3.06,18.18
RCP01598,Korma,Pakistani,dinner,False,741,6,62,20,4,573,6.48,10.5
RCP01599,Pakistani Desserts Special 99,Pakistani,morning_snack,False,189,37,61,27,9,881,3.6,8.62
RCP01600,Sajji,Pakistani,dinner,False,697,19,56,21,14,540,3.6,9.16
RCP01601,Korma,Pakistani,dinner,False,493,22,65,38,4,1356,5.4,4.36
RCP01602,Chapli Kabab,Pakistani,morning_snack,False,230,6,65,11,14,1093,5.58,23.35
RCP01603,Chapli Kabab,Pakistani,morning_snack,False,553,45,66,36,9,628,4.32,11.03
RCP01604,Pakistani Desserts Special 104,Pakistani,morning_snack,True,387,10,41,23,3,346,6.84,10.32
RCP01605,Nihari,Pakistani,dinner,False,158,25,79,38,5,1426,1.8,4.44
RCP01606,Dal Makhani,Pakistani,dinner,False,656,22,55,36,14,392,2.7,10.6
RCP01607,Pakistani Desserts Special 107,Pakistani,morning_snack,True,414,17,67,17,6,1058,2.16,23.24
RCP01608,Palak Paneer,Pakistani,dinner,False,677,39,39,18,7,568,5.58,9.63
RCP01609,Paya,Pakistani,dinner,False,551,5,63,26,2,911,3.42,22.78
RCP01610,Pakistani Desserts Special 110,Pakistani,morning_snack,False,178,26,44,20,6,966,4.68,20.64
RCP01611,Dal Makhani,Pakistani,dinner,True,309,19,40,17,10,406,5.22,23.45
RCP01612,Chapli Kabab,Pakistani,morning_snack,False,498,7,47,21,4,547,3.06,20.59
RCP01613,Lahori Chargha,Pakistani,dinner,False,506,23,30,27,10,434,5.58,4.41
RCP01614,Biryani,Pakistani,dinner,False,371,8,79,26,14,231,6.66,7.78
RCP01615,Karahi,Pakistani,dinner,False,220,28,67,28,11,1014,2.34,23.75
RCP01616,Sindhi Biryani,Pakistani,dinner,False,385,48,55,15,14,226,3.06,2.17
RCP01617,Seekh Kabab,Pakistani,morning_snack,False,243,9,60,21,9,347,7.02,2.97
RCP01618,Pakistani Desserts Special 118,Pakistani,morning_snack,False,575,23,37,23,10,878,2.7,10.33
RCP01619,Nihari,Pakistani,dinner,False,361,39,53,33,8,1429,3.06,3.08
RCP01620,Chapli Kabab,Pakistani,morning_snack,False,427,31,72,29,14,358,4.86,8.92
RCP01621,Lahori Chargha,Pakistani,dinner,False,581,39,70,36,3,1220,4.32,4.06
RCP01622,Pakistani Desserts Special 122,Pakistani,morning_snack,False,656,25,31,25,3,1339,2.7,6.51
RCP01623,Korma,Pakistani,dinner,False,257,28,36,20,8,1086,3.78,19.89
RCP01624,Biryani,Pakistani,dinner,False,267,26,32,18,2,971,3.78,14.26
RCP01625,Paya,Pakistani,dinner,False,270,14,55,28,11,278,5.76,24.96
RCP01626,Korma,Pakistani,dinner,False,483,43,31,26,2,459,3.42,2.25
RCP01627,Pakistani Desserts Special 127,Pakistani,morning_snack,False,768,49,55,16,14,507,6.84,24.75
RCP01628,Aloo Gosht,Pakistani,dinner,False,735,35,79,22,13,745,5.4,16.03
RCP01629,Chapli Kabab,Pakistani,morning_snack,False,294,45,77,28,8,574,4.32,17.24
RCP01630,Sindhi Biryani,Pakistani,dinner,False,623,16,52,25,11,993,2.52,17.5
RCP01631,Pakistani Desserts Special 131,Pakistani,morning_snack,False,396,49,46,15,8,1065,5.76,2.16
RCP01632,Pakistani Desserts Special 132,Pakistani,morning_snack,True,366,17,43,26,13,1218,2.52,2.54
RCP01633,Karahi,Pakistani,dinner,False,348,9,33,17,3,667,4.68,4.49
RCP01634,Korma,Pakistani,dinner,False,452,47,55,22,13,525,4.5,6.31
RCP01635,Pakistani Desserts Special 135,Pakistani,morning_snack,False,726,30,43,39,8,585,6.3,20.28
RCP01636,Haleem,Pakistani,dinner,False,374,21,71,16,10,466,6.48,16.86
RCP01637,Chicken Tikka,Pakistani,morning_snack,False,643,13,59,28,10,508,5.94,2.31
RCP01638,Pakistani Desserts Special 138,Pakistani,morning_snack,False,353,9,73,23,11,1113,5.04,14.78
RCP01639,Aloo Gosht,Pakistani,dinner,False,254,47,47,38,14,345,1.98,8.31
RCP01640,Pakistani Desserts Special 140,Pakistani,morning_snack,False,646,37,46,36,14,664,3.96,11.33
RCP01641,Pakistani Desserts Special 141,Pakistani,morning_snack,False,640,25,47,34,7,1241,3.24,9.61
RCP01642,Pakistani Desserts Special 142,Pakistani,morning_snack,False,524,7,30,10,7,1063,4.86,9.56
RCP01643,Pakistani Desserts Special 143,Pakistani,morning_snack,False,620,33,55,31,11,1078,3.78,6.32
RCP01644,Aloo Gosht,Pakistani,dinner,False,417,34,55,24,11,1234,4.32,8.11
RCP01645,Sajji,Pakistani,dinner,False,397,13,36,22,2,1491,4.68,22.17
RCP01646,Haleem,Pakistani,dinner,False,463,29,50,19,11,575,6.48,16.28
RCP01647,Pakistani Desserts Special 147,Pakistani,morning_snack,True,575,6,31,20,4,475,4.14,17.41
RCP01648,Pakistani Desserts Special 148,Pakistani,morning_snack,False,777,48,38,17,10,1255,5.4,13.89
RCP01649,Seekh Kabab,Pakistani,morning_snack,False,734,28,30,19,13,521,5.58,20.02
RCP01650,Pakistani Desserts Special 150,Pakistani,morning_snack,False,233,45,34,16,10,1348,3.24,6.52
RCP01651,Chicken Tikka,Pakistani,morning_snack,False,472,15,43,15,6,784,1.98,6.3
RCP01652,Seekh Kabab,Pakistani,morning_snack,False,205,13,36,13,8,551,3.96,16.9
RCP01653,Pakistani Desserts Special 153,Pakistani,morning_snack,True,458,15,43,24,12,551,4.68,19.92
RCP01654,Dal Makhani,Pakistani,dinner,False,743,45,44,24,7,1477,3.6,24.76
RCP01655,Aloo Gosht,Pakistani,dinner,False,720,27,67,34,14,556,7.02,20.68
RCP01656,Sindhi Biryani,Pakistani,dinner,False,796,25,54,19,10,440,4.5,17.42
RCP01657,Pakistani Desserts Special 157,Pakistani,morning_snack,False,207,49,62,35,2,1245,4.32,13.82
RCP01658,Biryani,Pakistani,dinner,False,560,28,76,36,3,788,4.5,3.58
RCP01659,Pakistani Desserts Special 159,Pakistani,morning_snack,False,384,25,30,18,10,1107,3.42,23.21
RCP01660,Lahori Chargha,Pakistani,dinner,False,602,13,47,23,4,1447,3.96,18.42
RCP01661,Biryani,Pakistani,dinner,True,457,19,66,22,13,271,3.42,10.07
RCP01662,Nihari,Pakistani,dinner,False,657,47,69,17,3,551,4.68,17.76
RCP01663,Chicken Tikka,Pakistani,morning_snack,False,789,9,73,13,13,1154,6.48,14.87
RCP01664,Pakistani Desserts Special 164,Pakistani,morning_snack,False,706,42,43,21,4,1167,4.5,11.44
RCP01665,Seekh Kabab,Pakistani,morning_snack,False,337,47,31,23,13,1490,1.98,19.93
RCP01666,Pakistani Desserts Special 166,Pakistani,morning_snack,False,486,39,73,22,3,958,5.94,3.54
RCP01667,Nihari,Pakistani,dinner,False,210,47,75,23,2,305,6.84,16.15
RCP01668,Chapli Kabab,Pakistani,morning_snack,False,792,43,35,36,6,1037,2.52,2.76
RCP01669,Aloo Gosht,Pakistani,dinner,False,222,49,37,21,10,902,3.96,23.01
RCP01670,Pakistani Desserts Special 170,Pakistani,morning_snack,False,449,27,46,19,6,996,2.16,19.6
RCP01671,Palak Paneer,Pakistani,dinner,False,333,37,78,35,7,793,6.12,5.45
RCP01672,Biryani,Pakistani,dinner,True,267,8,63,21,2,635,4.14,24.81
RCP01673,Lahori Chargha,Pakistani,dinner,False,308,18,43,19,7,1368,2.52,4.1
RCP01674,Sajji,Pakistani,dinner,False,433,44,58,31,10,404,5.94,13.47
RCP01675,Palak Paneer,Pakistani,dinner,False,276,8,70,25,14,807,7.02,4.25
RCP01676,Pakistani Desserts Special 176,Pakistani,morning_snack,False,588,36,54,39,12,931,7.02,23.27
RCP01677,Lahori Chargha,Pakistani,dinner,False,600,10,31,13,12,1110,3.96,6.94
RCP01678,Seekh Kabab,Pakistani,morning_snack,False,602,47,79,27,12,1289,3.42,16.28
RCP01679,Lahori Chargha,Pakistani,dinner,False,218,40,39,31,5,277,6.66,8.54
RCP01680,Nihari,Pakistani,dinner,False,503,37,44,18,3,1015,5.94,22.12
RCP01681,Nihari,Pakistani,dinner,False,636,28,38,38,14,485,4.5,13.5
RCP01682,Pakistani Desserts Special 182,Pakistani,morning_snack,False,503,24,40,15,8,1117,1.98,21.45
RCP01683,Chicken Tikka,Pakistani,morning_snack,False,578,25,33,20,5,859,4.86,22.29
RCP01684,Seekh Kabab,Pakistani,morning_snack,False,493,7,40,27,5,618,4.32,17.69
RCP01685,Nihari,Pakistani,dinner,False,528,25,38,36,2,712,5.76,13.72
RCP01686,Chicken Tikka,Pakistani,morning_snack,False,676,41,49,36,14,1480,4.14,7.15
RCP01687,Chicken Tikka,Pakistani,morning_snack,False,554,26,65,24,8,845,6.48,9.41
RCP01688,Dal Makhani,Pakistani,dinner,False,403,31,31,20,11,1228,2.88,4.82
RCP01689,Sindhi Biryani,Pakistani,dinner,False,733,27,51,35,6,655,1.8,13.17
RCP01690,Pakistani Desserts Special 190,Pakistani,morning_snack,False,170,36,39,37,8,1173,2.34,6.56
RCP01691,Pakistani Desserts Special 191,Pakistani,morning_snack,False,365,49,72,39,13,878,4.14,3.49
RCP01692,Sindhi Biryani,Pakistani,dinner,False,383,42,45,18,10,658,4.32,3.26
RCP01693,Pakistani Desserts Special 193,Pakistani,morning_snack,False,705,24,69,16,2,1434,6.48,2.59
RCP01694,Pakistani Desserts Special 194,Pakistani,morning_snack,False,391,45,75,18,9,826,2.7,8.64
RCP01695,Korma,Pakistani,dinner,False,647,47,76,34,6,667,5.4,23.65
RCP01696,Pakistani Desserts Special 196,Pakistani,morning_snack,True,401,7,56,20,6,273,3.06,14.71
RCP01697,Pakistani Desserts Special 197,Pakistani,morning_snack,False,702,21,69,21,2,208,4.86,17.99
RCP01698,Lahori Chargha,Pakistani,dinner,False,163,34,48,17,6,1075,4.32,24.42
RCP01699,Palak Paneer,Pakistani,dinner,True,683,16,34,29,14,505,4.14,10.8
RCP01700,Sajji,Pakistani,dinner,False,305,34,36,29,8,1090,3.06,18.89
RCP01701,Palak Paneer,Pakistani,dinner,False,747,9,40,19,13,722,1.8,3.92
RCP01702,Haleem,Pakistani,dinner,False,601,44,61,19,12,1263,6.84,8.05
RCP01703,Pakistani Desserts Special 203,Pakistani,morning_snack,True,666,15,68,10,10,363,5.94,4.92
RCP01704,Sajji,Pakistani,dinner,False,190,42,73,19,13,1214,5.22,16.67
RCP01705,Lahori Chargha,Pakistani,dinner,False,488,15,49,12,13,917,2.88,24.82
RCP01706,Lahori Chargha,Pakistani,dinner,False,704,28,33,18,8,557,1.8,18.74
RCP01707,Paya,Pakistani,dinner,False,412,36,66,39,11,316,3.6,5.27
RCP01708,Sindhi Biryani,Pakistani,dinner,True,263,9,69,27,14,344,3.06,24.6
RCP01709,Sindhi Biryani,Pakistani,dinner,False,517,35,73,27,14,677,3.78,18.27
RCP01710,Seekh Kabab,Pakistani,morning_snack,False,609,49,51,34,14,1168,5.76,6.65
RCP01711,Dal Makhani,Pakistani,dinner,False,565,46,37,32,2,384,2.7,15.77
RCP01712,Pakistani Desserts Special 212,Pakistani,morning_snack,False,475,24,51,21,11,594,6.48,22.29
RCP01713,Pakistani Desserts Special 213,Pakistani,morning_snack,False,525,29,42,24,9,763,6.84,15.03
RCP01714,Pakistani Desserts Special 214,Pakistani,morning_snack,False,185,38,62,34,3,747,3.78,21.83
RCP01715,Palak Paneer,Pakistani,dinner,False,631,11,34,15,7,473,6.48,16.48
RCP01716,Palak Paneer,Pakistani,dinner,False,201,22,62,36,3,766,2.52,15.4
RCP01717,Korma,Pakistani,dinner,False,779,6,32,26,6,584,6.12,23.62
RCP01718,Sajji,Pakistani,dinner,False,515,47,77,15,8,1016,3.06,15.4
RCP01719,Chapli Kabab,Pakistani,morning_snack,False,220,36,48,23,4,950,3.24,19.01
RCP01720,Haleem,Pakistani,dinner,False,569,20,38,19,7,1377,2.34,20.04
RCP01721,Biryani,Pakistani,dinner,False,472,35,40,18,11,912,3.6,9.79
RCP01722,Biryani,Pakistani,dinner,False,552,45,58,19,4,590,1.98,8.11
RCP01723,Paya,Pakistani,dinner,False,486,40,39,34,5,972,5.76,24.56
RCP01724,Lahori Chargha,Pakistani,dinner,False,508,35,48,39,2,680,2.88,4.49
RCP01725,Pakistani Desserts Special 225,Pakistani,morning_snack,False,212,6,78,26,5,750,3.78,19.48
RCP01726,Dal Makhani,Pakistani,dinner,False,710,21,35,27,14,957,4.32,6.32
RCP01727,Sajji,Pakistani,dinner,False,763,15,47,25,8,1005,1.98,22.06
RCP01728,Pakistani Desserts Special 228,Pakistani,morning_snack,False,354,12,39,10,9,1357,4.5,24.67
RCP01729,Pakistani Desserts Special 229,Pakistani,morning_snack,False,245,37,74,35,8,874,2.52,10.54
RCP01730,Aloo Gosht,Pakistani,dinner,False,274,48,75,20,11,1448,3.96,2.34
RCP01731,Haleem,Pakistani,dinner,False,184,11,32,15,11,636,5.22,8.85
RCP01732,Pakistani Desserts Special 232,Pakistani,morning_snack,False,182,23,63,24,9,231,3.6,9.02
RCP01733,Pakistani Desserts Special 233,Pakistani,morning_snack,False,202,37,53,27,10,1423,3.78,22.19
RCP01734,Biryani,Pakistani,dinner,True,727,11,69,23,12,282,3.78,16.39
RCP01735,Haleem,Pakistani,dinner,False,569,25,66,21,2,737,6.12,5.45
RCP01736,Palak Paneer,Pakistani,dinner,False,706,41,52,15,11,251,7.02,11.75
RCP01737,Dal Makhani,Pakistani,dinner,False,491,27,71,35,2,1431,6.48,10.54
RCP01738,Chapli Kabab,Pakistani,morning_snack,False,384,22,31,17,14,553,6.66,24.12
RCP01739,Palak Paneer,Pakistani,dinner,False,467,43,70,23,10,413,6.3,6.28
RCP01740,Pakistani Desserts Special 240,Pakistani,morning_snack,False,763,41,73,18,9,470,3.06,11.66
RCP01741,Pakistani Desserts Special 241,Pakistani,morning_snack,False,277,34,45,39,4,235,6.66,18.04
RCP01742,Pakistani Desserts Special 242,Pakistani,morning_snack,True,499,6,31,16,3,253,5.4,9.88
RCP01743,Aloo Gosht,Pakistani,dinner,False,340,29,63,20,8,1174,3.42,3.12
RCP01744,Pakistani Desserts Special 244,Pakistani,morning_snack,False,348,32,46,34,3,709,6.84,19.98
RCP01745,Chapli Kabab,Pakistani,morning_snack,False,718,11,51,12,9,463,6.12,24.28
RCP01746,Seekh Kabab,Pakistani,morning_snack,False,403,37,46,23,10,1371,5.4,7.33
RCP01747,Lahori Chargha,Pakistani,dinner,False,662,39,71,36,8,853,5.76,24.29
RCP01748,Seekh Kabab,Pakistani,morning_snack,False,510,18,66,17,2,1232,3.24,16.71
RCP01749,Nihari,Pakistani,dinner,False,153,18,78,27,2,1128,6.3,12.49
RCP01750,Pakistani Desserts Special 250,Pakistani,morning_snack,False,348,48,45,36,14,669,4.68,3.81
RCP01751,Sajji,Pakistani,dinner,False,723,24,43,25,3,415,3.24,13.15
RCP01752,Dal Makhani,Pakistani,dinner,False,210,10,78,14,12,1056,2.52,2.14
RCP01753,Sajji,Pakistani,dinner,False,275,39,41,20,14,293,7.02,11.59
RCP01754,Chicken Tikka,Pakistani,morning_snack,False,610,43,55,29,2,1153,5.76,23.58
RCP01755,Korma,Pakistani,dinner,False,754,12,44,26,13,652,3.24,24.14
RCP01756,Sindhi Biryani,Pakistani,dinner,False,540,20,30,15,6,1176,3.06,14.5
RCP01757,Pakistani Desserts Special 257,Pakistani,morning_snack,False,325,43,57,36,2,1049,3.06,3.47
RCP01758,Chicken Tikka,Pakistani,morning_snack,False,388,43,37,37,8,685,4.14,11.3
RCP01759,Aloo Gosht,Pakistani,dinner,False,598,48,36,22,7,1078,2.16,20.99
RCP01760,Karahi,Pakistani,dinner,False,340,27,52,15,14,384,1.98,5.4
RCP01761,Pakistani Desserts Special 261,Pakistani,morning_snack,False,567,34,39,25,7,1097,3.6,13.34
RCP01762,Seekh Kabab,Pakistani,morning_snack,False,575,11,38,15,9,1036,2.88,15.27
RCP01763,Pakistani Desserts Special 263,Pakistani,morning_snack,False,633,33,46,37,8,1149,4.14,13.17
RCP01764,Nihari,Pakistani,dinner,False,553,36,42,16,13,541,3.78,3.52
RCP01765,Pakistani Desserts Special 265,Pakistani,morning_snack,True,325,13,30,10,7,1453,5.04,4.24
RCP01766,Haleem,Pakistani,dinner,False,350,14,49,14,3,1470,2.16,19.17
RCP01767,Dal Makhani,Pakistani,dinner,True,493,12,30,11,12,290,6.48,5.69
RCP01768,Pakistani Desserts Special 268,Pakistani,morning_snack,True,265,16,40,25,3,1078,5.58,8.31
RCP01769,Korma,Pakistani,dinner,False,250,28,79,26,6,246,6.66,12.68
RCP01770,Dal Makhani,Pakistani,dinner,False,313,17,31,20,6,1320,1.98,12.13
RCP01771,Chapli Kabab,Pakistani,morning_snack,False,203,28,63,34,4,827,2.7,8.45
RCP01772,Korma,Pakistani,dinner,False,508,27,65,38,6,333,2.16,2.43
RCP01773,Pakistani Desserts Special 273,Pakistani,morning_snack,False,681,22,47,33,3,1089,4.14,8.66
RCP01774,Dal Makhani,Pakistani,dinner,True,296,18,50,17,14,913,4.5,11.0
RCP01775,Dal Makhani,Pakistani,dinner,False,324,24,37,31,4,1232,3.42,19.0
RCP01776,Seekh Kabab,Pakistani,morning_snack,False,714,19,53,27,13,586,6.3,21.03
RCP01777,Dal Makhani,Pakistani,dinner,False,737,46,73,21,4,444,4.14,8.95
RCP01778,Nihari,Pakistani,dinner,False,699,24,69,24,7,577,4.32,2.36
RCP01779,Sindhi Biryani,Pakistani,dinner,True,510,15,31,12,3,1272,3.96,23.87
RCP01780,Pakistani Desserts Special 280,Pakistani,morning_snack,False,304,35,58,23,10,521,3.42,18.17
RCP01781,Nihari,Pakistani,dinner,False,359,34,69,20,11,503,5.58,18.48
RCP01782,Korma,Pakistani,dinner,False,531,48,64,35,14,789,3.06,13.14
RCP01783,Chicken Tikka,Pakistani,morning_snack,False,310,5,58,14,12,501,3.78,10.0
RCP01784,Chicken Tikka,Pakistani,morning_snack,False,692,47,61,21,12,1450,3.24,18.14
RCP01785,Aloo Gosht,Pakistani,dinner,False,589,19,31,20,14,584,2.88,19.35
RCP01786,Pakistani Desserts Special 286,Pakistani,morning_snack,False,170,21,31,21,13,595,2.34,3.22
RCP01787,Korma,Pakistani,dinner,False,168,34,72,18,11,605,6.3,5.8
RCP01788,Seekh Kabab,Pakistani,morning_snack,False,688,8,56,14,9,419,5.04,20.61
RCP01789,Karahi,Pakistani,dinner,False,611,34,73,21,4,1476,3.96,20.44
RCP01790,Pakistani Desserts Special 290,Pakistani,morning_snack,True,254,9,45,21,5,1272,5.58,22.48
RCP01791,Paya,Pakistani,dinner,False,482,37,46,27,2,415,3.6,10.13
RCP01792,Aloo Gosht,Pakistani,dinner,False,647,25,59,31,5,818,3.06,2.29
RCP01793,Pakistani Desserts Special 293,Pakistani,morning_snack,False,549,35,67,34,4,1298,6.12,13.19
RCP01794,Paya,Pakistani,dinner,False,435,34,79,30,13,224,2.88,20.05
RCP01795,Sindhi Biryani,Pakistani,dinner,False,368,5,58,15,5,445,4.14,11.47
RCP01796,Biryani,Pakistani,dinner,False,371,21,49,18,9,891,4.68,13.42
RCP01797,Chicken Tikka,Pakistani,morning_snack,False,393,26,69,30,4,486,3.42,12.91
RCP01798,Aloo Gosht,Pakistani,dinner,False,352,24,77,38,10,738,2.7,10.94
RCP01799,Pakistani Desserts Special 299,Pakistani,morning_snack,False,210,6,44,21,14,397,3.78,23.14
RCP01800,Haleem,Pakistani,dinner,False,581,42,60,29,4,915,4.32,7.39
RCP01801,Aloo Gosht,Pakistani,dinner,False,463,47,66,33,4,612,3.42,19.01
RCP01802,Haleem,Pakistani,dinner,False,217,42,45,27,10,650,5.94,9.38
RCP01803,Palak Paneer,Pakistani,dinner,False,595,26,68,24,6,1200,5.94,2.59
RCP01804,Chicken Tikka,Pakistani,morning_snack,False,732,11,65,19,3,1464,4.86,8.92
RCP01805,Aloo Gosht,Pakistani,dinner,False,709,36,79,28,4,1031,2.34,21.03
RCP01806,Chapli Kabab,Pakistani,morning_snack,False,199,17,30,27,2,912,4.5,7.76
RCP01807,Pakistani Desserts Special 307,Pakistani,morning_snack,True,614,14,70,22,9,923,4.14,8.69
RCP01808,Pakistani Desserts Special 308,Pakistani,morning_snack,False,770,37,79,33,9,1147,5.22,15.67
RCP01809,Pakistani Desserts Special 309,Pakistani,morning_snack,False,199,48,41,31,10,1221,3.6,6.2
RCP01810,Nihari,Pakistani,dinner,False,645,21,50,28,3,984,6.3,15.78
RCP01811,Haleem,Pakistani,dinner,False,567,44,56,38,9,487,5.22,17.35
RCP01812,Pakistani Desserts Special 312,Pakistani,morning_snack,False,381,32,73,32,8,823,6.48,9.03
RCP01813,Pakistani Desserts Special 313,Pakistani,morning_snack,False,306,23,74,38,3,658,4.68,21.77
RCP01814,Sindhi Biryani,Pakistani,dinner,False,600,25,51,36,11,485,6.48,13.79
RCP01815,Palak Paneer,Pakistani,dinner,False,599,40,44,15,6,636,7.02,12.81
RCP01816,Pakistani Desserts Special 316,Pakistani,morning_snack,False,710,10,52,24,8,779,3.6,24.23
RCP01817,Seekh Kabab,Pakistani,morning_snack,False,319,16,45,22,12,821,4.5,21.01
RCP01818,Haleem,Pakistani,dinner,False,688,37,30,38,4,837,3.42,24.26
RCP01819,Pakistani Desserts Special 319,Pakistani,morning_snack,False,299,12,50,11,2,200,4.5,15.21
RCP01820,Pakistani Desserts Special 320,Pakistani,morning_snack,False,224,37,44,36,4,1248,1.98,15.76
RCP01821,Korma,Pakistani,dinner,False,715,43,76,30,11,1423,5.76,15.03
RCP01822,Chapli Kabab,Pakistani,morning_snack,False,575,16,47,26,9,1088,5.58,20.23
RCP01823,Palak Paneer,Pakistani,dinner,True,662,8,39,19,9,847,6.12,20.0
RCP01824,Sajji,Pakistani,dinner,False,688,43,43,33,14,1409,6.48,2.96
RCP01825,Karahi,Pakistani,dinner,False,419,20,48,20,10,1138,2.88,23.3
RCP01826,Biryani,Pakistani,dinner,True,684,15,51,25,2,741,1.98,7.86
RCP01827,Paya,Pakistani,dinner,False,767,39,40,35,7,1063,5.04,8.06
RCP01828,Pakistani Desserts Special 328,Pakistani,morning_snack,False,711,47,57,29,10,1153,5.58,11.94
RCP01829,Aloo Gosht,Pakistani,dinner,False,649,23,51,34,3,1356,5.94,23.67
RCP01830,Biryani,Pakistani,dinner,False,568,22,59,37,4,439,4.86,13.16
RCP01831,Korma,Pakistani,dinner,False,294,41,71,25,4,469,5.04,8.58
RCP01832,Paya,Pakistani,dinner,False,603,26,61,16,11,800,2.7,23.37
RCP01833,Pakistani Desserts Special 333,Pakistani,morning_snack,False,353,44,43,30,7,960,1.8,22.39
RCP01834,Pakistani Desserts Special 334,Pakistani,morning_snack,False,768,28,32,21,14,371,4.32,23.43
RCP01835,Aloo Gosht,Pakistani,dinner,False,228,22,73,37,10,1180,2.88,18.78
RCP01836,Chapli Kabab,Pakistani,morning_snack,False,657,33,38,32,13,969,2.88,14.2
RCP01837,Palak Paneer,Pakistani,dinner,False,661,40,55,17,13,454,3.42,21.09
RCP01838,Sindhi Biryani,Pakistani,dinner,False,450,43,36,37,8,945,3.6,2.83
RCP01839,Pakistani Desserts Special 339,Pakistani,morning_snack,False,532,25,64,30,2,617,2.16,15.0
RCP01840,Paya,Pakistani,dinner,False,465,9,50,27,6,745,3.78,22.28
RCP01841,Pakistani Desserts Special 341,Pakistani,morning_snack,False,434,37,33,28,3,950,6.48,7.72
RCP01842,Pakistani Desserts Special 342,Pakistani,morning_snack,False,512,17,51,22,13,1266,1.8,19.17
RCP01843,Seekh Kabab,Pakistani,morning_snack,False,391,47,50,32,11,363,4.32,8.97
RCP01844,Sindhi Biryani,Pakistani,dinner,False,385,38,75,23,7,1428,5.76,9.13
RCP01845,Chicken Tikka,Pakistani,morning_snack,False,736,6,63,17,11,1006,7.02,3.81
RCP01846,Chicken Tikka,Pakistani,morning_snack,False,656,8,64,13,6,809,2.7,10.02
RCP01847,Pakistani Desserts Special 347,Pakistani,morning_snack,False,368,41,55,29,14,331,5.04,14.12
RCP01848,Lahori Chargha,Pakistani,dinner,False,424,38,59,27,10,559,3.42,14.42
RCP01849,Karahi,Pakistani,dinner,False,574,30,57,16,9,1431,2.52,21.84
RCP01850,Biryani,Pakistani,dinner,True,456,7,36,25,7,972,6.48,22.92
RCP01851,Chapli Kabab,Pakistani,morning_snack,False,391,37,69,33,14,650,2.7,18.96
RCP01852,Sindhi Biryani,Pakistani,dinner,True,165,10,38,13,2,1042,4.5,3.17
RCP01853,Seekh Kabab,Pakistani,morning_snack,False,546,35,64,39,7,818,5.58,3.97
RCP01854,Karahi,Pakistani,dinner,False,781,44,31,17,14,479,6.3,18.55
RCP01855,Paya,Pakistani,dinner,False,703,12,65,23,13,449,1.98,6.66
RCP01856,Sindhi Biryani,Pakistani,dinner,False,191,43,49,38,4,717,5.22,8.52
RCP01857,Sindhi Biryani,Pakistani,dinner,True,200,5,38,29,13,737,5.04,10.63
RCP01858,Pakistani Desserts Special 358,Pakistani,morning_snack,False,701,25,78,30,10,203,4.86,19.86
RCP01859,Palak Paneer,Pakistani,dinner,False,422,24,73,27,4,344,3.24,15.54
RCP01860,Pakistani Desserts Special 360,Pakistani,morning_snack,False,192,40,53,27,6,687,4.32,16.94
RCP01861,Korma,Pakistani,dinner,False,504,45,49,20,4,1021,6.84,13.38
RCP01862,Pakistani Desserts Special 362,Pakistani,morning_snack,False,784,22,38,39,14,333,1.8,16.61
RCP01863,Pakistani Desserts Special 363,Pakistani,morning_snack,False,308,39,48,17,5,828,5.76,9.36
RCP01864,Pakistani Desserts Special 364,Pakistani,morning_snack,True,479,14,43,29,4,236,5.4,7.68
RCP01865,Pakistani Desserts Special 365,Pakistani,morning_snack,False,768,42,60,18,10,1467,3.06,8.03
RCP01866,Biryani,Pakistani,dinner,True,417,17,34,27,9,1145,6.84,18.73
RCP01867,Karahi,Pakistani,dinner,False,416,12,40,13,5,767,5.76,7.35
RCP01868,Pakistani Desserts Special 368,Pakistani,morning_snack,True,394,17,56,22,14,1465,4.86,10.92
RCP01869,Pakistani Desserts Special 369,Pakistani,morning_snack,True,687,12,33,11,4,1300,3.24,22.02
RCP01870,Pakistani Desserts Special 370,Pakistani,morning_snack,False,743,23,35,28,10,627,5.04,3.75
RCP01871,Pakistani Desserts Special 371,Pakistani,morning_snack,False,652,44,30,37,4,581,5.58,24.68
RCP01872,Chicken Tikka,Pakistani,morning_snack,False,265,7,71,25,13,657,5.4,19.27
RCP01873,Seekh Kabab,Pakistani,morning_snack,False,759,39,70,26,4,930,6.84,23.27
RCP01874,Sajji,Pakistani,dinner,False,228,17,43,11,4,811,5.58,4.01
RCP01875,Biryani,Pakistani,dinner,False,797,11,56,22,12,839,3.96,11.75
RCP01876,Karahi,Pakistani,dinner,False,660,20,73,30,8,803,6.84,2.87
RCP01877,Pakistani Desserts Special 377,Pakistani,morning_snack,False,568,49,79,26,13,415,5.04,11.65
RCP01878,Pakistani Desserts Special 378,Pakistani,morning_snack,False,777,42,45,16,12,542,3.78,24.43
RCP01879,Pakistani Desserts Special 379,Pakistani,morning_snack,False,737,49,44,35,10,212,5.76,14.04
RCP01880,Chicken Tikka,Pakistani,morning_snack,False,758,16,48,21,9,773,5.94,12.94
RCP01881,Biryani,Pakistani,dinner,False,520,15,46,14,4,530,3.78,9.34
RCP01882,Biryani,Pakistani,dinner,False,235,31,34,38,5,341,4.86,14.26
RCP01883,Chapli Kabab,Pakistani,morning_snack,False,317,24,78,15,14,505,6.66,3.82
RCP01884,Pakistani Desserts Special 384,Pakistani,morning_snack,False,278,38,36,32,14,930,5.58,8.24
RCP01885,Pakistani Desserts Special 385,Pakistani,morning_snack,False,777,46,54,31,2,1201,4.14,2.33
RCP01886,Pakistani Desserts Special 386,Pakistani,morning_snack,False,392,48,69,20,12,1128,6.66,17.57
RCP01887,Pakistani Desserts Special 387,Pakistani,morning_snack,True,553,11,49,21,10,1061,5.4,9.25
RCP01888,Korma,Pakistani,dinner,False,252,45,53,35,12,722,6.3,20.3
RCP01889,Chapli Kabab,Pakistani,morning_snack,False,764,21,66,16,6,599,3.24,19.8
RCP01890,Aloo Gosht,Pakistani,dinner,False,321,15,52,11,13,715,2.34,8.8
RCP01891,Pakistani Desserts Special 391,Pakistani,morning_snack,False,737,17,67,29,13,597,6.12,21.0
RCP01892,Pakistani Desserts Special 392,Pakistani,morning_snack,False,368,25,31,24,11,308,5.22,11.02
RCP01893,Chicken Tikka,Pakistani,morning_snack,False,461,41,30,23,2,283,2.88,8.69
RCP01894,Chapli Kabab,Pakistani,morning_snack,False,218,37,57,25,6,1457,2.88,14.95
RCP01895,Pakistani Desserts Special 395,Pakistani,morning_snack,False,746,14,77,20,6,1043,5.04,8.51
RCP01896,Dal Makhani,Pakistani,dinner,False,261,32,47,37,3,1321,5.22,4.39
RCP01897,Pakistani Desserts Special 397,Pakistani,morning_snack,True,451,6,67,18,8,1241,5.4,19.54
RCP01898,Paya,Pakistani,dinner,False,754,29,71,22,11,204,4.68,21.59
RCP01899,Palak Paneer,Pakistani,dinner,False,409,23,61,33,4,1212,2.16,17.96
RCP01900,Nihari,Pakistani,dinner,False,425,34,40,35,7,773,7.02,21.97
RCP01901,Pakistani Desserts Special 401,Pakistani,morning_snack,False,789,32,54,29,2,201,1.8,19.22
RCP01902,Pakistani Desserts Special 402,Pakistani,morning_snack,False,600,23,31,29,11,330,6.12,21.25
RCP01903,Pakistani Desserts Special 403,Pakistani,morning_snack,False,497,38,46,19,3,216,3.06,7.67
RCP01904,Seekh Kabab,Pakistani,morning_snack,False,651,44,32,34,13,1025,7.02,17.04
RCP01905,Dal Makhani,Pakistani,dinner,False,551,30,64,15,4,1135,1.98,13.15
RCP01906,Sajji,Pakistani,dinner,False,288,13,54,23,3,1293,5.94,7.16
RCP01907,Pakistani Desserts Special 407,Pakistani,morning_snack,True,374,8,66,18,10,902,3.42,23.81
RCP01908,Pakistani Desserts Special 408,Pakistani,morning_snack,False,422,23,72,27,10,365,3.42,12.31
RCP01909,Pakistani Desserts Special 409,Pakistani,morning_snack,False,646,39,33,33,4,1494,3.06,23.44
RCP01910,Nihari,Pakistani,dinner,False,468,25,72,18,11,900,4.32,19.51
RCP01911,Seekh Kabab,Pakistani,morning_snack,False,505,38,65,15,7,1277,3.78,10.47
RCP01912,Pakistani Desserts Special 412,Pakistani,morning_snack,False,536,16,60,17,12,426,6.3,24.98
RCP01913,Pakistani Desserts Special 413,Pakistani,morning_snack,False,270,44,69,27,3,365,7.02,24.12
RCP01914,Biryani,Pakistani,dinner,False,495,26,39,31,5,1472,5.94,10.93
RCP01915,Pakistani Desserts Special 415,Pakistani,morning_snack,False,472,32,36,22,6,1429,5.94,2.41
RCP01916,Dal Makhani,Pakistani,dinner,True,628,15,47,29,6,1060,5.22,21.26
RCP01917,Seekh Kabab,Pakistani,morning_snack,False,717,38,62,23,6,354,6.48,10.61
RCP01918,Chapli Kabab,Pakistani,morning_snack,False,204,46,62,25,6,1303,6.48,22.21
RCP01919,Sajji,Pakistani,dinner,False,721,29,70,28,14,1267,2.34,19.94
RCP01920,Paya,Pakistani,dinner,False,737,24,33,34,3,316,1.98,10.39
RCP01921,Sindhi Biryani,Pakistani,dinner,False,774,23,67,16,3,538,3.06,21.53
RCP01922,Biryani,Pakistani,dinner,False,386,6,71,17,13,1493,6.66,4.9
RCP01923,Sindhi Biryani,Pakistani,dinner,True,494,14,63,14,12,577,6.3,21.25
RCP01924,Sindhi Biryani,Pakistani,dinner,True,214,9,45,18,5,1059,2.16,7.49
RCP01925,Palak Paneer,Pakistani,dinner,False,608,33,63,19,9,1437,5.94,17.82
RCP01926,Sindhi Biryani,Pakistani,dinner,False,717,32,57,29,11,631,2.16,10.81
RCP01927,Pakistani Desserts Special 427,Pakistani,morning_snack,False,754,21,57,25,14,874,6.84,17.78
RCP01928,Sindhi Biryani,Pakistani,dinner,False,735,45,31,26,3,494,7.02,8.61
RCP01929,Chapli Kabab,Pakistani,morning_snack,False,176,23,32,23,6,1156,3.78,6.49
RCP01930,Pakistani Desserts Special 430,Pakistani,morning_snack,False,440,30,67,17,3,1244,2.88,10.48
RCP01931,Haleem,Pakistani,dinner,False,787,23,38,30,4,1437,3.96,17.81
RCP01932,Pakistani Desserts Special 432,Pakistani,morning_snack,False,659,34,34,39,4,396,6.66,24.32
RCP01933,Dal Makhani,Pakistani,dinner,False,641,30,66,18,6,465,6.12,19.23
RCP01934,Pakistani Desserts Special 434,Pakistani,morning_snack,False,403,42,41,39,7,635,3.6,11.92
RCP01935,Seekh Kabab,Pakistani,morning_snack,False,194,36,58,38,3,1063,6.3,15.74
RCP01936,Pakistani Desserts Special 436,Pakistani,morning_snack,True,779,18,64,26,14,547,5.58,14.17
RCP01937,Palak Paneer,Pakistani,dinner,True,269,6,74,10,11,751,5.58,16.27
RCP01938,Pakistani Desserts Special 438,Pakistani,morning_snack,False,471,46,51,16,12,950,5.58,23.74
RCP01939,Nihari,Pakistani,dinner,False,772,41,43,35,11,544,3.42,19.67
RCP01940,Palak Paneer,Pakistani,dinner,False,381,24,36,36,10,522,6.3,23.54
RCP01941,Chicken Tikka,Pakistani,morning_snack,False,414,29,65,37,13,695,6.66,21.0
RCP01942,Lahori Chargha,Pakistani,dinner,False,566,36,35,23,12,746,1.98,6.69
RCP01943,Aloo Gosht,Pakistani,dinner,False,259,14,45,10,14,691,4.68,8.29
RCP01944,Lahori Chargha,Pakistani,dinner,False,747,32,69,33,10,847,4.14,21.64
RCP01945,Pakistani Desserts Special 445,Pakistani,morning_snack,False,221,39,71,23,5,297,5.76,9.94
RCP01946,Biryani,Pakistani,dinner,False,639,29,60,37,14,1094,4.68,9.29
RCP01947,Chicken Tikka,Pakistani,morning_snack,False,346,42,40,19,12,271,6.84,15.63
RCP01948,Palak Paneer,Pakistani,dinner,True,788,17,35,25,13,610,4.14,11.31
RCP01949,Sajji,Pakistani,dinner,False,644,36,79,22,9,1434,3.6,12.02
RCP01950,Nihari,Pakistani,dinner,False,338,5,44,29,7,305,4.32,10.05
RCP01951,Pakistani Desserts Special 451,Pakistani,morning_snack,False,459,49,49,22,7,459,4.5,10.54
RCP01952,Pakistani Desserts Special 452,Pakistani,morning_snack,False,462,44,48,37,13,1072,5.58,6.57
RCP01953,Chapli Kabab,Pakistani,morning_snack,False,527,18,67,13,8,1498,2.52,19.26
RCP01954,Pakistani Desserts Special 454,Pakistani,morning_snack,False,342,46,59,36,12,360,6.66,13.66
RCP01955,Pakistani Desserts Special 455,Pakistani,morning_snack,False,728,49,72,37,6,551,7.02,5.67
RCP01956,Chapli Kabab,Pakistani,morning_snack,False,567,15,39,14,7,312,2.34,17.77
RCP01957,Pakistani Desserts Special 457,Pakistani,morning_snack,False,582,32,51,16,9,746,3.42,18.78
RCP01958,Pakistani Desserts Special 458,Pakistani,morning_snack,False,678,30,45,31,13,504,6.48,2.72
RCP01959,Sindhi Biryani,Pakistani,dinner,False,296,46,48,35,11,204,4.86,8.65
RCP01960,Karahi,Pakistani,dinner,False,505,21,63,15,3,771,5.4,15.43
RCP01961,Pakistani Desserts Special 461,Pakistani,morning_snack,True,327,9,77,13,6,1374,7.02,15.78
RCP01962,Paya,Pakistani,dinner,False,154,41,60,24,9,1230,5.4,21.25
RCP01963,Chapli Kabab,Pakistani,morning_snack,False,632,30,33,26,10,913,4.86,24.7
RCP01964,Pakistani Desserts Special 464,Pakistani,morning_snack,False,363,26,63,38,5,208,5.22,18.42
RCP01965,Pakistani Desserts Special 465,Pakistani,morning_snack,False,443,29,58,38,9,1417,3.6,12.09
RCP01966,Sindhi Biryani,Pakistani,dinner,False,165,37,31,34,7,884,3.24,21.01
RCP01967,Pakistani Desserts Special 467,Pakistani,morning_snack,False,659,14,71,21,4,1024,6.48,8.87
RCP01968,Pakistani Desserts Special 468,Pakistani,morning_snack,True,788,7,71,14,5,791,6.48,17.64
RCP01969,Aloo Gosht,Pakistani,dinner,False,485,11,31,23,9,980,3.6,23.87
RCP01970,Pakistani Desserts Special 470,Pakistani,morning_snack,False,535,28,64,17,2,1437,2.34,7.05
RCP01971,Pakistani Desserts Special 471,Pakistani,morning_snack,False,552,27,51,21,6,283,6.84,7.82
RCP01972,Korma,Pakistani,dinner,False,723,12,37,21,7,1125,1.98,4.64
RCP01973,Sajji,Pakistani,dinner,False,432,10,60,26,8,1040,2.16,23.77
RCP01974,Seekh Kabab,Pakistani,morning_snack,False,618,38,70,36,3,595,3.96,12.84
RCP01975,Pakistani Desserts Special 475,Pakistani,morning_snack,False,314,21,38,26,3,417,5.22,23.04
RCP01976,Chapli Kabab,Pakistani,morning_snack,False,526,32,53,18,13,1314,5.04,13.63
RCP01977,Paya,Pakistani,dinner,False,405,46,35,28,2,1083,2.7,20.93
RCP01978,Aloo Gosht,Pakistani,dinner,False,685,41,35,26,4,657,5.76,20.33
RCP01979,Chicken Tikka,Pakistani,morning_snack,False,613,30,60,24,10,396,3.6,19.61
RCP01980,Pakistani Desserts Special 480,Pakistani,morning_snack,False,394,24,40,34,4,727,3.24,3.72
RCP01981,Chicken Tikka,Pakistani,morning_snack,False,673,10,55,29,6,1189,5.94,10.33
RCP01982,Korma,Pakistani,dinner,False,206,37,54,39,9,1134,4.32,24.92
RCP01983,Pakistani Desserts Special 483,Pakistani,morning_snack,False,222,38,74,34,4,1305,3.24,16.18
RCP01984,Lahori Chargha,Pakistani,dinner,False,529,45,64,19,8,297,6.84,10.51
RCP01985,Pakistani Desserts Special 485,Pakistani,morning_snack,False,243,21,31,34,14,842,7.02,7.99
RCP01986,Pakistani Desserts Special 486,Pakistani,morning_snack,False,448,13,55,13,10,275,5.58,22.88
RCP01987,Pakistani Desserts Special 487,Pakistani,morning_snack,False,419,48,61,25,4,549,2.16,10.19
RCP01988,Pakistani Desserts Special 488,Pakistani,morning_snack,False,207,39,32,15,2,1180,4.86,7.4
RCP01989,Paya,Pakistani,dinner,False,416,48,68,23,12,382,3.24,19.77
RCP01990,Pakistani Desserts Special 490,Pakistani,morning_snack,False,693,31,36,17,8,810,4.14,10.24
RCP01991,Pakistani Desserts Special 491,Pakistani,morning_snack,False,286,36,43,35,6,1311,4.32,12.07
RCP01992,Pakistani Desserts Special 492,Pakistani,morning_snack,False,721,43,35,30,12,207,6.66,6.92
RCP01993,Pakistani Desserts Special 493,Pakistani,morning_snack,True,490,9,61,14,8,297,1.98,20.85
RCP01994,Pakistani Desserts Special 494,Pakistani,morning_snack,False,453,29,63,31,13,339,2.88,8.38
RCP01995,Sajji,Pakistani,dinner,False,515,10,70,14,12,219,4.86,7.01
RCP01996,Biryani,Pakistani,dinner,True,215,13,43,14,6,1174,3.96,14.59
RCP01997,Chapli Kabab,Pakistani,morning_snack,False,793,12,49,12,3,1026,7.02,11.86
RCP01998,Dal Makhani,Pakistani,dinner,False,216,33,62,26,4,953,4.14,4.78
RCP01999,Aloo Gosht,Pakistani,dinner,False,569,30,68,22,14,657,2.16,19.89
RCP02000,Biryani,Pakistani,dinner,True,541,12,55,13,14,555,5.04,15.85
RCP02001,Pakistani Beverages Special 1,Pakistani,morning_snack,False,486,8,31,21,7,781,5.76,6.54
RCP02002,Pakistani Beverages Special 2,Pakistani,morning_snack,False,732,29,53,37,6,380,1.8,19.52
RCP02003,Nihari,Pakistani,dinner,False,496,12,33,12,2,1219,6.48,5.96
RCP02004,Sindhi Biryani,Pakistani,dinner,False,357,36,36,25,9,508,6.12,13.04
RCP02005,Aloo Gosht,Pakistani,dinner,False,153,27,34,33,6,960,7.02,22.36
RCP02006,Sindhi Biryani,Pakistani,dinner,False,651,30,62,33,8,514,6.66,18.83
RCP02007,Haleem,Pakistani,dinner,False,389,8,77,25,14,875,5.94,14.81
RCP02008,Sajji,Pakistani,dinner,False,474,30,34,29,3,297,3.24,4.85
RCP02009,Chicken Tikka,Pakistani,morning_snack,False,642,25,49,24,14,1164,4.68,8.13
RCP02010,Biryani,Pakistani,dinner,True,424,14,31,14,10,1275,6.12,24.26
RCP02011,Karahi,Pakistani,dinner,False,679,7,37,16,11,1179,2.16,6.06
RCP02012,Pakistani Beverages Special 12,Pakistani,morning_snack,False,437,29,78,26,5,261,5.4,9.24
RCP02013,Pakistani Beverages Special 13,Pakistani,morning_snack,True,715,9,55,27,10,554,1.98,13.47
RCP02014,Pakistani Beverages Special 14,Pakistani,morning_snack,False,683,18,40,24,2,316,6.66,19.51
RCP02015,Biryani,Pakistani,dinner,True,692,6,36,11,12,924,4.86,18.59
RCP02016,Paya,Pakistani,dinner,False,627,6,72,13,6,1228,6.84,22.89
RCP02017,Pakistani Beverages Special 17,Pakistani,morning_snack,True,259,5,72,19,5,320,2.52,5.09
RCP02018,Chapli Kabab,Pakistani,morning_snack,False,637,6,55,24,9,1162,2.7,16.48
RCP02019,Chapli Kabab,Pakistani,morning_snack,False,528,21,31,35,10,867,5.58,17.58
RCP02020,Pakistani Beverages Special 20,Pakistani,morning_snack,False,489,28,54,15,5,1386,4.86,17.27
RCP02021,Pakistani Beverages Special 21,Pakistani,morning_snack,False,618,43,71,37,12,305,4.68,21.62
RCP02022,Pakistani Beverages Special 22,Pakistani,morning_snack,False,586,20,50,15,6,1356,3.6,9.97
RCP02023,Pakistani Beverages Special 23,Pakistani,morning_snack,False,712,42,49,16,3,1285,3.96,21.76
RCP02024,Pakistani Beverages Special 24,Pakistani,morning_snack,False,629,43,43,31,11,564,6.12,20.4
RCP02025,Pakistani Beverages Special 25,Pakistani,morning_snack,True,432,6,42,10,6,1259,6.12,10.1
RCP02026,Karahi,Pakistani,dinner,False,671,10,37,18,4,892,3.96,12.72
RCP02027,Sajji,Pakistani,dinner,False,445,26,36,32,5,317,4.32,2.97
RCP02028,Dal Makhani,Pakistani,dinner,True,213,14,53,26,2,1162,3.06,9.03
RCP02029,Palak Paneer,Pakistani,dinner,False,344,33,67,34,7,525,3.6,3.72
RCP02030,Sindhi Biryani,Pakistani,dinner,False,679,33,66,19,6,998,1.8,12.1
RCP02031,Biryani,Pakistani,dinner,True,613,15,56,19,8,1451,4.86,7.02
RCP02032,Pakistani Beverages Special 32,Pakistani,morning_snack,False,566,41,60,36,7,1118,6.3,16.89
RCP02033,Seekh Kabab,Pakistani,morning_snack,False,169,6,33,19,12,1478,6.48,13.28
RCP02034,Biryani,Pakistani,dinner,False,417,45,74,24,13,630,7.02,2.46
RCP02035,Dal Makhani,Pakistani,dinner,False,254,29,54,19,14,699,3.24,16.86
RCP02036,Biryani,Pakistani,dinner,False,358,37,73,30,9,764,5.76,11.45
RCP02037,Lahori Chargha,Pakistani,dinner,False,753,14,51,11,7,924,3.42,17.35
RCP02038,Dal Makhani,Pakistani,dinner,False,349,22,72,27,11,357,3.42,17.32
RCP02039,Sajji,Pakistani,dinner,False,789,10,47,29,5,741,5.22,22.68
RCP02040,Sindhi Biryani,Pakistani,dinner,False,578,40,72,26,10,1340,6.3,6.68
RCP02041,Pakistani Beverages Special 41,Pakistani,morning_snack,True,602,13,30,28,13,627,4.68,19.63
RCP02042,Seekh Kabab,Pakistani,morning_snack,False,627,31,44,27,11,268,5.04,9.53
RCP02043,Biryani,Pakistani,dinner,False,516,41,76,26,9,651,4.68,9.92
RCP02044,Palak Paneer,Pakistani,dinner,False,309,22,59,28,6,1097,5.22,23.01
RCP02045,Pakistani Beverages Special 45,Pakistani,morning_snack,True,484,19,72,10,12,1457,3.6,19.12
RCP02046,Chapli Kabab,Pakistani,morning_snack,False,520,18,74,28,8,566,2.88,12.23
RCP02047,Nihari,Pakistani,dinner,False,643,26,72,31,4,851,3.96,22.8
RCP02048,Korma,Pakistani,dinner,False,689,20,77,24,4,550,5.94,12.31
RCP02049,Biryani,Pakistani,dinner,False,546,27,45,31,4,402,3.42,11.29
RCP02050,Pakistani Beverages Special 50,Pakistani,morning_snack,True,678,7,48,13,10,578,3.06,13.04
RCP02051,Lahori Chargha,Pakistani,dinner,False,715,16,46,27,10,366,6.48,7.72
RCP02052,Pakistani Beverages Special 52,Pakistani,morning_snack,False,390,49,59,34,13,624,2.52,18.03
RCP02053,Pakistani Beverages Special 53,Pakistani,morning_snack,False,176,47,59,18,12,1199,4.68,3.79
RCP02054,Sindhi Biryani,Pakistani,dinner,False,187,34,48,22,11,480,6.84,6.58
RCP02055,Sajji,Pakistani,dinner,False,150,10,52,16,9,928,6.84,7.35
RCP02056,Biryani,Pakistani,dinner,False,587,30,38,37,4,620,5.22,21.85
RCP02057,Lahori Chargha,Pakistani,dinner,False,244,26,35,32,6,734,6.84,8.28
RCP02058,Biryani,Pakistani,dinner,False,574,35,62,17,6,1219,3.6,12.02
RCP02059,Pakistani Beverages Special 59,Pakistani,morning_snack,False,214,23,53,19,12,1440,2.7,12.19
RCP02060,Nihari,Pakistani,dinner,False,749,27,57,36,13,1480,5.4,22.76
RCP02061,Sajji,Pakistani,dinner,False,187,29,65,26,13,652,5.22,18.4
RCP02062,Karahi,Pakistani,dinner,False,450,41,78,35,8,1338,6.84,17.41
RCP02063,Nihari,Pakistani,dinner,False,342,48,36,37,2,908,1.8,7.51
RCP02064,Lahori Chargha,Pakistani,dinner,False,347,12,66,10,8,1369,6.12,24.77
RCP02065,Sindhi Biryani,Pakistani,dinner,False,382,49,60,21,9,1259,3.96,4.77
RCP02066,Pakistani Beverages Special 66,Pakistani,morning_snack,False,360,34,62,37,6,251,3.42,6.32
RCP02067,Lahori Chargha,Pakistani,dinner,False,340,14,64,26,13,1316,4.5,9.36
RCP02068,Chicken Tikka,Pakistani,morning_snack,False,396,38,42,30,8,869,4.68,6.88
RCP02069,Biryani,Pakistani,dinner,False,784,41,70,29,4,1121,2.34,14.74
RCP02070,Seekh Kabab,Pakistani,morning_snack,False,287,42,63,16,6,241,2.88,4.28
RCP02071,Palak Paneer,Pakistani,dinner,False,569,41,73,29,3,524,4.14,4.12
RCP02072,Sajji,Pakistani,dinner,False,535,14,45,23,5,1209,3.78,12.06
RCP02073,Chapli Kabab,Pakistani,morning_snack,False,755,36,70,36,8,620,6.3,21.34
RCP02074,Pakistani Beverages Special 74,Pakistani,morning_snack,False,240,46,47,15,7,525,3.96,4.83
RCP02075,Haleem,Pakistani,dinner,False,638,45,47,36,7,381,4.5,19.79
RCP02076,Pakistani Beverages Special 76,Pakistani,morning_snack,True,612,18,71,21,6,655,6.3,22.14
RCP02077,Nihari,Pakistani,dinner,False,494,12,33,13,11,265,5.04,18.32
RCP02078,Haleem,Pakistani,dinner,False,561,31,50,28,6,1046,2.52,16.86
RCP02079,Lahori Chargha,Pakistani,dinner,False,316,32,74,20,2,551,6.12,18.9
RCP02080,Pakistani Beverages Special 80,Pakistani,morning_snack,False,423,48,30,19,8,1452,4.5,18.65
RCP02081,Haleem,Pakistani,dinner,False,597,5,42,17,4,1086,3.24,21.08
RCP02082,Chicken Tikka,Pakistani,morning_snack,False,765,25,60,37,8,1132,6.48,21.4
RCP02083,Pakistani Beverages Special 83,Pakistani,morning_snack,False,371,31,72,22,8,407,5.04,20.68
RCP02084,Pakistani Beverages Special 84,Pakistani,morning_snack,False,238,46,33,33,12,345,6.66,21.2
RCP02085,Aloo Gosht,Pakistani,dinner,False,738,34,74,15,13,1226,7.02,20.25
RCP02086,Pakistani Beverages Special 86,Pakistani,morning_snack,False,272,21,44,15,5,1382,6.48,3.42
RCP02087,Pakistani Beverages Special 87,Pakistani,morning_snack,False,188,5,67,14,13,1271,5.76,16.3
RCP02088,Lahori Chargha,Pakistani,dinner,False,412,7,79,20,4,785,3.6,7.12
RCP02089,Pakistani Beverages Special 89,Pakistani,morning_snack,False,548,20,58,35,6,572,1.98,4.56
RCP02090,Pakistani Beverages Special 90,Pakistani,morning_snack,True,645,14,39,23,7,1395,7.02,12.45
RCP02091,Seekh Kabab,Pakistani,morning_snack,False,486,32,50,16,11,1270,6.48,13.94
RCP02092,Karahi,Pakistani,dinner,False,173,7,68,22,14,461,2.52,21.23
RCP02093,Chicken Tikka,Pakistani,morning_snack,False,263,33,70,31,3,1056,2.16,14.99
RCP02094,Sajji,Pakistani,dinner,False,455,17,74,13,4,1414,4.5,6.1
RCP02095,Nihari,Pakistani,dinner,False,649,26,74,27,9,360,2.52,11.35
RCP02096,Pakistani Beverages Special 96,Pakistani,morning_snack,False,526,48,59,21,7,1489,2.34,3.01
RCP02097,Lahori Chargha,Pakistani,dinner,False,730,25,51,24,13,241,2.52,18.66
RCP02098,Chapli Kabab,Pakistani,morning_snack,False,161,35,60,29,10,657,5.04,7.06
RCP02099,Pakistani Beverages Special 99,Pakistani,morning_snack,False,315,29,49,32,4,1199,6.12,8.07
RCP02100,Nihari,Pakistani,dinner,False,243,45,32,32,2,1162,3.24,2.16
RCP02101,Pakistani Beverages Special 101,Pakistani,morning_snack,False,544,44,69,35,9,349,6.84,8.09
RCP02102,Paya,Pakistani,dinner,False,748,16,32,27,2,1026,2.7,18.95
RCP02103,Lahori Chargha,Pakistani,dinner,False,187,8,70,13,12,255,4.5,19.26
RCP02104,Lahori Chargha,Pakistani,dinner,False,596,23,46,39,7,350,5.58,2.4
RCP02105,Sajji,Pakistani,dinner,False,205,16,32,18,8,435,6.48,3.5
RCP02106,Paya,Pakistani,dinner,False,253,12,75,24,5,684,3.42,10.67
RCP02107,Palak Paneer,Pakistani,dinner,False,681,42,51,30,7,804,3.6,22.51
RCP02108,Biryani,Pakistani,dinner,False,151,29,45,38,6,1133,5.22,6.01
RCP02109,Pakistani Beverages Special 109,Pakistani,morning_snack,False,592,25,60,20,11,497,6.84,10.41
RCP02110,Pakistani Beverages Special 110,Pakistani,morning_snack,False,188,18,50,20,14,361,5.22,7.27
RCP02111,Pakistani Beverages Special 111,Pakistani,morning_snack,False,468,23,68,27,14,599,3.96,3.03
RCP02112,Sajji,Pakistani,dinner,False,636,41,47,25,12,1199,5.76,3.65
RCP02113,Haleem,Pakistani,dinner,False,461,32,74,22,9,1022,5.76,4.2
RCP02114,Pakistani Beverages Special 114,Pakistani,morning_snack,False,537,46,71,26,4,971,5.76,20.6
RCP02115,Chapli Kabab,Pakistani,morning_snack,False,544,21,58,34,12,227,3.06,21.88
RCP02116,Seekh Kabab,Pakistani,morning_snack,False,233,6,72,13,8,788,7.02,17.55
RCP02117,Pakistani Beverages Special 117,Pakistani,morning_snack,False,494,40,47,31,3,1494,5.04,12.03
RCP02118,Korma,Pakistani,dinner,False,653,45,59,23,4,684,2.16,7.48
RCP02119,Pakistani Beverages Special 119,Pakistani,morning_snack,False,385,28,56,18,9,980,5.76,16.06
RCP02120,Sindhi Biryani,Pakistani,dinner,False,484,25,67,35,7,1289,3.06,21.74
RCP02121,Pakistani Beverages Special 121,Pakistani,morning_snack,True,442,13,51,12,4,942,7.02,17.21
RCP02122,Biryani,Pakistani,dinner,False,535,47,50,31,14,1478,5.04,4.17
RCP02123,Lahori Chargha,Pakistani,dinner,False,621,34,72,39,4,1122,3.6,21.49
RCP02124,Sajji,Pakistani,dinner,False,172,42,38,18,12,492,6.48,18.32
RCP02125,Sindhi Biryani,Pakistani,dinner,False,681,39,54,33,7,726,4.5,16.79
RCP02126,Seekh Kabab,Pakistani,morning_snack,False,737,37,55,37,11,1189,1.98,9.42
RCP02127,Karahi,Pakistani,dinner,False,432,36,37,39,2,564,4.32,6.84
RCP02128,Karahi,Pakistani,dinner,False,502,17,40,29,2,1210,3.24,7.62
RCP02129,Seekh Kabab,Pakistani,morning_snack,False,598,31,57,29,6,911,6.66,9.1
RCP02130,Haleem,Pakistani,dinner,False,553,17,57,13,3,676,5.94,11.33
RCP02131,Pakistani Beverages Special 131,Pakistani,morning_snack,False,566,45,65,24,10,682,2.7,4.05
RCP02132,Pakistani Beverages Special 132,Pakistani,morning_snack,False,677,13,37,10,7,743,3.78,8.84
RCP02133,Sajji,Pakistani,dinner,False,639,21,40,32,10,560,3.24,4.85
RCP02134,Chicken Tikka,Pakistani,morning_snack,False,335,49,76,23,4,541,4.5,6.41
RCP02135,Biryani,Pakistani,dinner,False,399,42,72,23,12,304,5.76,24.2
RCP02136,Chicken Tikka,Pakistani,morning_snack,False,780,32,32,34,8,1058,6.12,4.34
RCP02137,Pakistani Beverages Special 137,Pakistani,morning_snack,False,448,44,60,38,7,885,3.06,14.97
RCP02138,Nihari,Pakistani,dinner,False,681,46,64,17,9,1428,5.94,2.03
RCP02139,Dal Makhani,Pakistani,dinner,False,606,37,47,33,6,521,4.14,4.53
RCP02140,Haleem,Pakistani,dinner,False,296,36,64,20,5,760,6.3,16.66
RCP02141,Korma,Pakistani,dinner,False,751,24,48,36,5,1027,3.24,7.2
RCP02142,Pakistani Beverages Special 142,Pakistani,morning_snack,False,748,34,69,31,13,717,2.88,17.41
RCP02143,Korma,Pakistani,dinner,False,372,12,74,17,4,1317,5.22,23.2
RCP02144,Sajji,Pakistani,dinner,False,288,26,39,21,4,567,1.8,19.92
RCP02145,Pakistani Beverages Special 145,Pakistani,morning_snack,False,482,35,48,30,8,668,3.06,12.39
RCP02146,Nihari,Pakistani,dinner,False,725,49,37,26,6,970,3.24,4.43
RCP02147,Pakistani Beverages Special 147,Pakistani,morning_snack,False,253,47,54,15,12,627,3.6,12.93
RCP02148,Chicken Tikka,Pakistani,morning_snack,False,443,30,74,38,11,241,5.58,23.28
RCP02149,Biryani,Pakistani,dinner,True,378,11,70,14,9,872,4.32,22.13
RCP02150,Pakistani Beverages Special 150,Pakistani,morning_snack,True,254,7,70,18,5,554,6.3,23.21
RCP02151,Pakistani Beverages Special 151,Pakistani,morning_snack,True,320,7,59,14,11,400,4.32,11.45
RCP02152,Nihari,Pakistani,dinner,False,577,24,73,33,3,575,5.22,16.0
RCP02153,Chapli Kabab,Pakistani,morning_snack,False,175,42,38,37,10,592,5.58,21.01
RCP02154,Biryani,Pakistani,dinner,True,585,10,34,11,6,845,4.68,21.72
RCP02155,Karahi,Pakistani,dinner,False,182,26,54,37,6,669,4.5,21.8
RCP02156,Pakistani Beverages Special 156,Pakistani,morning_snack,False,632,23,48,23,11,757,4.68,7.98
RCP02157,Pakistani Beverages Special 157,Pakistani,morning_snack,False,314,10,78,12,11,1439,3.06,24.89
RCP02158,Korma,Pakistani,dinner,False,206,49,45,35,14,624,2.16,11.52
RCP02159,Pakistani Beverages Special 159,Pakistani,morning_snack,False,612,28,35,39,7,855,6.84,3.64
RCP02160,Palak Paneer,Pakistani,dinner,False,242,43,31,20,11,718,5.22,18.88
RCP02161,Pakistani Beverages Special 161,Pakistani,morning_snack,False,640,23,58,35,8,893,3.96,18.05
RCP02162,Pakistani Beverages Special 162,Pakistani,morning_snack,True,766,9,43,13,11,812,4.5,17.8
RCP02163,Biryani,Pakistani,dinner,False,656,34,71,30,7,1079,4.68,12.71
RCP02164,Palak Paneer,Pakistani,dinner,False,414,42,69,39,6,833,2.16,11.02
RCP02165,Pakistani Beverages Special 165,Pakistani,morning_snack,True,417,16,71,27,6,1406,4.14,24.47
RCP02166,Haleem,Pakistani,dinner,False,250,9,45,12,9,1375,2.88,4.72
RCP02167,Chicken Tikka,Pakistani,morning_snack,False,462,17,47,11,13,559,4.14,7.86
RCP02168,Chapli Kabab,Pakistani,morning_snack,False,660,22,42,26,8,1375,2.88,18.91
RCP02169,Sajji,Pakistani,dinner,False,243,18,37,29,11,428,6.48,2.29
RCP02170,Chicken Tikka,Pakistani,morning_snack,False,423,42,78,18,10,845,2.16,22.1
RCP02171,Korma,Pakistani,dinner,False,170,8,65,25,4,1000,3.6,6.48
RCP02172,Pakistani Beverages Special 172,Pakistani,morning_snack,False,553,41,72,15,14,561,5.94,10.17
RCP02173,Sajji,Pakistani,dinner,False,751,39,61,35,4,1238,2.52,20.36
RCP02174,Seekh Kabab,Pakistani,morning_snack,False,443,46,31,23,13,1033,1.8,2.65
RCP02175,Chicken Tikka,Pakistani,morning_snack,False,689,26,68,28,7,232,6.3,14.03
RCP02176,Pakistani Beverages Special 176,Pakistani,morning_snack,False,476,34,58,29,3,1066,6.3,23.15
RCP02177,Seekh Kabab,Pakistani,morning_snack,False,546,45,64,36,6,928,4.86,23.26
RCP02178,Haleem,Pakistani,dinner,False,379,36,54,34,6,667,3.6,11.58
RCP02179,Karahi,Pakistani,dinner,False,687,46,73,34,7,1217,3.42,20.61
RCP02180,Biryani,Pakistani,dinner,True,336,6,57,19,7,1434,4.68,20.74
RCP02181,Pakistani Beverages Special 181,Pakistani,morning_snack,False,637,20,32,29,14,1099,2.7,13.4
RCP02182,Biryani,Pakistani,dinner,False,502,31,63,39,2,410,3.24,23.06
RCP02183,Sindhi Biryani,Pakistani,dinner,False,354,35,68,16,11,849,3.42,8.31
RCP02184,Nihari,Pakistani,dinner,False,681,43,59,29,14,326,4.5,6.84
RCP02185,Sindhi Biryani,Pakistani,dinner,False,704,38,60,30,5,698,3.06,21.75
RCP02186,Aloo Gosht,Pakistani,dinner,False,561,20,48,28,7,655,2.34,14.15
RCP02187,Pakistani Beverages Special 187,Pakistani,morning_snack,False,404,10,67,10,9,339,6.3,2.81
RCP02188,Sajji,Pakistani,dinner,False,178,39,63,16,14,1237,3.6,23.77
RCP02189,Biryani,Pakistani,dinner,False,535,25,34,29,12,954,3.24,9.79
RCP02190,Karahi,Pakistani,dinner,False,178,27,65,24,13,504,1.8,21.0
RCP02191,Sindhi Biryani,Pakistani,dinner,True,562,8,35,22,10,557,1.98,17.57
RCP02192,Pakistani Beverages Special 192,Pakistani,morning_snack,False,526,6,65,12,14,332,2.88,11.16
RCP02193,Pakistani Beverages Special 193,Pakistani,morning_snack,False,346,39,53,35,9,808,3.96,2.82
RCP02194,Pakistani Beverages Special 194,Pakistani,morning_snack,True,385,16,46,22,12,1157,1.98,8.84
RCP02195,Lahori Chargha,Pakistani,dinner,False,191,36,47,30,6,1207,5.76,6.49
RCP02196,Paya,Pakistani,dinner,False,430,11,74,14,14,558,2.7,3.4
RCP02197,Pakistani Beverages Special 197,Pakistani,morning_snack,False,600,42,33,38,11,546,3.42,12.1
RCP02198,Pakistani Beverages Special 198,Pakistani,morning_snack,True,768,11,65,12,14,471,5.94,17.16
RCP02199,Lahori Chargha,Pakistani,dinner,False,740,9,74,22,4,301,3.96,13.82
RCP02200,Pakistani Beverages Special 200,Pakistani,morning_snack,False,161,24,31,33,12,1060,7.02,23.39
RCP02201,Lahori Chargha,Pakistani,dinner,False,196,19,49,20,6,328,5.94,5.34
RCP02202,Biryani,Pakistani,dinner,False,411,43,32,16,2,846,6.48,18.19
RCP02203,Chapli Kabab,Pakistani,morning_snack,False,243,48,68,36,14,1365,4.86,21.79
RCP02204,Chicken Tikka,Pakistani,morning_snack,False,695,12,44,27,9,408,5.58,19.34
RCP02205,Pakistani Beverages Special 205,Pakistani,morning_snack,False,550,32,37,29,6,638,5.22,16.44
RCP02206,Pakistani Beverages Special 206,Pakistani,morning_snack,True,566,19,39,23,6,1398,6.12,12.99
RCP02207,Korma,Pakistani,dinner,False,731,45,49,27,13,1263,2.34,13.48
RCP02208,Lahori Chargha,Pakistani,dinner,False,520,5,61,23,7,338,2.34,22.06
RCP02209,Pakistani Beverages Special 209,Pakistani,morning_snack,False,250,41,69,32,11,1128,4.14,4.0
RCP02210,Sajji,Pakistani,dinner,False,710,11,69,27,8,1079,2.52,24.67
RCP02211,Pakistani Beverages Special 211,Pakistani,morning_snack,False,296,16,63,21,5,1091,6.12,7.71
RCP02212,Haleem,Pakistani,dinner,False,618,38,45,37,9,707,4.68,24.54
RCP02213,Seekh Kabab,Pakistani,morning_snack,False,677,18,35,17,5,846,3.42,21.51
RCP02214,Chapli Kabab,Pakistani,morning_snack,False,764,40,32,28,9,510,2.16,10.04
RCP02215,Lahori Chargha,Pakistani,dinner,False,448,20,46,19,3,1342,1.8,21.08
RCP02216,Chapli Kabab,Pakistani,morning_snack,False,445,45,63,23,11,1499,5.58,24.81
RCP02217,Dal Makhani,Pakistani,dinner,False,456,20,38,34,3,1175,3.24,19.35
RCP02218,Korma,Pakistani,dinner,False,235,35,64,23,4,237,3.24,15.04
RCP02219,Korma,Pakistani,dinner,False,450,11,39,14,2,1124,3.06,6.98
RCP02220,Seekh Kabab,Pakistani,morning_snack,False,530,48,52,24,12,710,3.06,2.48
RCP02221,Chicken Tikka,Pakistani,morning_snack,False,248,33,65,20,14,269,6.66,7.31
RCP02222,Aloo Gosht,Pakistani,dinner,False,296,30,66,38,6,611,4.14,14.73
RCP02223,Palak Paneer,Pakistani,dinner,False,523,45,42,30,13,524,4.32,7.63
RCP02224,Pakistani Beverages Special 224,Pakistani,morning_snack,False,406,34,70,27,14,785,3.6,2.25
RCP02225,Sindhi Biryani,Pakistani,dinner,False,237,38,50,22,3,455,4.68,23.57
RCP02226,Palak Paneer,Pakistani,dinner,False,332,49,66,17,13,1419,3.42,4.58
RCP02227,Aloo Gosht,Pakistani,dinner,False,759,22,49,31,12,295,3.6,13.2
RCP02228,Nihari,Pakistani,dinner,False,384,30,53,37,3,1461,6.66,18.33
RCP02229,Korma,Pakistani,dinner,False,419,23,79,38,9,716,4.5,3.8
RCP02230,Biryani,Pakistani,dinner,False,394,38,45,29,4,1276,5.22,9.34
RCP02231,Sajji,Pakistani,dinner,False,150,31,76,37,3,1105,1.8,9.04
RCP02232,Pakistani Beverages Special 232,Pakistani,morning_snack,False,192,30,78,24,14,528,1.98,17.09
RCP02233,Paya,Pakistani,dinner,False,580,10,31,16,3,686,3.06,22.32
RCP02234,Pakistani Beverages Special 234,Pakistani,morning_snack,True,414,9,70,12,7,756,5.22,10.51
RCP02235,Chapli Kabab,Pakistani,morning_snack,False,509,8,36,16,14,1429,5.4,12.43
RCP02236,Haleem,Pakistani,dinner,False,659,18,50,15,11,366,3.6,2.31
RCP02237,Pakistani Beverages Special 237,Pakistani,morning_snack,True,604,9,56,24,11,725,5.58,3.37
RCP02238,Sindhi Biryani,Pakistani,dinner,False,412,30,56,31,5,1447,3.24,19.7
RCP02239,Pakistani Beverages Special 239,Pakistani,morning_snack,False,773,47,44,25,5,921,2.16,12.64
RCP02240,Aloo Gosht,Pakistani,dinner,False,732,26,48,36,13,273,5.04,22.86
RCP02241,Korma,Pakistani,dinner,False,788,35,40,19,11,402,5.4,11.34
RCP02242,Pakistani Beverages Special 242,Pakistani,morning_snack,False,340,45,65,38,10,963,3.24,3.79
RCP02243,Sajji,Pakistani,dinner,False,753,41,64,29,9,320,4.86,17.28
RCP02244,Paya,Pakistani,dinner,False,226,40,43,25,13,1295,6.3,21.11
RCP02245,Korma,Pakistani,dinner,False,174,11,79,26,8,232,6.3,19.58
RCP02246,Pakistani Beverages Special 246,Pakistani,morning_snack,False,332,14,73,26,10,272,5.22,13.87
RCP02247,Seekh Kabab,Pakistani,morning_snack,False,471,9,57,21,3,670,3.96,10.35
RCP02248,Pakistani Beverages Special 248,Pakistani,morning_snack,False,514,31,72,18,9,241,2.16,10.0
RCP02249,Lahori Chargha,Pakistani,dinner,False,664,23,73,19,3,592,4.32,15.59
RCP02250,Pakistani Beverages Special 250,Pakistani,morning_snack,False,151,27,75,22,7,411,2.7,21.36
RCP02251,Aloo Gosht,Pakistani,dinner,False,733,27,38,22,2,959,2.16,3.12
RCP02252,Pakistani Beverages Special 252,Pakistani,morning_snack,True,276,19,45,15,2,290,5.58,11.97
RCP02253,Karahi,Pakistani,dinner,False,244,10,40,26,7,571,2.34,20.46
RCP02254,Seekh Kabab,Pakistani,morning_snack,False,367,30,51,18,5,736,5.4,17.72
RCP02255,Pakistani Beverages Special 255,Pakistani,morning_snack,False,245,15,51,13,5,1224,6.12,2.87
RCP02256,Aloo Gosht,Pakistani,dinner,False,619,10,52,23,13,766,4.86,11.85
RCP02257,Pakistani Beverages Special 257,Pakistani,morning_snack,False,547,28,74,34,8,1099,5.58,15.53
RCP02258,Nihari,Pakistani,dinner,False,664,42,78,31,9,840,2.7,13.75
RCP02259,Paya,Pakistani,dinner,False,271,22,31,18,9,1465,5.94,8.98
RCP02260,Nihari,Pakistani,dinner,False,378,46,74,38,4,609,3.24,4.97
RCP02261,Pakistani Beverages Special 261,Pakistani,morning_snack,True,332,14,63,22,9,1047,5.76,10.23
RCP02262,Haleem,Pakistani,dinner,False,770,23,38,35,10,765,6.84,4.89
RCP02263,Pakistani Beverages Special 263,Pakistani,morning_snack,False,527,11,69,20,8,815,3.42,10.01
RCP02264,Biryani,Pakistani,dinner,False,727,46,49,36,10,931,2.16,13.35
RCP02265,Chapli Kabab,Pakistani,morning_snack,False,358,9,46,13,13,1499,2.16,24.23
RCP02266,Aloo Gosht,Pakistani,dinner,False,500,39,64,34,8,1156,5.58,19.97
RCP02267,Palak Paneer,Pakistani,dinner,False,515,39,78,22,10,610,6.66,17.52
RCP02268,Pakistani Beverages Special 268,Pakistani,morning_snack,False,574,28,51,27,7,757,3.6,2.59
RCP02269,Dal Makhani,Pakistani,dinner,False,396,48,69,27,6,231,5.4,8.17
RCP02270,Palak Paneer,Pakistani,dinner,False,212,49,37,39,9,369,1.98,22.66
RCP02271,Dal Makhani,Pakistani,dinner,False,387,20,46,31,7,734,6.3,20.22
RCP02272,Pakistani Beverages Special 272,Pakistani,morning_snack,False,279,26,55,17,9,1075,6.84,23.55
RCP02273,Pakistani Beverages Special 273,Pakistani,morning_snack,False,254,43,49,27,8,533,5.04,18.41
RCP02274,Haleem,Pakistani,dinner,False,374,29,53,27,7,732,1.98,16.05
RCP02275,Korma,Pakistani,dinner,False,530,12,66,18,3,539,6.84,10.27
RCP02276,Palak Paneer,Pakistani,dinner,True,183,11,41,22,4,716,5.22,13.47
RCP02277,Biryani,Pakistani,dinner,False,238,35,58,22,14,1345,4.5,15.27
RCP02278,Sindhi Biryani,Pakistani,dinner,False,334,45,74,39,7,1009,3.06,9.43
RCP02279,Pakistani Beverages Special 279,Pakistani,morning_snack,False,746,22,52,39,13,233,6.66,17.51
RCP02280,Lahori Chargha,Pakistani,dinner,False,793,20,61,29,6,1284,2.7,5.13
RCP02281,Karahi,Pakistani,dinner,False,219,23,70,37,9,1454,4.5,3.73
RCP02282,Chapli Kabab,Pakistani,morning_snack,False,600,22,39,26,7,524,5.58,10.71
RCP02283,Pakistani Beverages Special 283,Pakistani,morning_snack,False,797,46,74,15,3,565,1.98,20.24
RCP02284,Sindhi Biryani,Pakistani,dinner,False,333,44,74,38,4,604,6.12,10.04
RCP02285,Pakistani Beverages Special 285,Pakistani,morning_snack,False,585,28,45,33,11,676,2.88,18.58
RCP02286,Karahi,Pakistani,dinner,False,523,38,37,27,6,1249,3.42,12.18
RCP02287,Seekh Kabab,Pakistani,morning_snack,False,308,10,43,11,12,1244,4.32,23.36
RCP02288,Sajji,Pakistani,dinner,False,674,40,50,25,10,507,3.96,5.37
RCP02289,Pakistani Beverages Special 289,Pakistani,morning_snack,False,423,40,36,26,12,951,1.8,12.02
RCP02290,Chapli Kabab,Pakistani,morning_snack,False,401,25,30,26,10,601,6.12,17.86
RCP02291,Haleem,Pakistani,dinner,False,217,39,68,31,12,983,2.7,4.0
RCP02292,Haleem,Pakistani,dinner,False,291,42,72,21,5,315,2.16,23.97
RCP02293,Karahi,Pakistani,dinner,False,723,45,42,36,9,856,5.94,4.41
RCP02294,Korma,Pakistani,dinner,False,730,22,49,32,3,1433,3.42,22.41
RCP02295,Haleem,Pakistani,dinner,False,157,43,44,19,8,1089,6.3,5.24
RCP02296,Sindhi Biryani,Pakistani,dinner,False,186,31,45,19,14,1234,2.88,24.42
RCP02297,Pakistani Beverages Special 297,Pakistani,morning_snack,False,477,37,53,25,10,786,2.88,17.0
RCP02298,Pakistani Beverages Special 298,Pakistani,morning_snack,False,595,30,57,26,12,880,5.58,8.14
RCP02299,Pakistani Beverages Special 299,Pakistani,morning_snack,False,646,45,78,19,10,368,5.04,13.35
RCP02300,Dal Makhani,Pakistani,dinner,False,545,43,76,29,11,768,2.34,5.43
RCP02301,Biryani,Pakistani,dinner,False,790,39,78,17,11,944,3.96,3.81
RCP02302,Chicken Tikka,Pakistani,morning_snack,False,405,47,72,17,11,698,5.76,18.22
RCP02303,Haleem,Pakistani,dinner,False,602,15,61,19,2,527,5.22,17.85
RCP02304,Chicken Tikka,Pakistani,morning_snack,False,757,21,47,21,9,1308,6.48,12.53
RCP02305,Paya,Pakistani,dinner,False,724,32,72,32,11,1488,5.4,18.0
RCP02306,Pakistani Beverages Special 306,Pakistani,morning_snack,False,384,30,62,28,9,1380,6.66,14.31
RCP02307,Paya,Pakistani,dinner,False,749,42,41,27,11,1372,3.96,20.01
RCP02308,Aloo Gosht,Pakistani,dinner,False,594,29,54,33,6,632,5.76,19.72
RCP02309,Nihari,Pakistani,dinner,False,672,36,53,27,3,937,3.42,23.73
RCP02310,Lahori Chargha,Pakistani,dinner,False,554,31,66,21,12,1249,3.24,5.61
RCP02311,Korma,Pakistani,dinner,False,595,27,58,34,13,808,3.06,6.18
RCP02312,Lahori Chargha,Pakistani,dinner,False,786,26,73,30,8,664,5.58,12.77
RCP02313,Karahi,Pakistani,dinner,False,644,36,62,36,5,494,4.32,20.42
RCP02314,Korma,Pakistani,dinner,False,472,9,43,17,3,830,4.14,21.38
RCP02315,Paya,Pakistani,dinner,False,622,25,34,28,7,1497,2.88,13.91
RCP02316,Chicken Tikka,Pakistani,morning_snack,False,504,22,79,18,8,1387,6.48,2.62
RCP02317,Pakistani Beverages Special 317,Pakistani,morning_snack,True,429,5,71,10,3,518,6.66,7.88
RCP02318,Karahi,Pakistani,dinner,False,519,20,60,27,13,563,6.48,10.77
RCP02319,Sindhi Biryani,Pakistani,dinner,False,252,48,51,24,4,959,2.88,23.26
RCP02320,Pakistani Beverages Special 320,Pakistani,morning_snack,False,670,43,58,30,7,483,3.6,12.94
RCP02321,Karahi,Pakistani,dinner,False,750,44,48,30,14,825,7.02,13.98
RCP02322,Sajji,Pakistani,dinner,False,424,21,48,29,11,1244,6.84,13.81
RCP02323,Seekh Kabab,Pakistani,morning_snack,False,214,18,58,21,6,451,5.58,20.35
RCP02324,Pakistani Beverages Special 324,Pakistani,morning_snack,False,611,23,31,23,7,348,2.88,4.39
RCP02325,Lahori Chargha,Pakistani,dinner,False,543,14,36,27,2,572,3.78,20.72
RCP02326,Pakistani Beverages Special 326,Pakistani,morning_snack,False,681,40,30,28,9,634,4.32,14.17
RCP02327,Chicken Tikka,Pakistani,morning_snack,False,434,18,75,16,10,831,4.5,3.58
RCP02328,Sajji,Pakistani,dinner,False,216,47,48,28,2,987,5.4,24.18
RCP02329,Dal Makhani,Pakistani,dinner,False,784,28,73,16,10,1275,5.94,6.31
RCP02330,Seekh Kabab,Pakistani,morning_snack,False,776,9,72,28,12,1226,6.66,4.99
RCP02331,Pakistani Beverages Special 331,Pakistani,morning_snack,False,297,17,55,10,10,620,4.14,17.93
RCP02332,Chapli Kabab,Pakistani,morning_snack,False,650,5,79,12,13,609,6.66,2.26
RCP02333,Pakistani Beverages Special 333,Pakistani,morning_snack,True,646,11,74,27,14,1179,3.06,13.54
RCP02334,Chapli Kabab,Pakistani,morning_snack,False,743,6,46,22,6,904,5.22,22.21
RCP02335,Nihari,Pakistani,dinner,False,687,8,33,22,13,1197,3.78,15.47
RCP02336,Dal Makhani,Pakistani,dinner,False,785,45,59,21,10,1435,4.86,23.24
RCP02337,Paya,Pakistani,dinner,False,441,46,38,25,5,607,6.48,21.99
RCP02338,Aloo Gosht,Pakistani,dinner,False,197,12,39,24,5,402,3.78,12.47
RCP02339,Pakistani Beverages Special 339,Pakistani,morning_snack,False,588,22,72,39,12,1416,3.42,22.14
RCP02340,Chapli Kabab,Pakistani,morning_snack,False,194,30,60,17,11,962,5.58,24.64
RCP02341,Haleem,Pakistani,dinner,False,756,8,32,18,10,1232,2.16,10.36
RCP02342,Palak Paneer,Pakistani,dinner,True,550,9,67,22,8,731,3.24,24.9
RCP02343,Nihari,Pakistani,dinner,False,775,18,42,29,3,1069,2.7,17.14
RCP02344,Pakistani Beverages Special 344,Pakistani,morning_snack,False,612,8,69,25,8,380,6.66,8.64
RCP02345,Sindhi Biryani,Pakistani,dinner,False,585,28,50,17,9,718,1.8,12.5
RCP02346,Sindhi Biryani,Pakistani,dinner,False,170,25,67,31,14,719,5.04,4.72
RCP02347,Pakistani Beverages Special 347,Pakistani,morning_snack,False,348,49,76,20,10,869,6.84,17.79
RCP02348,Sajji,Pakistani,dinner,False,587,12,75,26,5,365,5.04,3.79
RCP02349,Sindhi Biryani,Pakistani,dinner,False,722,39,72,31,6,744,5.4,13.38
RCP02350,Chicken Tikka,Pakistani,morning_snack,False,642,25,68,21,2,1215,5.94,17.0
RCP02351,Nihari,Pakistani,dinner,False,390,48,40,28,4,259,3.78,15.09
RCP02352,Nihari,Pakistani,dinner,False,296,14,64,29,14,1211,4.5,18.3
RCP02353,Sajji,Pakistani,dinner,False,549,38,79,34,7,1142,6.12,21.92
RCP02354,Pakistani Beverages Special 354,Pakistani,morning_snack,False,220,6,66,27,6,210,6.66,23.98
RCP02355,Pakistani Beverages Special 355,Pakistani,morning_snack,True,648,12,71,13,11,781,4.68,6.73
RCP02356,Aloo Gosht,Pakistani,dinner,False,621,31,33,33,8,1407,2.52,20.91
RCP02357,Pakistani Beverages Special 357,Pakistani,morning_snack,False,592,45,35,15,5,477,1.8,6.58
RCP02358,Biryani,Pakistani,dinner,True,176,17,46,23,9,802,5.22,13.76
RCP02359,Pakistani Beverages Special 359,Pakistani,morning_snack,True,786,13,47,24,6,774,5.76,18.6
RCP02360,Dal Makhani,Pakistani,dinner,False,565,35,69,21,10,335,1.98,15.06
RCP02361,Pakistani Beverages Special 361,Pakistani,morning_snack,False,353,48,76,15,4,1035,5.76,18.29
RCP02362,Chicken Tikka,Pakistani,morning_snack,False,611,31,78,15,8,1251,6.84,12.42
RCP02363,Sajji,Pakistani,dinner,False,660,38,57,36,7,265,1.8,4.14
RCP02364,Biryani,Pakistani,dinner,False,219,49,74,32,12,1407,4.14,14.13
RCP02365,Pakistani Beverages Special 365,Pakistani,morning_snack,False,596,24,59,22,4,271,6.48,22.69
RCP02366,Nihari,Pakistani,dinner,False,639,28,53,35,11,930,6.3,21.16
RCP02367,Chapli Kabab,Pakistani,morning_snack,False,693,28,70,36,3,508,2.16,17.02
RCP02368,Nihari,Pakistani,dinner,False,721,21,46,21,3,346,2.88,3.47
RCP02369,Korma,Pakistani,dinner,False,600,42,58,25,5,605,6.48,18.87
RCP02370,Nihari,Pakistani,dinner,False,320,27,45,15,12,1298,4.14,18.89
RCP02371,Dal Makhani,Pakistani,dinner,True,450,13,38,21,6,282,3.96,9.5
RCP02372,Chapli Kabab,Pakistani,morning_snack,False,487,27,46,35,9,998,7.02,15.14
RCP02373,Nihari,Pakistani,dinner,False,441,15,73,15,2,982,4.32,19.99
RCP02374,Pakistani Beverages Special 374,Pakistani,morning_snack,False,726,40,45,21,14,991,5.58,5.39
RCP02375,Pakistani Beverages Special 375,Pakistani,morning_snack,False,225,40,43,18,8,1033,4.86,16.64
RCP02376,Biryani,Pakistani,dinner,False,687,41,78,33,10,1483,1.98,2.33
RCP02377,Chapli Kabab,Pakistani,morning_snack,False,431,11,66,24,14,525,4.86,7.51
RCP02378,Chicken Tikka,Pakistani,morning_snack,False,264,40,41,34,8,577,5.4,18.25
RCP02379,Pakistani Beverages Special 379,Pakistani,morning_snack,False,361,42,79,29,2,822,2.16,20.71
RCP02380,Pakistani Beverages Special 380,Pakistani,morning_snack,False,559,35,45,28,7,1125,5.94,5.49
RCP02381,Chicken Tikka,Pakistani,morning_snack,False,463,18,46,27,11,1149,5.76,2.05
RCP02382,Sindhi Biryani,Pakistani,dinner,False,482,38,43,15,5,391,6.48,19.94
RCP02383,Pakistani Beverages Special 383,Pakistani,morning_snack,False,274,26,35,36,12,839,2.34,19.78
RCP02384,Lahori Chargha,Pakistani,dinner,False,389,42,41,37,13,896,6.66,15.74
RCP02385,Pakistani Beverages Special 385,Pakistani,morning_snack,False,411,29,74,19,8,510,2.16,19.24
RCP02386,Pakistani Beverages Special 386,Pakistani,morning_snack,True,701,16,65,24,2,890,6.48,22.21
RCP02387,Seekh Kabab,Pakistani,morning_snack,False,727,14,38,20,14,706,2.88,16.35
RCP02388,Pakistani Beverages Special 388,Pakistani,morning_snack,True,757,7,47,26,10,1458,2.7,17.75
RCP02389,Haleem,Pakistani,dinner,False,280,44,54,36,4,681,4.32,17.38
RCP02390,Haleem,Pakistani,dinner,False,706,33,60,28,3,1356,4.5,16.51
RCP02391,Pakistani Beverages Special 391,Pakistani,morning_snack,False,768,28,39,36,13,1187,4.68,18.93
RCP02392,Sajji,Pakistani,dinner,False,384,23,34,31,10,1038,3.96,16.95
RCP02393,Chicken Tikka,Pakistani,morning_snack,False,716,13,46,21,3,826,6.48,17.22
RCP02394,Biryani,Pakistani,dinner,False,774,39,46,31,12,572,5.76,4.75
RCP02395,Biryani,Pakistani,dinner,False,296,47,65,28,5,428,4.14,9.0
RCP02396,Pakistani Beverages Special 396,Pakistani,morning_snack,True,436,16,47,10,7,935,4.32,21.53
RCP02397,Chicken Tikka,Pakistani,morning_snack,False,497,42,57,18,9,331,1.98,18.46
RCP02398,Pakistani Beverages Special 398,Pakistani,morning_snack,False,590,39,65,20,4,1188,2.34,13.94
RCP02399,Aloo Gosht,Pakistani,dinner,False,765,41,55,37,7,288,1.8,3.07
RCP02400,Chicken Tikka,Pakistani,morning_snack,False,777,40,48,37,7,937,5.76,21.43
RCP02401,Palak Paneer,Pakistani,dinner,False,473,40,33,15,4,620,4.68,11.44
RCP02402,Nihari,Pakistani,dinner,False,784,49,45,18,13,777,4.86,11.61
RCP02403,Dal Makhani,Pakistani,dinner,False,508,22,62,23,3,1130,3.6,16.49
RCP02404,Palak Paneer,Pakistani,dinner,False,295,40,43,28,3,791,1.8,20.03
RCP02405,Paya,Pakistani,dinner,False,323,12,63,18,6,1061,3.78,23.84
RCP02406,Lahori Chargha,Pakistani,dinner,False,795,25,65,19,11,1069,5.4,13.57
RCP02407,Sindhi Biryani,Pakistani,dinner,True,485,13,61,25,8,1476,5.22,5.23
RCP02408,Karahi,Pakistani,dinner,False,325,36,50,26,3,1018,2.7,12.39
RCP02409,Pakistani Beverages Special 409,Pakistani,morning_snack,False,547,41,30,37,2,1292,5.58,19.4
RCP02410,Pakistani Beverages Special 410,Pakistani,morning_snack,False,334,28,73,18,12,201,5.58,11.01
RCP02411,Pakistani Beverages Special 411,Pakistani,morning_snack,False,279,27,55,20,5,1407,4.86,15.24
RCP02412,Pakistani Beverages Special 412,Pakistani,morning_snack,False,594,9,30,19,12,285,5.94,11.7
RCP02413,Karahi,Pakistani,dinner,False,461,24,49,22,13,695,7.02,4.51
RCP02414,Lahori Chargha,Pakistani,dinner,False,797,29,61,37,12,625,5.94,13.8
RCP02415,Pakistani Beverages Special 415,Pakistani,morning_snack,False,237,35,68,35,4,678,5.94,4.78
RCP02416,Pakistani Beverages Special 416,Pakistani,morning_snack,False,491,43,34,39,9,764,3.06,16.0
RCP02417,Lahori Chargha,Pakistani,dinner,False,794,21,74,16,12,1157,6.84,18.12
RCP02418,Seekh Kabab,Pakistani,morning_snack,False,537,26,69,24,7,1459,2.7,6.84
RCP02419,Palak Paneer,Pakistani,dinner,False,458,7,71,29,2,1167,3.78,8.69
RCP02420,Palak Paneer,Pakistani,dinner,False,351,26,67,16,12,1046,3.06,7.87
RCP02421,Biryani,Pakistani,dinner,False,726,28,69,19,3,715,3.6,24.66
RCP02422,Pakistani Beverages Special 422,Pakistani,morning_snack,False,253,22,58,36,12,926,2.7,15.88
RCP02423,Haleem,Pakistani,dinner,False,334,23,40,35,11,330,5.4,20.9
RCP02424,Pakistani Beverages Special 424,Pakistani,morning_snack,False,739,37,74,22,9,895,3.42,19.28
RCP02425,Chicken Tikka,Pakistani,morning_snack,False,296,31,60,18,2,741,2.34,20.06
RCP02426,Pakistani Beverages Special 426,Pakistani,morning_snack,False,439,48,33,38,7,739,6.66,9.07
RCP02427,Chicken Tikka,Pakistani,morning_snack,False,359,19,72,26,9,903,2.88,8.78
RCP02428,Pakistani Beverages Special 428,Pakistani,morning_snack,False,401,40,33,26,5,1144,3.24,3.4
RCP02429,Pakistani Beverages Special 429,Pakistani,morning_snack,False,687,23,48,28,8,220,7.02,16.61
RCP02430,Chapli Kabab,Pakistani,morning_snack,False,582,5,39,10,5,1213,6.66,24.89
RCP02431,Chicken Tikka,Pakistani,morning_snack,False,345,20,70,39,6,1008,5.04,22.0
RCP02432,Pakistani Beverages Special 432,Pakistani,morning_snack,False,414,13,40,28,13,1362,3.6,24.69
RCP02433,Dal Makhani,Pakistani,dinner,False,642,47,44,15,14,518,5.22,7.56
RCP02434,Aloo Gosht,Pakistani,dinner,False,765,10,55,21,2,352,1.8,23.02
RCP02435,Haleem,Pakistani,dinner,False,426,39,48,23,12,1148,3.42,14.15
RCP02436,Chicken Tikka,Pakistani,morning_snack,False,354,28,61,31,12,659,2.34,23.31
RCP02437,Sindhi Biryani,Pakistani,dinner,True,736,10,65,17,13,1486,5.22,2.54
RCP02438,Sajji,Pakistani,dinner,False,472,6,61,26,4,345,6.48,15.2
RCP02439,Palak Paneer,Pakistani,dinner,False,283,32,49,26,5,518,5.22,24.53
RCP02440,Pakistani Beverages Special 440,Pakistani,morning_snack,False,454,28,53,16,4,1471,2.52,22.82
RCP02441,Seekh Kabab,Pakistani,morning_snack,False,595,19,72,14,14,1308,5.76,17.07
RCP02442,Lahori Chargha,Pakistani,dinner,False,449,16,59,24,3,825,2.16,3.62
RCP02443,Seekh Kabab,Pakistani,morning_snack,False,697,8,35,21,6,245,6.48,18.3
RCP02444,Karahi,Pakistani,dinner,False,562,24,39,16,6,470,3.78,22.42
RCP02445,Pakistani Beverages Special 445,Pakistani,morning_snack,False,700,38,47,20,3,1448,1.98,11.15
RCP02446,Pakistani Beverages Special 446,Pakistani,morning_snack,False,378,44,78,36,3,1026,2.16,14.07
RCP02447,Biryani,Pakistani,dinner,True,747,7,76,25,10,1063,3.96,11.11
RCP02448,Sajji,Pakistani,dinner,False,552,40,75,31,13,1227,3.42,9.17
RCP02449,Pakistani Beverages Special 449,Pakistani,morning_snack,True,165,14,43,27,14,1469,4.14,21.79
RCP02450,Korma,Pakistani,dinner,False,346,12,44,26,3,382,6.12,5.0
RCP02451,Nihari,Pakistani,dinner,False,544,41,56,26,3,814,5.04,5.21
RCP02452,Haleem,Pakistani,dinner,False,555,11,72,20,12,407,6.84,19.09
RCP02453,Chicken Tikka,Pakistani,morning_snack,False,697,41,78,31,4,791,2.88,9.39
RCP02454,Sajji,Pakistani,dinner,False,678,15,76,19,8,1295,7.02,7.63
RCP02455,Biryani,Pakistani,dinner,True,452,19,72,10,7,570,4.86,9.57
RCP02456,Karahi,Pakistani,dinner,False,626,16,70,18,6,1043,4.5,16.11
RCP02457,Korma,Pakistani,dinner,False,171,34,47,24,12,1226,7.02,9.5
RCP02458,Chapli Kabab,Pakistani,morning_snack,False,542,49,53,25,7,1423,4.14,4.76
RCP02459,Pakistani Beverages Special 459,Pakistani,morning_snack,True,626,12,79,23,6,461,5.58,14.87
RCP02460,Pakistani Beverages Special 460,Pakistani,morning_snack,False,561,25,40,22,6,1176,6.3,10.71
RCP02461,Pakistani Beverages Special 461,Pakistani,morning_snack,False,695,21,40,25,12,1081,5.04,5.15
RCP02462,Biryani,Pakistani,dinner,False,163,30,54,15,14,1065,3.42,17.35
RCP02463,Pakistani Beverages Special 463,Pakistani,morning_snack,False,560,34,67,17,12,1290,5.94,15.68
RCP02464,Dal Makhani,Pakistani,dinner,False,607,46,37,21,4,1423,2.52,9.98
RCP02465,Seekh Kabab,Pakistani,morning_snack,False,253,8,64,19,9,913,4.86,19.3
RCP02466,Biryani,Pakistani,dinner,False,739,45,55,15,2,1201,4.14,12.3
RCP02467,Chapli Kabab,Pakistani,morning_snack,False,650,12,45,28,8,1053,4.86,2.03
RCP02468,Palak Paneer,Pakistani,dinner,False,698,26,68,32,11,745,6.3,9.41
RCP02469,Pakistani Beverages Special 469,Pakistani,morning_snack,False,576,43,43,37,13,653,3.42,12.84
RCP02470,Karahi,Pakistani,dinner,False,667,9,30,11,6,834,4.32,15.14
RCP02471,Pakistani Beverages Special 471,Pakistani,morning_snack,False,203,25,74,39,5,1439,3.24,21.13
RCP02472,Sajji,Pakistani,dinner,False,279,19,76,11,12,244,1.98,9.19
RCP02473,Chapli Kabab,Pakistani,morning_snack,False,750,38,71,35,7,821,2.52,23.63
RCP02474,Pakistani Beverages Special 474,Pakistani,morning_snack,False,691,9,38,12,4,806,4.32,6.15
RCP02475,Palak Paneer,Pakistani,dinner,False,674,32,39,23,4,1426,2.88,4.91
RCP02476,Dal Makhani,Pakistani,dinner,True,381,18,30,22,7,561,6.48,5.58
RCP02477,Chicken Tikka,Pakistani,morning_snack,False,786,18,53,13,12,629,6.3,21.38
RCP02478,Sajji,Pakistani,dinner,False,321,32,66,29,6,662,2.52,5.6
RCP02479,Nihari,Pakistani,dinner,False,271,29,45,17,11,201,5.76,7.35
RCP02480,Seekh Kabab,Pakistani,morning_snack,False,513,32,56,22,5,1380,2.88,13.28
RCP02481,Paya,Pakistani,dinner,False,156,39,61,21,9,378,5.4,3.85
RCP02482,Chapli Kabab,Pakistani,morning_snack,False,634,33,66,26,5,599,3.78,13.72
RCP02483,Haleem,Pakistani,dinner,False,724,34,69,34,14,1028,4.68,6.43
RCP02484,Pakistani Beverages Special 484,Pakistani,morning_snack,True,579,15,56,15,14,1194,6.3,23.76
RCP02485,Pakistani Beverages Special 485,Pakistani,morning_snack,False,417,45,52,24,13,305,6.66,18.06
RCP02486,Chapli Kabab,Pakistani,morning_snack,False,443,44,36,34,12,717,3.78,8.63
RCP02487,Dal Makhani,Pakistani,dinner,False,578,34,68,37,9,1359,5.04,21.45
RCP02488,Seekh Kabab,Pakistani,morning_snack,False,695,18,60,23,12,383,3.96,4.91
RCP02489,Chapli Kabab,Pakistani,morning_snack,False,558,46,48,39,4,626,2.7,13.18
RCP02490,Korma,Pakistani,dinner,False,332,36,61,35,9,978,5.22,5.83
RCP02491,Pakistani Beverages Special 491,Pakistani,morning_snack,False,345,5,45,19,10,1328,6.3,9.13
RCP02492,Pakistani Beverages Special 492,Pakistani,morning_snack,True,159,11,49,22,3,1232,3.96,21.67
RCP02493,Paya,Pakistani,dinner,False,531,10,38,10,10,1217,5.76,8.21
RCP02494,Pakistani Beverages Special 494,Pakistani,morning_snack,False,265,5,52,21,13,405,3.6,8.54
RCP02495,Pakistani Beverages Special 495,Pakistani,morning_snack,True,424,18,30,27,14,468,2.88,24.92
RCP02496,Palak Paneer,Pakistani,dinner,False,361,36,59,34,4,1491,5.76,20.12
RCP02497,Palak Paneer,Pakistani,dinner,False,268,37,48,23,13,906,5.76,19.84
RCP02498,Seekh Kabab,Pakistani,morning_snack,False,783,30,44,32,9,909,2.52,22.11
RCP02499,Lahori Chargha,Pakistani,dinner,False,738,36,42,32,8,1235,3.78,22.73
RCP02500,Dal Makhani,Pakistani,dinner,True,545,18,66,25,12,1388,1.8,3.21
RCP02501,Chicken Tikka,Pakistani,morning_snack,False,762,13,50,25,10,1281,3.42,6.76
RCP02502,Lahori Chargha,Pakistani,dinner,False,489,25,36,29,8,489,2.88,7.5
RCP02503,Pakistani Street Food Special 3,Pakistani,morning_snack,False,206,34,46,15,10,834,3.06,4.86
RCP02504,Lahori Chargha,Pakistani,dinner,False,657,26,75,18,10,528,5.58,9.73
RCP02505,Dal Makhani,Pakistani,dinner,False,397,30,45,15,6,1059,1.8,18.33
RCP02506,Nihari,Pakistani,dinner,False,533,27,72,26,9,1205,5.58,10.11
RCP02507,Haleem,Pakistani,dinner,False,482,26,75,27,2,425,3.96,6.29
RCP02508,Nihari,Pakistani,dinner,False,278,13,74,10,13,249,6.66,2.44
RCP02509,Karahi,Pakistani,dinner,False,238,16,41,11,4,782,2.16,9.65
RCP02510,Pakistani Street Food Special 10,Pakistani,morning_snack,True,736,15,59,17,3,619,5.94,24.03
RCP02511,Pakistani Street Food Special 11,Pakistani,morning_snack,False,269,33,30,20,2,1052,3.24,3.96
RCP02512,Seekh Kabab,Pakistani,morning_snack,False,257,41,66,37,8,1149,3.24,12.43
RCP02513,Sindhi Biryani,Pakistani,dinner,True,752,8,41,26,11,1130,1.98,18.27
RCP02514,Karahi,Pakistani,dinner,False,281,16,77,20,10,934,2.16,13.58
RCP02515,Nihari,Pakistani,dinner,False,390,7,44,20,3,1012,1.98,19.5
RCP02516,Aloo Gosht,Pakistani,dinner,False,453,49,45,21,7,1092,5.04,15.79
RCP02517,Palak Paneer,Pakistani,dinner,False,794,28,56,37,12,558,5.58,15.19
RCP02518,Pakistani Street Food Special 18,Pakistani,morning_snack,False,445,36,44,22,11,978,3.06,3.28
RCP02519,Lahori Chargha,Pakistani,dinner,False,792,15,72,12,6,1152,5.94,24.13
RCP02520,Sajji,Pakistani,dinner,False,457,5,33,12,5,334,6.48,23.71
RCP02521,Seekh Kabab,Pakistani,morning_snack,False,666,29,65,22,9,1290,3.24,5.16
RCP02522,Pakistani Street Food Special 22,Pakistani,morning_snack,True,508,5,77,13,7,315,4.14,13.34
RCP02523,Biryani,Pakistani,dinner,False,668,35,78,26,2,1340,2.7,13.43
RCP02524,Pakistani Street Food Special 24,Pakistani,morning_snack,False,531,28,69,20,8,1309,6.84,7.45
RCP02525,Nihari,Pakistani,dinner,False,346,38,40,17,8,707,3.24,4.83
RCP02526,Pakistani Street Food Special 26,Pakistani,morning_snack,True,210,8,35,23,13,1164,1.98,2.94
RCP02527,Sajji,Pakistani,dinner,False,746,38,34,34,4,1146,5.22,12.72
RCP02528,Pakistani Street Food Special 28,Pakistani,morning_snack,False,674,21,51,39,10,880,3.42,9.98
RCP02529,Pakistani Street Food Special 29,Pakistani,morning_snack,False,253,45,53,33,4,1309,5.4,20.85
RCP02530,Pakistani Street Food Special 30,Pakistani,morning_snack,False,463,34,58,27,12,629,3.06,14.87
RCP02531,Nihari,Pakistani,dinner,False,488,15,53,28,4,1474,4.5,3.94
RCP02532,Pakistani Street Food Special 32,Pakistani,morning_snack,False,794,9,39,23,9,865,3.06,10.64
RCP02533,Paya,Pakistani,dinner,False,284,18,56,20,13,1486,2.16,17.37
RCP02534,Pakistani Street Food Special 34,Pakistani,morning_snack,False,303,34,69,37,4,370,5.76,5.62
RCP02535,Palak Paneer,Pakistani,dinner,False,563,29,76,21,6,786,5.4,20.72
RCP02536,Pakistani Street Food Special 36,Pakistani,morning_snack,False,294,46,56,15,13,1041,6.3,13.38
RCP02537,Paya,Pakistani,dinner,False,199,13,34,13,2,209,6.12,10.33
RCP02538,Nihari,Pakistani,dinner,False,494,26,68,27,11,1402,6.3,13.32
RCP02539,Paya,Pakistani,dinner,False,467,25,54,19,11,1416,4.14,9.88
RCP02540,Haleem,Pakistani,dinner,False,733,47,76,28,4,353,4.68,12.6
RCP02541,Chapli Kabab,Pakistani,morning_snack,False,393,5,71,11,2,676,2.34,7.78
RCP02542,Pakistani Street Food Special 42,Pakistani,morning_snack,False,193,36,39,35,13,1344,2.16,21.21
RCP02543,Pakistani Street Food Special 43,Pakistani,morning_snack,False,722,36,61,16,9,556,4.32,24.11
RCP02544,Sindhi Biryani,Pakistani,dinner,False,357,44,35,39,8,708,2.7,21.37
RCP02545,Dal Makhani,Pakistani,dinner,False,172,23,68,18,11,692,5.58,23.95
RCP02546,Chapli Kabab,Pakistani,morning_snack,False,762,7,72,12,14,433,4.14,14.09
RCP02547,Dal Makhani,Pakistani,dinner,False,294,20,61,26,11,951,5.04,17.36
RCP02548,Pakistani Street Food Special 48,Pakistani,morning_snack,False,441,27,49,21,9,1034,4.5,14.93
RCP02549,Chicken Tikka,Pakistani,morning_snack,False,209,5,43,29,5,1386,3.06,14.3
RCP02550,Haleem,Pakistani,dinner,False,594,30,75,26,3,1117,2.16,14.86
RCP02551,Nihari,Pakistani,dinner,False,453,14,62,11,5,247,2.16,16.52
RCP02552,Pakistani Street Food Special 52,Pakistani,morning_snack,False,225,36,75,20,4,927,1.8,2.78
RCP02553,Pakistani Street Food Special 53,Pakistani,morning_snack,False,646,30,35,38,10,834,3.96,21.96
RCP02554,Pakistani Street Food Special 54,Pakistani,morning_snack,True,730,7,71,14,2,249,7.02,24.7
RCP02555,Aloo Gosht,Pakistani,dinner,False,656,49,52,27,11,1360,2.16,13.25
RCP02556,Biryani,Pakistani,dinner,False,568,45,73,39,3,820,5.22,10.81
RCP02557,Pakistani Street Food Special 57,Pakistani,morning_snack,False,733,7,43,29,5,710,2.88,2.67
RCP02558,Dal Makhani,Pakistani,dinner,False,725,35,49,30,12,1220,5.76,8.48
RCP02559,Dal Makhani,Pakistani,dinner,True,783,7,66,16,7,684,5.4,8.63
RCP02560,Pakistani Street Food Special 60,Pakistani,morning_snack,False,694,25,65,25,14,571,2.16,13.25
RCP02561,Sindhi Biryani,Pakistani,dinner,False,376,44,48,31,14,331,6.48,24.51
RCP02562,Sajji,Pakistani,dinner,False,297,32,64,38,13,1204,4.32,5.45
RCP02563,Lahori Chargha,Pakistani,dinner,False,572,47,79,25,14,1279,4.68,10.66
RCP02564,Karahi,Pakistani,dinner,False,432,41,46,16,12,1104,1.98,19.62
RCP02565,Paya,Pakistani,dinner,False,619,20,66,38,5,430,1.8,15.09
RCP02566,Biryani,Pakistani,dinner,True,480,18,30,25,2,1128,7.02,12.74
RCP02567,Chapli Kabab,Pakistani,morning_snack,False,251,26,78,31,3,828,6.84,2.83
RCP02568,Paya,Pakistani,dinner,False,241,29,32,28,8,633,6.66,7.91
RCP02569,Nihari,Pakistani,dinner,False,382,34,41,15,10,891,3.96,4.24
RCP02570,Chapli Kabab,Pakistani,morning_snack,False,532,25,31,37,5,1065,3.78,20.93
RCP02571,Pakistani Street Food Special 71,Pakistani,morning_snack,False,497,40,38,34,2,1196,3.42,16.92
RCP02572,Chapli Kabab,Pakistani,morning_snack,False,350,12,65,10,5,218,4.32,8.61
RCP02573,Pakistani Street Food Special 73,Pakistani,morning_snack,True,304,13,69,21,9,779,3.06,13.52
RCP02574,Pakistani Street Food Special 74,Pakistani,morning_snack,False,586,39,52,37,13,993,2.34,5.99
RCP02575,Sindhi Biryani,Pakistani,dinner,False,367,42,78,30,2,897,3.78,17.92
RCP02576,Dal Makhani,Pakistani,dinner,False,275,29,46,20,13,1449,2.7,8.03
RCP02577,Korma,Pakistani,dinner,False,699,38,46,34,6,1389,3.24,24.46
RCP02578,Pakistani Street Food Special 78,Pakistani,morning_snack,False,234,40,76,39,10,1269,5.76,12.31
RCP02579,Korma,Pakistani,dinner,False,530,16,54,27,5,1383,3.42,14.13
RCP02580,Pakistani Street Food Special 80,Pakistani,morning_snack,False,304,21,62,17,14,522,6.48,17.93
RCP02581,Pakistani Street Food Special 81,Pakistani,morning_snack,False,381,33,55,36,11,1105,5.22,22.04
RCP02582,Haleem,Pakistani,dinner,False,624,11,33,18,3,855,5.94,6.56
RCP02583,Lahori Chargha,Pakistani,dinner,False,364,27,48,15,6,937,2.16,19.88
RCP02584,Chicken Tikka,Pakistani,morning_snack,False,502,31,52,32,4,789,4.32,23.46
RCP02585,Nihari,Pakistani,dinner,False,750,25,53,16,9,321,2.34,15.38
RCP02586,Chicken Tikka,Pakistani,morning_snack,False,508,13,79,23,9,1076,2.88,20.9
RCP02587,Haleem,Pakistani,dinner,False,771,46,44,16,2,1290,6.84,13.35
RCP02588,Pakistani Street Food Special 88,Pakistani,morning_snack,False,555,34,58,38,2,1248,3.96,11.75
RCP02589,Aloo Gosht,Pakistani,dinner,False,260,35,63,16,11,1381,4.32,20.67
RCP02590,Pakistani Street Food Special 90,Pakistani,morning_snack,True,764,16,60,28,2,814,4.5,9.21
RCP02591,Palak Paneer,Pakistani,dinner,False,286,45,38,37,2,1124,1.98,21.32
RCP02592,Pakistani Street Food Special 92,Pakistani,morning_snack,True,382,8,61,27,2,1459,2.34,3.3
RCP02593,Lahori Chargha,Pakistani,dinner,False,561,39,52,38,11,1167,1.98,2.15
RCP02594,Sajji,Pakistani,dinner,False,357,18,31,29,10,1291,1.98,23.25
RCP02595,Lahori Chargha,Pakistani,dinner,False,334,7,30,26,13,552,6.12,17.45
RCP02596,Haleem,Pakistani,dinner,False,342,15,71,29,14,1393,4.86,3.8
RCP02597,Karahi,Pakistani,dinner,False,795,36,51,22,10,1305,4.68,15.19
RCP02598,Pakistani Street Food Special 98,Pakistani,morning_snack,True,208,8,57,22,5,870,6.12,16.42
RCP02599,Karahi,Pakistani,dinner,False,576,35,72,28,13,1331,4.14,10.36
RCP02600,Karahi,Pakistani,dinner,False,200,9,71,20,8,749,4.14,24.97
RCP02601,Biryani,Pakistani,dinner,True,523,12,33,10,13,243,3.42,24.0
RCP02602,Lahori Chargha,Pakistani,dinner,False,773,15,45,29,13,484,1.8,9.67
RCP02603,Palak Paneer,Pakistani,dinner,False,658,17,45,27,7,666,3.06,4.54
RCP02604,Pakistani Street Food Special 104,Pakistani,morning_snack,True,730,11,61,20,9,1463,5.94,4.28
RCP02605,Biryani,Pakistani,dinner,False,494,25,42,19,3,977,3.78,7.86
RCP02606,Pakistani Street Food Special 106,Pakistani,morning_snack,True,168,5,76,19,8,694,2.34,9.76
RCP02607,Pakistani Street Food Special 107,Pakistani,morning_snack,True,219,5,60,27,2,674,4.68,19.81
RCP02608,Paya,Pakistani,dinner,False,590,7,39,24,12,707,5.22,24.25
RCP02609,Palak Paneer,Pakistani,dinner,True,637,7,77,29,12,210,5.4,6.86
RCP02610,Korma,Pakistani,dinner,False,394,46,40,38,2,995,4.86,9.53
RCP02611,Lahori Chargha,Pakistani,dinner,False,195,49,74,25,10,530,6.84,17.82
RCP02612,Pakistani Street Food Special 112,Pakistani,morning_snack,True,662,19,38,22,4,709,6.66,8.89
RCP02613,Chapli Kabab,Pakistani,morning_snack,False,636,43,50,22,13,1303,1.8,10.76
RCP02614,Pakistani Street Food Special 114,Pakistani,morning_snack,False,434,46,70,26,11,424,2.88,23.09
RCP02615,Korma,Pakistani,dinner,False,766,30,32,25,8,1095,2.16,3.0
RCP02616,Chapli Kabab,Pakistani,morning_snack,False,607,46,71,32,7,661,3.06,5.15
RCP02617,Pakistani Street Food Special 117,Pakistani,morning_snack,False,518,28,43,21,13,1066,5.04,21.71
RCP02618,Paya,Pakistani,dinner,False,211,17,61,29,4,565,4.68,7.21
RCP02619,Lahori Chargha,Pakistani,dinner,False,673,30,33,23,5,683,3.06,8.59
RCP02620,Karahi,Pakistani,dinner,False,205,37,76,28,13,761,4.5,22.83
RCP02621,Pakistani Street Food Special 121,Pakistani,morning_snack,False,484,47,78,28,8,259,2.34,22.39
RCP02622,Palak Paneer,Pakistani,dinner,True,540,12,78,18,6,1481,5.58,6.26
RCP02623,Haleem,Pakistani,dinner,False,707,40,74,37,11,1064,2.16,7.96
RCP02624,Pakistani Street Food Special 124,Pakistani,morning_snack,False,373,42,50,33,9,546,3.24,4.76
RCP02625,Sindhi Biryani,Pakistani,dinner,True,635,14,32,26,5,1393,6.84,16.06
RCP02626,Sajji,Pakistani,dinner,False,564,32,44,29,10,374,6.12,23.32
RCP02627,Sajji,Pakistani,dinner,False,660,32,74,31,9,477,5.58,5.94
RCP02628,Palak Paneer,Pakistani,dinner,False,487,28,73,29,11,309,6.66,2.78
RCP02629,Aloo Gosht,Pakistani,dinner,False,166,26,44,22,13,1345,6.84,14.26
RCP02630,Karahi,Pakistani,dinner,False,152,46,43,27,5,485,2.34,12.56
RCP02631,Chapli Kabab,Pakistani,morning_snack,False,472,48,39,18,7,908,6.84,20.29
RCP02632,Pakistani Street Food Special 132,Pakistani,morning_snack,False,235,43,69,31,12,1063,5.4,22.47
RCP02633,Pakistani Street Food Special 133,Pakistani,morning_snack,False,735,40,50,39,9,1097,3.6,20.66
RCP02634,Chicken Tikka,Pakistani,morning_snack,False,760,28,60,19,5,327,2.16,17.61
RCP02635,Chicken Tikka,Pakistani,morning_snack,False,653,36,44,25,14,237,3.42,19.29
RCP02636,Pakistani Street Food Special 136,Pakistani,morning_snack,True,676,14,34,25,3,486,6.12,3.95
RCP02637,Karahi,Pakistani,dinner,False,171,30,32,25,7,1407,3.06,6.2
RCP02638,Haleem,Pakistani,dinner,False,221,11,43,29,8,495,6.66,8.24
RCP02639,Pakistani Street Food Special 139,Pakistani,morning_snack,True,605,14,57,29,3,1029,1.8,13.65
RCP02640,Pakistani Street Food Special 140,Pakistani,morning_snack,True,529,16,48,22,10,511,3.96,7.81
RCP02641,Sajji,Pakistani,dinner,False,231,34,57,26,9,1316,5.76,6.12
RCP02642,Seekh Kabab,Pakistani,morning_snack,False,510,30,53,35,12,251,3.24,24.95
RCP02643,Pakistani Street Food Special 143,Pakistani,morning_snack,False,339,38,78,20,10,427,6.84,21.91
RCP02644,Lahori Chargha,Pakistani,dinner,False,378,30,39,37,6,514,4.5,16.88
RCP02645,Haleem,Pakistani,dinner,False,470,42,52,17,4,755,1.8,19.02
RCP02646,Korma,Pakistani,dinner,False,771,17,77,25,11,696,2.7,23.48
RCP02647,Pakistani Street Food Special 147,Pakistani,morning_snack,False,505,29,50,20,6,871,2.88,8.67
RCP02648,Nihari,Pakistani,dinner,False,161,32,69,26,2,891,1.98,4.78
RCP02649,Pakistani Street Food Special 149,Pakistani,morning_snack,False,653,46,42,29,8,922,5.4,7.04
RCP02650,Korma,Pakistani,dinner,False,165,30,35,29,7,714,5.4,21.59
RCP02651,Pakistani Street Food Special 151,Pakistani,morning_snack,False,664,26,67,37,4,522,3.24,7.78
RCP02652,Sindhi Biryani,Pakistani,dinner,False,580,35,45,37,5,1392,4.68,22.4
RCP02653,Aloo Gosht,Pakistani,dinner,False,664,10,40,21,12,1036,6.12,11.38
RCP02654,Pakistani Street Food Special 154,Pakistani,morning_snack,True,470,12,42,25,3,350,2.7,13.66
RCP02655,Pakistani Street Food Special 155,Pakistani,morning_snack,False,776,13,44,14,8,1397,2.16,3.65
RCP02656,Pakistani Street Food Special 156,Pakistani,morning_snack,False,232,45,67,17,4,361,5.4,7.35
RCP02657,Haleem,Pakistani,dinner,False,470,44,78,34,2,491,3.06,23.13
RCP02658,Paya,Pakistani,dinner,False,473,47,64,16,4,1487,6.84,7.14
RCP02659,Pakistani Street Food Special 159,Pakistani,morning_snack,False,581,45,42,32,14,1162,4.32,4.93
RCP02660,Pakistani Street Food Special 160,Pakistani,morning_snack,False,721,45,41,20,14,438,4.5,8.98
RCP02661,Chapli Kabab,Pakistani,morning_snack,False,292,32,57,36,3,309,4.86,20.89
RCP02662,Lahori Chargha,Pakistani,dinner,False,516,5,35,17,11,1231,5.94,20.5
RCP02663,Palak Paneer,Pakistani,dinner,False,695,35,75,25,10,920,5.76,5.36
RCP02664,Pakistani Street Food Special 164,Pakistani,morning_snack,False,275,29,43,32,5,1024,3.78,23.03
RCP02665,Seekh Kabab,Pakistani,morning_snack,False,200,45,32,28,7,1251,2.88,16.44
RCP02666,Sajji,Pakistani,dinner,False,733,38,75,31,3,573,5.4,22.55
RCP02667,Sindhi Biryani,Pakistani,dinner,False,674,38,78,20,14,596,2.52,12.84
RCP02668,Haleem,Pakistani,dinner,False,561,26,73,33,9,788,3.96,24.68
RCP02669,Pakistani Street Food Special 169,Pakistani,morning_snack,True,182,16,71,20,10,1255,3.24,15.8
RCP02670,Chicken Tikka,Pakistani,morning_snack,False,363,20,40,17,7,328,4.32,16.32
RCP02671,Pakistani Street Food Special 171,Pakistani,morning_snack,True,636,6,67,16,4,1195,6.48,5.09
RCP02672,Pakistani Street Food Special 172,Pakistani,morning_snack,False,348,23,46,16,5,1198,2.7,6.92
RCP02673,Sajji,Pakistani,dinner,False,589,37,38,19,3,1431,3.24,24.48
RCP02674,Palak Paneer,Pakistani,dinner,False,600,25,61,19,8,1375,5.76,9.9
RCP02675,Korma,Pakistani,dinner,False,235,43,37,24,13,1273,5.94,4.25
RCP02676,Pakistani Street Food Special 176,Pakistani,morning_snack,False,340,26,32,29,5,797,6.66,21.5
RCP02677,Seekh Kabab,Pakistani,morning_snack,False,683,29,76,17,12,1439,7.02,15.11
RCP02678,Chicken Tikka,Pakistani,morning_snack,False,754,19,45,13,2,644,4.14,15.85
RCP02679,Palak Paneer,Pakistani,dinner,True,441,11,61,10,9,1338,4.5,4.82
RCP02680,Pakistani Street Food Special 180,Pakistani,morning_snack,False,374,23,61,19,5,891,2.88,22.83
RCP02681,Korma,Pakistani,dinner,False,338,26,31,32,4,978,2.52,14.28
RCP02682,Pakistani Street Food Special 182,Pakistani,morning_snack,False,748,26,79,22,7,922,6.3,3.93
RCP02683,Sajji,Pakistani,dinner,False,730,42,44,27,9,1163,3.96,19.26
RCP02684,Pakistani Street Food Special 184,Pakistani,morning_snack,False,740,43,50,30,14,1311,2.7,19.69
RCP02685,Sindhi Biryani,Pakistani,dinner,True,295,14,56,12,2,1315,4.14,20.09
RCP02686,Seekh Kabab,Pakistani,morning_snack,False,560,6,48,19,13,201,2.16,11.74
RCP02687,Pakistani Street Food Special 187,Pakistani,morning_snack,False,638,31,34,25,14,1454,6.3,10.77
RCP02688,Sindhi Biryani,Pakistani,dinner,False,583,39,31,34,9,886,4.5,23.37
RCP02689,Aloo Gosht,Pakistani,dinner,False,157,9,33,19,14,294,6.12,13.5
RCP02690,Karahi,Pakistani,dinner,False,369,33,37,15,9,493,3.6,2.8
RCP02691,Paya,Pakistani,dinner,False,694,23,37,33,3,1100,6.66,23.3
RCP02692,Karahi,Pakistani,dinner,False,294,10,30,17,12,372,3.6,9.9
RCP02693,Pakistani Street Food Special 193,Pakistani,morning_snack,False,161,42,79,34,11,747,6.48,7.97
RCP02694,Pakistani Street Food Special 194,Pakistani,morning_snack,False,610,44,52,15,4,1498,3.96,18.62
RCP02695,Palak Paneer,Pakistani,dinner,False,666,28,58,28,3,494,3.06,9.38
RCP02696,Pakistani Street Food Special 196,Pakistani,morning_snack,False,267,30,35,36,6,1136,2.88,11.94
RCP02697,Biryani,Pakistani,dinner,False,698,46,32,24,5,715,2.7,14.02
RCP02698,Pakistani Street Food Special 198,Pakistani,morning_snack,False,369,44,37,28,9,1112,3.42,2.27
RCP02699,Seekh Kabab,Pakistani,morning_snack,False,260,49,51,19,3,214,2.7,12.47
RCP02700,Aloo Gosht,Pakistani,dinner,False,416,44,40,36,2,1363,6.66,19.54
RCP02701,Chapli Kabab,Pakistani,morning_snack,False,198,19,61,13,10,1099,2.7,23.23
RCP02702,Pakistani Street Food Special 202,Pakistani,morning_snack,False,234,43,55,22,13,333,3.06,21.64
RCP02703,Pakistani Street Food Special 203,Pakistani,morning_snack,False,750,12,52,21,2,1100,6.3,10.45
RCP02704,Korma,Pakistani,dinner,False,793,47,39,23,5,565,4.5,8.44
RCP02705,Dal Makhani,Pakistani,dinner,False,781,26,62,21,2,314,6.12,16.41
RCP02706,Dal Makhani,Pakistani,dinner,False,179,49,32,34,2,1416,2.52,24.29
RCP02707,Nihari,Pakistani,dinner,False,274,22,42,29,9,388,7.02,4.04
RCP02708,Haleem,Pakistani,dinner,False,299,29,73,21,7,367,3.6,17.23
RCP02709,Aloo Gosht,Pakistani,dinner,False,403,49,50,25,3,1386,5.58,7.06
RCP02710,Chapli Kabab,Pakistani,morning_snack,False,289,49,70,20,11,1349,4.5,18.97
RCP02711,Paya,Pakistani,dinner,False,703,45,52,38,14,704,4.86,3.52
RCP02712,Biryani,Pakistani,dinner,True,682,15,43,12,2,900,5.04,9.44
RCP02713,Chapli Kabab,Pakistani,morning_snack,False,710,24,78,36,12,389,3.06,15.16
RCP02714,Biryani,Pakistani,dinner,False,608,29,73,22,11,1460,4.86,2.62
RCP02715,Pakistani Street Food Special 215,Pakistani,morning_snack,False,798,29,32,17,2,638,2.16,17.78
RCP02716,Sindhi Biryani,Pakistani,dinner,False,691,45,42,23,10,1469,5.22,22.18
RCP02717,Pakistani Street Food Special 217,Pakistani,morning_snack,False,753,27,70,30,11,1040,6.48,10.03
RCP02718,Biryani,Pakistani,dinner,True,738,10,38,10,11,745,1.98,15.63
RCP02719,Pakistani Street Food Special 219,Pakistani,morning_snack,False,430,6,48,10,3,519,1.8,20.64
RCP02720,Sajji,Pakistani,dinner,False,470,20,43,17,7,1105,5.22,7.62
RCP02721,Biryani,Pakistani,dinner,False,357,38,33,19,8,1367,4.68,10.06
RCP02722,Pakistani Street Food Special 222,Pakistani,morning_snack,False,799,44,69,30,13,245,5.22,7.59
RCP02723,Pakistani Street Food Special 223,Pakistani,morning_snack,False,228,42,44,38,5,782,4.68,5.03
RCP02724,Chicken Tikka,Pakistani,morning_snack,False,252,16,53,12,5,889,1.8,2.28
RCP02725,Pakistani Street Food Special 225,Pakistani,morning_snack,False,703,24,72,39,7,1346,5.76,20.81
RCP02726,Lahori Chargha,Pakistani,dinner,False,704,48,32,29,3,1457,2.16,5.54
RCP02727,Pakistani Street Food Special 227,Pakistani,morning_snack,True,761,12,34,22,5,874,1.98,24.2
RCP02728,Nihari,Pakistani,dinner,False,539,49,60,27,2,367,6.3,8.82
RCP02729,Sindhi Biryani,Pakistani,dinner,False,424,24,78,39,5,755,2.34,12.79
RCP02730,Pakistani Street Food Special 230,Pakistani,morning_snack,False,195,31,45,27,13,636,4.68,23.36
RCP02731,Biryani,Pakistani,dinner,True,210,13,70,20,6,278,5.4,3.36
RCP02732,Haleem,Pakistani,dinner,False,204,31,63,25,6,678,2.7,22.01
RCP02733,Pakistani Street Food Special 233,Pakistani,morning_snack,False,363,13,51,24,12,742,4.5,21.75
RCP02734,Haleem,Pakistani,dinner,False,527,7,65,21,4,1112,7.02,19.47
RCP02735,Chicken Tikka,Pakistani,morning_snack,False,510,15,74,11,4,548,4.5,18.01
RCP02736,Haleem,Pakistani,dinner,False,690,33,40,29,8,1056,3.96,16.87
RCP02737,Pakistani Street Food Special 237,Pakistani,morning_snack,False,268,48,50,22,8,973,5.76,2.02
RCP02738,Nihari,Pakistani,dinner,False,222,19,36,17,7,1063,6.48,2.21
RCP02739,Karahi,Pakistani,dinner,False,666,9,51,12,7,928,5.76,6.86
RCP02740,Chapli Kabab,Pakistani,morning_snack,False,438,21,47,24,8,995,1.8,22.21
RCP02741,Biryani,Pakistani,dinner,False,284,26,52,33,4,1150,1.8,4.53
RCP02742,Palak Paneer,Pakistani,dinner,False,234,28,38,20,11,981,7.02,21.43
RCP02743,Haleem,Pakistani,dinner,False,665,34,53,26,9,238,3.6,2.93
RCP02744,Pakistani Street Food Special 244,Pakistani,morning_snack,False,312,13,41,24,11,1283,5.04,13.84
RCP02745,Pakistani Street Food Special 245,Pakistani,morning_snack,False,581,28,68,23,4,457,5.22,20.1
RCP02746,Chicken Tikka,Pakistani,morning_snack,False,526,27,37,34,2,723,5.04,21.86
RCP02747,Pakistani Street Food Special 247,Pakistani,morning_snack,False,358,40,60,30,7,511,3.42,17.9
RCP02748,Paya,Pakistani,dinner,False,466,49,78,26,10,830,2.52,6.78
RCP02749,Korma,Pakistani,dinner,False,210,5,45,23,6,679,4.68,18.58
RCP02750,Sajji,Pakistani,dinner,False,706,16,67,20,2,1459,4.5,19.3
RCP02751,Palak Paneer,Pakistani,dinner,False,360,38,44,39,2,1143,3.42,5.16
RCP02752,Pakistani Street Food Special 252,Pakistani,morning_snack,False,561,23,31,29,6,487,6.3,23.75
RCP02753,Haleem,Pakistani,dinner,False,576,32,58,36,9,404,4.14,2.88
RCP02754,Nihari,Pakistani,dinner,False,312,5,59,22,4,1217,6.12,11.4
RCP02755,Haleem,Pakistani,dinner,False,582,47,75,38,2,1010,3.24,15.65
RCP02756,Paya,Pakistani,dinner,False,583,5,77,26,8,603,5.4,12.14
RCP02757,Paya,Pakistani,dinner,False,633,44,53,33,14,1323,4.5,7.52
RCP02758,Lahori Chargha,Pakistani,dinner,False,462,34,63,22,14,631,6.84,7.12
RCP02759,Aloo Gosht,Pakistani,dinner,False,274,12,41,22,6,371,5.04,2.77
RCP02760,Lahori Chargha,Pakistani,dinner,False,636,28,70,21,4,296,3.6,7.62
RCP02761,Sajji,Pakistani,dinner,False,681,28,36,21,6,246,3.06,12.31
RCP02762,Pakistani Street Food Special 262,Pakistani,morning_snack,False,632,49,47,20,13,572,2.34,3.56
RCP02763,Seekh Kabab,Pakistani,morning_snack,False,786,17,69,23,3,757,4.68,7.78
RCP02764,Dal Makhani,Pakistani,dinner,True,529,7,50,13,13,346,5.4,24.04
RCP02765,Chicken Tikka,Pakistani,morning_snack,False,559,13,47,29,13,424,5.22,21.24
RCP02766,Pakistani Street Food Special 266,Pakistani,morning_snack,False,708,49,68,20,7,360,6.48,10.57
RCP02767,Pakistani Street Food Special 267,Pakistani,morning_snack,True,419,13,79,16,3,397,6.12,3.88
RCP02768,Seekh Kabab,Pakistani,morning_snack,False,324,31,39,23,5,1357,6.12,14.12
RCP02769,Aloo Gosht,Pakistani,dinner,False,618,33,49,33,2,474,3.6,12.03
RCP02770,Chicken Tikka,Pakistani,morning_snack,False,532,34,41,18,2,1452,3.78,7.9
RCP02771,Pakistani Street Food Special 271,Pakistani,morning_snack,False,559,30,39,38,9,450,5.4,12.54
RCP02772,Pakistani Street Food Special 272,Pakistani,morning_snack,False,479,48,73,34,5,1465,5.04,16.47
RCP02773,Pakistani Street Food Special 273,Pakistani,morning_snack,False,448,46,38,36,2,454,3.6,23.4
RCP02774,Biryani,Pakistani,dinner,False,172,34,44,36,9,559,5.04,12.54
RCP02775,Pakistani Street Food Special 275,Pakistani,morning_snack,False,207,6,71,11,14,1474,6.84,20.27
RCP02776,Pakistani Street Food Special 276,Pakistani,morning_snack,False,239,33,43,36,5,1297,5.22,12.19
RCP02777,Pakistani Street Food Special 277,Pakistani,morning_snack,False,169,49,39,27,14,759,4.86,18.75
RCP02778,Dal Makhani,Pakistani,dinner,False,529,48,68,18,11,856,5.22,14.56
RCP02779,Pakistani Street Food Special 279,Pakistani,morning_snack,True,379,18,50,26,8,1149,2.16,8.45
RCP02780,Karahi,Pakistani,dinner,False,474,39,62,17,5,274,5.4,23.99
RCP02781,Pakistani Street Food Special 281,Pakistani,morning_snack,False,794,38,74,18,13,385,3.42,18.24
RCP02782,Lahori Chargha,Pakistani,dinner,False,453,28,64,33,5,454,7.02,11.63
RCP02783,Haleem,Pakistani,dinner,False,250,14,53,21,13,541,4.32,7.0
RCP02784,Korma,Pakistani,dinner,False,474,44,37,30,8,352,5.04,8.45
RCP02785,Pakistani Street Food Special 285,Pakistani,morning_snack,False,582,47,62,37,14,1279,5.94,11.7
RCP02786,Korma,Pakistani,dinner,False,471,45,69,17,2,1410,5.58,11.09
RCP02787,Pakistani Street Food Special 287,Pakistani,morning_snack,False,192,48,38,34,2,389,4.86,12.18
RCP02788,Aloo Gosht,Pakistani,dinner,False,764,47,36,35,13,675,5.58,19.86
RCP02789,Biryani,Pakistani,dinner,False,545,18,73,13,4,1002,5.58,21.63
RCP02790,Chicken Tikka,Pakistani,morning_snack,False,252,35,69,31,11,808,5.94,3.47
RCP02791,Chicken Tikka,Pakistani,morning_snack,False,548,18,76,29,12,1175,3.06,8.75
RCP02792,Palak Paneer,Pakistani,dinner,True,172,10,74,17,4,1069,5.76,5.46
RCP02793,Lahori Chargha,Pakistani,dinner,False,574,34,60,27,13,237,4.32,5.61
RCP02794,Pakistani Street Food Special 294,Pakistani,morning_snack,False,193,47,64,24,7,342,2.16,18.07
RCP02795,Pakistani Street Food Special 295,Pakistani,morning_snack,False,331,48,42,39,12,576,5.58,17.54
RCP02796,Haleem,Pakistani,dinner,False,536,29,77,34,2,210,3.96,14.79
RCP02797,Sindhi Biryani,Pakistani,dinner,False,432,31,32,32,10,1443,4.68,22.25
RCP02798,Chicken Tikka,Pakistani,morning_snack,False,183,21,60,35,6,1407,4.14,10.29
RCP02799,Pakistani Street Food Special 299,Pakistani,morning_snack,False,487,49,61,23,3,722,3.42,16.4
RCP02800,Pakistani Street Food Special 300,Pakistani,morning_snack,False,772,37,74,31,2,931,7.02,22.58
RCP02801,Karahi,Pakistani,dinner,False,566,21,61,31,3,1397,6.12,19.01
RCP02802,Nihari,Pakistani,dinner,False,382,13,31,16,2,454,6.84,20.52
RCP02803,Pakistani Street Food Special 303,Pakistani,morning_snack,False,782,41,35,28,8,1434,4.68,7.73
RCP02804,Pakistani Street Food Special 304,Pakistani,morning_snack,False,368,32,63,18,5,960,5.94,8.32
RCP02805,Pakistani Street Food Special 305,Pakistani,morning_snack,False,191,26,64,20,5,1245,2.52,18.78
RCP02806,Biryani,Pakistani,dinner,False,398,20,62,35,3,789,5.94,2.6
RCP02807,Pakistani Street Food Special 307,Pakistani,morning_snack,False,620,24,51,26,5,209,1.8,13.96
RCP02808,Aloo Gosht,Pakistani,dinner,False,273,48,52,37,4,246,4.5,16.4
RCP02809,Pakistani Street Food Special 309,Pakistani,morning_snack,False,341,15,77,21,5,938,2.34,8.3
RCP02810,Seekh Kabab,Pakistani,morning_snack,False,545,17,38,20,6,778,3.78,22.98
RCP02811,Pakistani Street Food Special 311,Pakistani,morning_snack,True,724,10,69,24,2,622,2.7,9.88
RCP02812,Biryani,Pakistani,dinner,False,683,49,75,22,9,1253,5.94,8.71
RCP02813,Korma,Pakistani,dinner,False,686,30,66,19,5,523,4.5,19.75
RCP02814,Nihari,Pakistani,dinner,False,671,31,40,36,5,1174,4.86,8.07
RCP02815,Chicken Tikka,Pakistani,morning_snack,False,329,6,34,24,12,1312,5.94,20.45
RCP02816,Palak Paneer,Pakistani,dinner,False,181,11,31,12,5,447,4.14,19.43
RCP02817,Seekh Kabab,Pakistani,morning_snack,False,707,23,61,32,14,227,6.3,10.8
RCP02818,Pakistani Street Food Special 318,Pakistani,morning_snack,False,606,18,71,28,12,641,2.34,9.62
RCP02819,Pakistani Street Food Special 319,Pakistani,morning_snack,False,530,31,33,35,7,1450,5.04,22.86
RCP02820,Sindhi Biryani,Pakistani,dinner,False,338,39,76,19,3,1015,2.16,10.58
RCP02821,Dal Makhani,Pakistani,dinner,False,153,31,50,37,11,464,5.94,19.17
RCP02822,Haleem,Pakistani,dinner,False,415,11,70,13,4,931,5.22,22.68
RCP02823,Chapli Kabab,Pakistani,morning_snack,False,797,43,75,36,10,651,1.8,13.56
RCP02824,Chapli Kabab,Pakistani,morning_snack,False,485,7,42,21,5,989,3.24,23.9
RCP02825,Haleem,Pakistani,dinner,False,578,5,48,19,8,606,4.32,18.08
RCP02826,Palak Paneer,Pakistani,dinner,True,732,17,36,29,12,670,5.76,7.89
RCP02827,Pakistani Street Food Special 327,Pakistani,morning_snack,False,795,25,55,31,6,1184,7.02,23.58
RCP02828,Pakistani Street Food Special 328,Pakistani,morning_snack,False,500,37,46,38,8,286,2.34,5.36
RCP02829,Pakistani Street Food Special 329,Pakistani,morning_snack,False,588,32,56,33,8,1270,5.04,11.51
RCP02830,Pakistani Street Food Special 330,Pakistani,morning_snack,False,325,38,62,17,2,459,6.12,19.92
RCP02831,Paya,Pakistani,dinner,False,794,35,75,22,13,925,4.86,21.4
RCP02832,Palak Paneer,Pakistani,dinner,False,533,49,67,28,2,432,5.94,22.14
RCP02833,Dal Makhani,Pakistani,dinner,True,533,17,36,25,11,1237,3.78,2.41
RCP02834,Pakistani Street Food Special 334,Pakistani,morning_snack,False,669,39,69,36,13,573,2.88,20.63
RCP02835,Haleem,Pakistani,dinner,False,521,26,51,19,11,1068,4.14,12.61
RCP02836,Aloo Gosht,Pakistani,dinner,False,514,47,75,24,6,785,3.24,17.41
RCP02837,Palak Paneer,Pakistani,dinner,True,759,8,31,17,8,430,2.34,23.83
RCP02838,Palak Paneer,Pakistani,dinner,False,236,9,43,15,12,1251,6.3,23.15
RCP02839,Chicken Tikka,Pakistani,morning_snack,False,792,23,44,24,8,319,3.06,11.56
RCP02840,Pakistani Street Food Special 340,Pakistani,morning_snack,True,312,16,54,25,12,644,5.4,10.65
RCP02841,Sindhi Biryani,Pakistani,dinner,False,215,37,67,16,4,226,4.68,10.14
RCP02842,Pakistani Street Food Special 342,Pakistani,morning_snack,False,619,49,76,16,11,1360,4.5,17.04
RCP02843,Seekh Kabab,Pakistani,morning_snack,False,757,22,68,17,7,325,4.68,21.29
RCP02844,Sindhi Biryani,Pakistani,dinner,True,387,5,64,15,2,764,4.14,3.07
RCP02845,Biryani,Pakistani,dinner,False,350,14,76,22,14,582,4.14,23.41
RCP02846,Pakistani Street Food Special 346,Pakistani,morning_snack,False,354,23,67,28,3,751,2.52,7.16
RCP02847,Seekh Kabab,Pakistani,morning_snack,False,632,30,57,21,9,328,3.78,12.83
RCP02848,Pakistani Street Food Special 348,Pakistani,morning_snack,False,482,44,37,31,11,1137,5.94,16.22
RCP02849,Pakistani Street Food Special 349,Pakistani,morning_snack,False,315,48,79,31,3,1464,4.5,16.67
RCP02850,Chicken Tikka,Pakistani,morning_snack,False,417,8,66,18,3,408,6.12,18.15
RCP02851,Biryani,Pakistani,dinner,True,202,17,78,29,7,1146,3.42,23.88
RCP02852,Pakistani Street Food Special 352,Pakistani,morning_snack,True,327,6,53,25,9,309,5.22,24.1
RCP02853,Sindhi Biryani,Pakistani,dinner,False,410,12,38,26,11,1413,5.58,21.72
RCP02854,Korma,Pakistani,dinner,False,721,44,59,37,8,1225,5.94,2.9
RCP02855,Aloo Gosht,Pakistani,dinner,False,234,46,54,39,4,359,4.86,17.55
RCP02856,Karahi,Pakistani,dinner,False,413,40,48,37,13,1499,4.86,15.14
RCP02857,Pakistani Street Food Special 357,Pakistani,morning_snack,False,595,22,79,18,9,1104,5.4,21.15
RCP02858,Karahi,Pakistani,dinner,False,637,29,31,20,4,718,6.48,4.0
RCP02859,Pakistani Street Food Special 359,Pakistani,morning_snack,False,333,31,74,31,6,1159,4.5,16.09
RCP02860,Dal Makhani,Pakistani,dinner,False,788,29,48,31,2,552,1.8,24.5
RCP02861,Karahi,Pakistani,dinner,False,761,35,40,31,3,660,2.52,23.22
RCP02862,Karahi,Pakistani,dinner,False,528,12,47,19,12,1121,1.98,11.69
RCP02863,Pakistani Street Food Special 363,Pakistani,morning_snack,False,539,47,42,33,13,1308,6.48,11.32
RCP02864,Dal Makhani,Pakistani,dinner,False,587,21,49,37,10,746,4.14,20.65
RCP02865,Korma,Pakistani,dinner,False,375,11,38,17,5,974,3.78,5.51
RCP02866,Korma,Pakistani,dinner,False,427,25,55,23,7,238,5.76,21.48
RCP02867,Nihari,Pakistani,dinner,False,685,21,77,23,6,1342,5.4,8.61
RCP02868,Dal Makhani,Pakistani,dinner,False,242,28,56,19,7,759,2.7,12.4
RCP02869,Seekh Kabab,Pakistani,morning_snack,False,411,18,31,27,5,1284,3.78,4.51
RCP02870,Pakistani Street Food Special 370,Pakistani,morning_snack,True,383,6,30,24,8,1339,2.7,8.2
RCP02871,Dal Makhani,Pakistani,dinner,True,761,11,38,11,11,212,5.76,14.14
RCP02872,Palak Paneer,Pakistani,dinner,False,447,36,65,22,6,944,3.06,17.44
RCP02873,Chapli Kabab,Pakistani,morning_snack,False,794,30,43,27,14,1412,6.3,16.53
RCP02874,Sindhi Biryani,Pakistani,dinner,False,426,17,59,10,8,1494,5.94,24.02
RCP02875,Pakistani Street Food Special 375,Pakistani,morning_snack,False,402,22,40,18,13,1040,3.6,17.45
RCP02876,Karahi,Pakistani,dinner,False,493,42,75,28,3,443,2.88,4.31
RCP02877,Seekh Kabab,Pakistani,morning_snack,False,427,21,68,25,10,345,3.24,14.87
RCP02878,Sajji,Pakistani,dinner,False,321,15,41,22,6,538,3.78,19.32
RCP02879,Nihari,Pakistani,dinner,False,461,23,69,32,4,563,1.98,3.39
RCP02880,Haleem,Pakistani,dinner,False,515,6,59,16,13,784,6.48,23.39
RCP02881,Sajji,Pakistani,dinner,False,503,36,55,19,2,1111,5.22,6.17
RCP02882,Chapli Kabab,Pakistani,morning_snack,False,338,30,78,24,11,1198,5.76,4.56
RCP02883,Seekh Kabab,Pakistani,morning_snack,False,629,35,34,31,4,624,5.76,21.31
RCP02884,Palak Paneer,Pakistani,dinner,False,150,42,67,17,12,868,5.4,23.11
RCP02885,Seekh Kabab,Pakistani,morning_snack,False,227,46,75,33,13,675,5.58,17.35
RCP02886,Haleem,Pakistani,dinner,False,206,14,36,23,9,963,5.22,2.45
RCP02887,Sindhi Biryani,Pakistani,dinner,False,736,36,38,20,7,481,2.88,24.19
RCP02888,Sajji,Pakistani,dinner,False,363,25,70,38,5,1087,1.98,13.02
RCP02889,Sindhi Biryani,Pakistani,dinner,False,647,40,60,19,12,291,6.12,23.77
RCP02890,Lahori Chargha,Pakistani,dinner,False,505,26,40,19,9,978,2.7,16.14
RCP02891,Seekh Kabab,Pakistani,morning_snack,False,665,28,36,36,10,890,2.52,3.47
RCP02892,Sindhi Biryani,Pakistani,dinner,False,153,31,33,18,2,1158,3.96,3.09
RCP02893,Paya,Pakistani,dinner,False,578,33,46,19,4,699,4.86,21.32
RCP02894,Korma,Pakistani,dinner,False,793,16,65,17,9,1138,3.42,4.33
RCP02895,Pakistani Street Food Special 395,Pakistani,morning_snack,False,276,24,78,17,9,405,5.76,5.23
RCP02896,Sindhi Biryani,Pakistani,dinner,False,556,38,49,38,5,685,1.98,9.42
RCP02897,Sindhi Biryani,Pakistani,dinner,False,430,21,75,36,13,441,3.42,16.05
RCP02898,Pakistani Street Food Special 398,Pakistani,morning_snack,True,304,5,49,27,4,408,2.34,5.58
RCP02899,Sajji,Pakistani,dinner,False,157,42,43,16,5,1272,4.14,13.58
RCP02900,Paya,Pakistani,dinner,False,497,12,68,27,14,1278,5.76,20.3
RCP02901,Haleem,Pakistani,dinner,False,401,42,46,25,5,589,6.12,3.22
RCP02902,Dal Makhani,Pakistani,dinner,False,306,41,51,27,6,543,4.5,20.44
RCP02903,Sajji,Pakistani,dinner,False,451,28,40,16,4,812,1.8,13.71
RCP02904,Pakistani Street Food Special 404,Pakistani,morning_snack,False,415,38,58,21,12,624,4.32,15.17
RCP02905,Pakistani Street Food Special 405,Pakistani,morning_snack,False,584,47,63,31,13,308,2.88,24.85
RCP02906,Palak Paneer,Pakistani,dinner,False,520,43,64,29,4,212,3.6,2.38
RCP02907,Pakistani Street Food Special 407,Pakistani,morning_snack,False,379,41,54,31,6,386,2.34,10.53
RCP02908,Palak Paneer,Pakistani,dinner,True,340,12,33,29,3,423,4.86,11.07
RCP02909,Nihari,Pakistani,dinner,False,164,49,48,34,6,1444,3.06,20.54
RCP02910,Sindhi Biryani,Pakistani,dinner,False,215,28,53,27,7,1000,3.42,20.69
RCP02911,Pakistani Street Food Special 411,Pakistani,morning_snack,False,682,49,79,17,14,1181,6.48,8.54
RCP02912,Lahori Chargha,Pakistani,dinner,False,411,6,30,14,5,1298,1.98,4.98
RCP02913,Pakistani Street Food Special 413,Pakistani,morning_snack,True,322,17,72,23,3,922,5.76,24.83
RCP02914,Pakistani Street Food Special 414,Pakistani,morning_snack,False,636,18,64,15,13,644,5.94,24.68
RCP02915,Chicken Tikka,Pakistani,morning_snack,False,434,48,58,17,4,1108,2.88,17.69
RCP02916,Korma,Pakistani,dinner,False,673,48,40,19,3,1068,5.4,23.8
RCP02917,Nihari,Pakistani,dinner,False,799,11,67,25,11,725,5.94,7.52
RCP02918,Chapli Kabab,Pakistani,morning_snack,False,546,20,43,21,5,398,3.24,21.08
RCP02919,Seekh Kabab,Pakistani,morning_snack,False,481,45,60,24,13,897,6.3,3.11
RCP02920,Sajji,Pakistani,dinner,False,249,45,57,33,11,724,6.12,15.64
RCP02921,Pakistani Street Food Special 421,Pakistani,morning_snack,False,386,17,61,13,8,1377,3.06,23.49
RCP02922,Chapli Kabab,Pakistani,morning_snack,False,638,37,32,38,3,1136,5.58,5.81
RCP02923,Sajji,Pakistani,dinner,False,426,23,63,35,5,514,5.58,20.76
RCP02924,Paya,Pakistani,dinner,False,712,12,56,25,12,1222,6.66,19.79
RCP02925,Paya,Pakistani,dinner,False,465,38,54,38,14,1264,3.96,4.3
RCP02926,Sindhi Biryani,Pakistani,dinner,False,348,36,41,28,13,781,3.24,5.32
RCP02927,Sindhi Biryani,Pakistani,dinner,False,503,39,45,26,13,255,6.48,6.01
RCP02928,Pakistani Street Food Special 428,Pakistani,morning_snack,False,211,10,72,13,9,746,5.94,24.28
RCP02929,Karahi,Pakistani,dinner,False,526,29,79,34,13,1026,5.58,18.41
RCP02930,Nihari,Pakistani,dinner,False,773,25,45,28,12,1339,3.96,14.4
RCP02931,Korma,Pakistani,dinner,False,539,47,67,21,8,630,1.98,4.14
RCP02932,Pakistani Street Food Special 432,Pakistani,morning_snack,False,776,27,43,23,10,701,6.84,12.59
RCP02933,Lahori Chargha,Pakistani,dinner,False,278,34,34,30,8,658,6.84,6.93
RCP02934,Pakistani Street Food Special 434,Pakistani,morning_snack,False,498,8,58,22,4,1311,6.48,21.68
RCP02935,Korma,Pakistani,dinner,False,286,10,67,18,12,985,5.76,8.75
RCP02936,Chicken Tikka,Pakistani,morning_snack,False,244,27,63,16,10,478,2.7,3.62
RCP02937,Lahori Chargha,Pakistani,dinner,False,772,45,68,24,11,276,6.84,6.78
RCP02938,Korma,Pakistani,dinner,False,690,7,66,22,13,869,3.96,9.34
RCP02939,Paya,Pakistani,dinner,False,211,11,58,15,7,863,6.48,17.16
RCP02940,Dal Makhani,Pakistani,dinner,False,398,30,68,23,11,690,5.22,23.99
RCP02941,Pakistani Street Food Special 441,Pakistani,morning_snack,False,177,26,45,34,13,1029,2.7,16.44
RCP02942,Sajji,Pakistani,dinner,False,320,40,71,20,7,1461,3.6,7.54
RCP02943,Pakistani Street Food Special 443,Pakistani,morning_snack,True,551,8,42,19,9,695,3.42,16.73
RCP02944,Chapli Kabab,Pakistani,morning_snack,False,560,19,66,25,6,1491,7.02,8.14
RCP02945,Aloo Gosht,Pakistani,dinner,False,738,17,62,16,11,1254,6.84,23.91
RCP02946,Sindhi Biryani,Pakistani,dinner,False,449,44,59,33,5,1100,2.88,24.26
RCP02947,Korma,Pakistani,dinner,False,695,42,76,19,11,775,2.7,14.1
RCP02948,Nihari,Pakistani,dinner,False,739,26,54,33,5,1170,6.66,21.01
RCP02949,Lahori Chargha,Pakistani,dinner,False,310,18,72,19,7,212,6.3,12.16
RCP02950,Lahori Chargha,Pakistani,dinner,False,743,26,30,28,4,348,1.98,17.98
RCP02951,Sajji,Pakistani,dinner,False,767,24,60,39,10,824,3.42,12.05
RCP02952,Biryani,Pakistani,dinner,False,344,28,43,35,8,1051,6.66,22.02
RCP02953,Biryani,Pakistani,dinner,False,196,30,48,27,13,1285,2.16,12.85
RCP02954,Pakistani Street Food Special 454,Pakistani,morning_snack,False,220,14,51,22,2,1092,2.88,14.32
RCP02955,Karahi,Pakistani,dinner,False,414,47,33,21,13,568,3.96,12.09
RCP02956,Pakistani Street Food Special 456,Pakistani,morning_snack,False,464,14,59,15,3,1203,3.96,23.8
RCP02957,Pakistani Street Food Special 457,Pakistani,morning_snack,False,698,36,38,17,7,217,4.86,23.56
RCP02958,Pakistani Street Food Special 458,Pakistani,morning_snack,False,333,46,78,36,10,746,3.6,7.75
RCP02959,Haleem,Pakistani,dinner,False,307,28,39,22,6,916,2.88,2.24
RCP02960,Lahori Chargha,Pakistani,dinner,False,592,48,44,20,3,295,4.5,10.3
RCP02961,Pakistani Street Food Special 461,Pakistani,morning_snack,False,375,6,59,28,10,1005,1.8,12.7
RCP02962,Palak Paneer,Pakistani,dinner,False,553,13,53,23,11,1365,1.98,19.44
RCP02963,Lahori Chargha,Pakistani,dinner,False,172,10,74,20,4,563,6.48,4.79
RCP02964,Pakistani Street Food Special 464,Pakistani,morning_snack,False,636,41,53,15,14,1119,6.3,17.65
RCP02965,Pakistani Street Food Special 465,Pakistani,morning_snack,False,476,24,45,33,12,528,4.5,19.75
RCP02966,Dal Makhani,Pakistani,dinner,False,718,26,32,29,11,283,1.8,6.69
RCP02967,Sajji,Pakistani,dinner,False,276,22,68,19,7,664,2.52,6.13
RCP02968,Sindhi Biryani,Pakistani,dinner,False,748,21,52,28,12,883,6.48,3.61
RCP02969,Seekh Kabab,Pakistani,morning_snack,False,600,10,49,29,4,726,6.12,5.77
RCP02970,Sindhi Biryani,Pakistani,dinner,False,604,41,68,24,13,1367,5.58,4.77
RCP02971,Biryani,Pakistani,dinner,False,510,38,44,20,2,650,5.04,19.1
RCP02972,Sindhi Biryani,Pakistani,dinner,False,492,35,61,33,12,1076,6.3,10.65
RCP02973,Lahori Chargha,Pakistani,dinner,False,388,47,68,32,12,385,4.32,14.49
RCP02974,Sindhi Biryani,Pakistani,dinner,False,367,31,71,24,2,581,2.16,16.65
RCP02975,Nihari,Pakistani,dinner,False,639,5,37,24,9,770,5.22,18.42
RCP02976,Palak Paneer,Pakistani,dinner,False,777,39,70,37,4,393,6.84,21.39
RCP02977,Karahi,Pakistani,dinner,False,699,40,50,31,6,525,2.34,10.9
RCP02978,Aloo Gosht,Pakistani,dinner,False,689,42,46,31,6,815,1.8,6.26
RCP02979,Pakistani Street Food Special 479,Pakistani,morning_snack,False,760,26,75,34,14,576,4.32,11.29
RCP02980,Seekh Kabab,Pakistani,morning_snack,False,196,43,51,39,2,355,6.66,12.87
RCP02981,Pakistani Street Food Special 481,Pakistani,morning_snack,True,530,6,35,18,6,774,2.52,14.35
RCP02982,Pakistani Street Food Special 482,Pakistani,morning_snack,False,784,45,73,31,7,648,5.4,11.81
RCP02983,Pakistani Street Food Special 483,Pakistani,morning_snack,False,302,33,69,17,11,1310,2.88,10.33
RCP02984,Seekh Kabab,Pakistani,morning_snack,False,549,26,40,22,14,1278,6.66,8.58
RCP02985,Lahori Chargha,Pakistani,dinner,False,275,12,63,10,14,1016,2.52,14.3
RCP02986,Paya,Pakistani,dinner,False,229,5,71,26,8,1455,5.58,2.31
RCP02987,Pakistani Street Food Special 487,Pakistani,morning_snack,False,289,47,45,19,9,925,2.16,7.83
RCP02988,Sajji,Pakistani,dinner,False,216,14,35,16,11,1476,1.98,16.49
RCP02989,Seekh Kabab,Pakistani,morning_snack,False,236,9,50,15,12,1144,3.06,15.68
RCP02990,Chapli Kabab,Pakistani,morning_snack,False,214,17,72,22,4,244,7.02,19.22
RCP02991,Haleem,Pakistani,dinner,False,780,19,53,28,5,222,6.3,6.96
RCP02992,Nihari,Pakistani,dinner,False,575,9,73,19,12,1311,7.02,18.84
RCP02993,Aloo Gosht,Pakistani,dinner,False,222,15,76,11,13,1224,1.98,12.1
RCP02994,Pakistani Street Food Special 494,Pakistani,morning_snack,True,204,16,50,13,7,454,5.04,14.95
RCP02995,Nihari,Pakistani,dinner,False,500,35,54,23,6,205,3.6,6.79
RCP02996,Nihari,Pakistani,dinner,False,245,20,52,33,4,269,1.8,8.81
RCP02997,Haleem,Pakistani,dinner,False,388,47,63,17,5,935,3.96,21.09
RCP02998,Nihari,Pakistani,dinner,False,541,10,52,21,10,214,3.42,12.06
RCP02999,Chicken Tikka,Pakistani,morning_snack,False,577,9,38,11,6,1402,3.06,8.69
RCP03000,Aloo Gosht,Pakistani,dinner,False,707,47,38,38,5,1413,4.86,20.55
RCP03001,Indian Main Course Special 1,Indian,dinner,False,251,32,73,35,6,1316,3.06,24.04
RCP03002,Masala Dosa,Indian,breakfast,False,254,37,37,38,9,214,2.88,22.92
RCP03003,Idli,Indian,breakfast,False,701,46,73,22,2,1484,5.22,3.46
RCP03004,Paneer Tikka,Indian,morning_snack,False,558,39,62,26,3,1456,4.5,3.73
RCP03005,Vindaloo,Indian,dinner,False,230,8,47,10,8,415,5.4,20.96
RCP03006,Paneer Tikka,Indian,morning_snack,False,312,20,49,15,3,1218,4.68,9.05
RCP03007,Tandoori Chicken,Indian,morning_snack,False,438,10,50,19,6,489,4.68,15.91
RCP03008,Gulab Jamun,Indian,morning_snack,False,467,38,43,32,2,561,2.52,24.4
RCP03009,Indian Main Course Special 9,Indian,dinner,False,186,23,40,30,5,765,5.4,6.49
RCP03010,Paneer Tikka,Indian,morning_snack,False,219,18,67,14,8,368,1.8,20.48
RCP03011,Idli,Indian,breakfast,False,482,46,68,38,2,390,6.3,22.82
RCP03012,Naan,Indian,breakfast,False,473,25,59,29,4,613,2.34,20.66
RCP03013,Indian Main Course Special 13,Indian,dinner,False,551,27,39,34,2,208,6.3,3.92
RCP03014,Biryani,Indian,dinner,True,572,12,66,24,10,366,3.42,3.4
RCP03015,Indian Main Course Special 15,Indian,dinner,False,431,5,48,24,3,1431,5.4,22.2
RCP03016,Dosa,Indian,breakfast,True,566,13,52,14,6,481,3.06,18.16
RCP03017,Paneer Tikka,Indian,morning_snack,False,707,42,51,37,14,239,5.04,9.78
RCP03018,Chole Bhature,Indian,breakfast,False,209,6,47,19,3,600,4.32,23.02
RCP03019,Masala Dosa,Indian,breakfast,False,436,38,74,28,5,1144,1.8,11.35
RCP03020,Dosa,Indian,breakfast,False,414,48,59,23,14,1160,4.32,20.1
RCP03021,Vindaloo,Indian,dinner,False,494,49,78,21,14,617,4.14,7.25
RCP03022,Indian Main Course Special 22,Indian,dinner,True,694,5,36,22,13,1395,6.12,3.7
RCP03023,Dosa,Indian,breakfast,False,617,35,78,18,11,1148,4.5,11.46
RCP03024,Masala Dosa,Indian,breakfast,True,513,11,62,15,4,1444,6.48,14.66
RCP03025,Vindaloo,Indian,dinner,False,352,15,69,23,13,1492,3.6,3.37
RCP03026,Idli,Indian,breakfast,False,707,44,35,34,5,618,6.48,13.52
RCP03027,Tandoori Chicken,Indian,morning_snack,False,170,39,58,33,3,1421,7.02,6.14
RCP03028,Paneer Tikka,Indian,morning_snack,False,694,23,53,29,9,456,4.14,22.24
RCP03029,Idli,Indian,breakfast,False,174,24,54,33,12,819,6.48,19.03
RCP03030,Idli,Indian,breakfast,False,661,35,67,19,10,288,3.24,10.48
RCP03031,Indian Main Course Special 31,Indian,dinner,False,241,24,31,36,12,317,6.48,10.55
RCP03032,Paneer Tikka,Indian,morning_snack,False,482,32,30,36,7,554,2.7,16.19
RCP03033,Indian Main Course Special 33,Indian,dinner,False,247,44,35,30,4,450,4.68,15.52
RCP03034,Indian Main Course Special 34,Indian,dinner,True,703,9,76,20,8,1425,5.04,17.45
RCP03035,Naan,Indian,breakfast,False,251,14,61,10,3,1093,3.6,2.91
RCP03036,Dal Tadka,Indian,dinner,False,166,29,37,31,3,214,5.94,18.11
RCP03037,Biryani,Indian,dinner,False,275,10,65,16,7,604,6.84,20.23
RCP03038,Biryani,Indian,dinner,False,522,17,38,21,10,661,1.8,6.36
RCP03039,Biryani,Indian,dinner,False,392,27,71,36,9,875,7.02,15.57
RCP03040,Samosa,Indian,morning_snack,False,263,34,45,39,13,753,5.4,16.59
RCP03041,Vindaloo,Indian,dinner,False,524,25,43,28,10,485,5.04,22.36
RCP03042,Samosa,Indian,morning_snack,False,767,22,55,34,7,571,3.06,8.18
RCP03043,Masala Dosa,Indian,breakfast,False,685,12,65,13,8,575,5.04,7.82
RCP03044,Dosa,Indian,breakfast,False,524,44,52,23,14,1470,4.86,11.82
RCP03045,Butter Chicken,Indian,dinner,False,614,35,57,26,8,1227,3.78,11.92
RCP03046,Vindaloo,Indian,dinner,False,674,30,58,32,5,466,2.16,6.4
RCP03047,Indian Main Course Special 47,Indian,dinner,False,302,27,35,36,12,1140,5.4,10.93
RCP03048,Butter Chicken,Indian,dinner,False,424,13,57,16,11,829,4.86,21.41
RCP03049,Tandoori Chicken,Indian,morning_snack,False,487,31,56,24,11,1163,2.7,23.31
RCP03050,Dosa,Indian,breakfast,False,542,41,76,15,9,876,2.7,10.61
RCP03051,Indian Main Course Special 51,Indian,dinner,False,156,10,62,13,9,466,2.34,7.5
RCP03052,Naan,Indian,breakfast,True,700,16,59,21,13,348,2.16,20.74
RCP03053,Dal Tadka,Indian,dinner,False,564,38,76,18,3,1263,3.96,9.42
RCP03054,Naan,Indian,breakfast,True,756,7,53,15,12,1475,7.02,24.49
RCP03055,Masala Dosa,Indian,breakfast,False,222,41,44,22,3,625,1.8,11.6
RCP03056,Indian Main Course Special 56,Indian,dinner,False,339,23,66,32,9,948,2.16,20.99
RCP03057,Indian Main Course Special 57,Indian,dinner,False,334,39,54,23,2,487,3.78,12.73
RCP03058,Dal Tadka,Indian,dinner,False,731,31,75,25,4,443,5.94,21.94
RCP03059,Indian Main Course Special 59,Indian,dinner,False,223,43,30,21,5,1154,5.4,10.83
RCP03060,Gulab Jamun,Indian,morning_snack,False,541,21,40,33,12,1214,3.78,17.41
RCP03061,Butter Chicken,Indian,dinner,False,346,5,46,11,9,362,3.42,8.36
RCP03062,Biryani,Indian,dinner,False,352,24,31,23,11,1488,6.12,14.34
RCP03063,Indian Main Course Special 63,Indian,dinner,False,607,40,52,31,14,406,6.66,12.56
RCP03064,Indian Main Course Special 64,Indian,dinner,True,459,12,63,27,4,1082,4.5,4.61
RCP03065,Rogan Josh,Indian,dinner,False,551,19,78,17,6,1401,4.86,7.78
RCP03066,Idli,Indian,breakfast,False,596,22,40,22,3,846,2.52,24.25
RCP03067,Idli,Indian,breakfast,False,291,42,43,39,14,1393,3.96,6.4
RCP03068,Dosa,Indian,breakfast,False,418,15,36,24,2,344,3.96,15.96
RCP03069,Butter Chicken,Indian,dinner,False,412,15,68,10,9,256,1.8,7.59
RCP03070,Dal Tadka,Indian,dinner,False,561,47,31,31,10,1498,2.88,7.84
RCP03071,Idli,Indian,breakfast,False,570,34,66,17,6,1047,3.24,3.19
RCP03072,Dal Tadka,Indian,dinner,True,677,13,74,28,4,458,3.78,23.19
RCP03073,Chole Bhature,Indian,breakfast,False,739,36,30,36,12,408,4.32,14.37
RCP03074,Rogan Josh,Indian,dinner,False,301,47,74,22,14,1002,5.22,11.03
RCP03075,Butter Chicken,Indian,dinner,False,376,15,37,16,3,500,4.86,10.85
RCP03076,Rogan Josh,Indian,dinner,False,725,38,33,27,7,733,3.06,4.16
RCP03077,Masala Dosa,Indian,breakfast,False,656,31,48,20,8,1065,3.42,17.51
RCP03078,Masala Dosa,Indian,breakfast,False,169,36,38,33,8,1077,6.84,13.87
RCP03079,Indian Main Course Special 79,Indian,dinner,False,499,47,58,29,12,1058,5.94,16.31
RCP03080,Biryani,Indian,dinner,False,453,5,58,23,14,768,3.06,3.52
RCP03081,Masala Dosa,Indian,breakfast,False,424,9,54,19,11,1347,2.7,23.32
RCP03082,Tandoori Chicken,Indian,morning_snack,False,497,6,79,24,4,1374,3.24,19.08
RCP03083,Indian Main Course Special 83,Indian,dinner,False,199,40,68,18,2,805,5.04,15.5
RCP03084,Indian Main Course Special 84,Indian,dinner,False,683,36,36,15,5,420,3.96,3.82
RCP03085,Chole Bhature,Indian,breakfast,True,510,15,31,19,9,1077,7.02,4.72
RCP03086,Biryani,Indian,dinner,False,593,33,54,23,5,638,3.24,15.09
RCP03087,Indian Main Course Special 87,Indian,dinner,False,469,22,35,28,7,220,2.7,22.24
RCP03088,Dal Tadka,Indian,dinner,True,562,9,52,22,6,1101,7.02,2.06
RCP03089,Chole Bhature,Indian,breakfast,False,234,27,40,22,8,1482,1.8,24.03
RCP03090,Indian Main Course Special 90,Indian,dinner,False,566,21,43,35,9,276,6.84,9.99
RCP03091,Tandoori Chicken,Indian,morning_snack,False,529,35,46,17,9,1394,4.86,19.41
RCP03092,Masala Dosa,Indian,breakfast,False,390,28,58,26,14,303,6.66,20.44
RCP03093,Gulab Jamun,Indian,morning_snack,False,218,31,69,25,10,970,4.5,19.62
RCP03094,Butter Chicken,Indian,dinner,False,474,27,35,27,7,475,2.88,15.18
RCP03095,Indian Main Course Special 95,Indian,dinner,False,462,40,62,37,13,846,4.68,6.7
RCP03096,Naan,Indian,breakfast,False,347,14,44,10,7,500,4.5,14.81
RCP03097,Biryani,Indian,dinner,True,690,10,73,28,10,397,2.34,23.43
RCP03098,Indian Main Course Special 98,Indian,dinner,False,357,39,43,39,11,328,3.78,10.7
RCP03099,Chole Bhature,Indian,breakfast,False,356,47,30,20,14,803,6.84,3.19
RCP03100,Indian Main Course Special 100,Indian,dinner,False,389,43,62,35,5,1094,6.66,13.24
RCP03101,Gulab Jamun,Indian,morning_snack,False,795,24,65,27,2,1344,6.48,3.71
RCP03102,Samosa,Indian,morning_snack,True,578,18,39,21,4,310,2.88,6.92
RCP03103,Indian Main Course Special 103,Indian,dinner,False,595,19,56,14,10,1065,1.8,21.03
RCP03104,Chole Bhature,Indian,breakfast,False,221,44,68,26,5,1320,6.48,21.46
RCP03105,Indian Main Course Special 105,Indian,dinner,False,472,40,59,24,2,1263,3.78,18.99
RCP03106,Butter Chicken,Indian,dinner,False,160,34,68,22,12,543,3.06,23.14
RCP03107,Dal Tadka,Indian,dinner,True,364,15,77,28,10,877,2.52,4.27
RCP03108,Biryani,Indian,dinner,False,598,26,72,21,4,209,6.66,20.98
RCP03109,Indian Main Course Special 109,Indian,dinner,False,294,25,47,15,3,1104,5.04,8.82
RCP03110,Chole Bhature,Indian,breakfast,False,540,32,44,33,2,377,4.86,23.17
RCP03111,Idli,Indian,breakfast,True,323,16,69,21,4,733,3.96,10.03
RCP03112,Indian Main Course Special 112,Indian,dinner,True,423,14,64,25,3,850,4.32,18.97
RCP03113,Dosa,Indian,breakfast,True,786,13,62,28,8,1393,5.04,24.3
RCP03114,Gulab Jamun,Indian,morning_snack,True,306,14,47,16,10,266,6.66,13.19
RCP03115,Samosa,Indian,morning_snack,False,778,34,68,16,2,906,3.24,11.62
RCP03116,Masala Dosa,Indian,breakfast,False,274,49,32,35,12,978,4.68,16.82
RCP03117,Rogan Josh,Indian,dinner,False,321,15,72,22,14,1342,3.78,7.88
RCP03118,Dal Tadka,Indian,dinner,False,552,42,65,22,12,1158,3.96,21.02
RCP03119,Tandoori Chicken,Indian,morning_snack,False,760,19,42,14,3,1078,6.66,17.2
RCP03120,Vindaloo,Indian,dinner,False,192,15,68,22,13,1275,4.68,9.2
RCP03121,Biryani,Indian,dinner,False,387,29,78,28,13,1070,1.8,8.97
RCP03122,Indian Main Course Special 122,Indian,dinner,True,546,9,75,25,6,298,2.16,3.54
RCP03123,Indian Main Course Special 123,Indian,dinner,True,209,9,40,23,4,277,3.06,22.07
RCP03124,Indian Main Course Special 124,Indian,dinner,False,596,29,50,15,11,283,6.48,19.72
RCP03125,Indian Main Course Special 125,Indian,dinner,True,574,10,67,27,2,1467,6.12,20.37
RCP03126,Dosa,Indian,breakfast,False,637,23,65,17,11,867,3.96,7.84
RCP03127,Indian Main Course Special 127,Indian,dinner,False,456,32,46,32,2,934,5.94,14.79
RCP03128,Idli,Indian,breakfast,False,158,49,43,35,11,996,6.66,19.8
RCP03129,Biryani,Indian,dinner,False,356,23,44,38,3,511,6.66,10.22
RCP03130,Indian Main Course Special 130,Indian,dinner,False,209,41,77,31,3,961,7.02,3.14
RCP03131,Dosa,Indian,breakfast,False,361,9,61,17,13,1190,2.7,22.61
RCP03132,Masala Dosa,Indian,breakfast,True,159,17,63,15,12,1437,3.06,2.97
RCP03133,Samosa,Indian,morning_snack,True,171,18,35,15,5,1023,6.12,24.55
RCP03134,Indian Main Course Special 134,Indian,dinner,True,471,14,42,11,4,1195,1.8,20.09
RCP03135,Dosa,Indian,breakfast,False,626,8,38,22,14,699,6.66,16.66
RCP03136,Indian Main Course Special 136,Indian,dinner,False,304,27,33,22,3,232,2.88,17.15
RCP03137,Indian Main Course Special 137,Indian,dinner,True,256,7,60,25,6,524,3.42,22.28
RCP03138,Dosa,Indian,breakfast,True,494,15,35,16,5,532,2.52,7.11
RCP03139,Rogan Josh,Indian,dinner,False,780,44,36,35,8,1350,6.48,17.64
RCP03140,Paneer Tikka,Indian,morning_snack,False,453,42,53,32,10,1136,6.84,14.05
RCP03141,Indian Main Course Special 141,Indian,dinner,False,667,8,44,20,11,1195,2.88,16.59
RCP03142,Indian Main Course Special 142,Indian,dinner,False,150,33,64,27,11,336,5.4,20.49
RCP03143,Chole Bhature,Indian,breakfast,False,718,16,76,15,12,615,3.78,21.76
RCP03144,Indian Main Course Special 144,Indian,dinner,False,427,36,54,18,3,549,2.88,11.36
RCP03145,Indian Main Course Special 145,Indian,dinner,False,413,44,53,34,12,366,2.16,9.95
RCP03146,Paneer Tikka,Indian,morning_snack,False,547,36,79,24,3,1363,3.06,3.12
RCP03147,Biryani,Indian,dinner,False,522,29,31,15,7,224,2.34,15.42
RCP03148,Biryani,Indian,dinner,False,606,40,71,19,5,412,1.98,22.24
RCP03149,Chole Bhature,Indian,breakfast,False,432,48,49,35,11,929,1.8,12.7
RCP03150,Indian Main Course Special 150,Indian,dinner,False,380,20,67,37,11,241,6.3,11.77
RCP03151,Butter Chicken,Indian,dinner,False,556,21,32,16,2,378,1.8,8.84
RCP03152,Indian Main Course Special 152,Indian,dinner,False,606,22,59,25,2,663,3.24,20.3
RCP03153,Naan,Indian,breakfast,False,796,33,43,15,11,537,3.06,4.1
RCP03154,Naan,Indian,breakfast,False,413,23,43,26,3,1108,3.78,19.35
RCP03155,Naan,Indian,breakfast,True,277,17,67,29,5,647,7.02,22.92
RCP03156,Butter Chicken,Indian,dinner,False,260,48,37,29,7,474,2.7,22.88
RCP03157,Paneer Tikka,Indian,morning_snack,False,772,21,59,26,2,1475,4.68,6.43
RCP03158,Gulab Jamun,Indian,morning_snack,False,216,24,71,35,10,1110,6.84,21.3
RCP03159,Paneer Tikka,Indian,morning_snack,False,371,6,69,17,13,346,3.06,4.61
RCP03160,Dosa,Indian,breakfast,False,403,36,73,20,9,246,5.04,13.5
RCP03161,Dal Tadka,Indian,dinner,True,413,5,70,14,10,367,1.8,16.64
RCP03162,Masala Dosa,Indian,breakfast,False,732,20,44,15,10,957,4.86,18.25
RCP03163,Indian Main Course Special 163,Indian,dinner,False,436,33,41,24,3,690,2.52,8.15
RCP03164,Idli,Indian,breakfast,False,482,34,59,27,3,860,1.98,17.46
RCP03165,Samosa,Indian,morning_snack,False,156,24,70,27,4,1329,7.02,10.33
RCP03166,Gulab Jamun,Indian,morning_snack,False,177,22,30,15,4,325,6.3,15.37
RCP03167,Indian Main Course Special 167,Indian,dinner,False,635,27,71,27,2,531,4.14,19.11
RCP03168,Dosa,Indian,breakfast,False,607,35,50,32,9,362,3.42,16.05
RCP03169,Gulab Jamun,Indian,morning_snack,False,423,9,50,19,5,531,2.34,2.04
RCP03170,Chole Bhature,Indian,breakfast,False,385,21,63,15,2,282,3.06,5.32
RCP03171,Rogan Josh,Indian,dinner,False,727,12,72,28,3,941,2.88,12.92
RCP03172,Dal Tadka,Indian,dinner,False,568,42,66,29,11,795,5.58,9.98
RCP03173,Paneer Tikka,Indian,morning_snack,False,289,34,57,20,7,873,2.88,5.25
RCP03174,Indian Main Course Special 174,Indian,dinner,False,542,10,62,25,14,316,3.96,5.1
RCP03175,Biryani,Indian,dinner,False,680,23,48,38,14,336,6.66,19.05
RCP03176,Chole Bhature,Indian,breakfast,False,154,45,57,34,7,1103,3.6,3.07
RCP03177,Tandoori Chicken,Indian,morning_snack,False,344,5,62,22,11,1154,5.94,9.73
RCP03178,Masala Dosa,Indian,breakfast,False,285,36,32,25,8,219,2.16,5.67
RCP03179,Indian Main Course Special 179,Indian,dinner,False,439,36,60,22,2,240,2.16,9.29
RCP03180,Gulab Jamun,Indian,morning_snack,False,335,26,33,25,8,1075,4.86,14.09
RCP03181,Indian Main Course Special 181,Indian,dinner,False,497,26,47,37,10,913,3.24,22.28
RCP03182,Vindaloo,Indian,dinner,False,189,31,62,35,9,471,4.68,6.54
RCP03183,Biryani,Indian,dinner,False,455,34,66,31,3,806,2.52,12.32
RCP03184,Indian Main Course Special 184,Indian,dinner,False,214,45,61,37,2,489,4.32,24.98
RCP03185,Butter Chicken,Indian,dinner,False,587,11,30,18,6,316,5.22,22.67
RCP03186,Indian Main Course Special 186,Indian,dinner,False,644,39,38,39,11,593,3.06,15.7
RCP03187,Dal Tadka,Indian,dinner,True,681,17,75,16,10,681,2.52,11.75
RCP03188,Indian Main Course Special 188,Indian,dinner,False,495,34,34,32,4,1357,6.12,5.84
RCP03189,Indian Main Course Special 189,Indian,dinner,False,266,45,52,31,2,1369,5.4,12.72
RCP03190,Rogan Josh,Indian,dinner,False,223,10,57,29,2,1182,4.68,7.69
RCP03191,Masala Dosa,Indian,breakfast,False,437,25,40,36,8,497,4.86,12.1
RCP03192,Naan,Indian,breakfast,False,548,43,76,18,2,859,4.14,2.47
RCP03193,Naan,Indian,breakfast,False,632,37,39,36,5,290,2.7,9.69
RCP03194,Gulab Jamun,Indian,morning_snack,False,157,37,53,16,4,1374,4.14,11.42
RCP03195,Indian Main Course Special 195,Indian,dinner,False,678,49,44,39,5,691,4.14,24.17
RCP03196,Dal Tadka,Indian,dinner,False,225,37,35,36,12,457,3.06,13.62
RCP03197,Rogan Josh,Indian,dinner,False,456,39,43,38,12,251,2.7,11.73
RCP03198,Indian Main Course Special 198,Indian,dinner,False,351,26,55,24,8,1471,2.16,12.98
RCP03199,Indian Main Course Special 199,Indian,dinner,True,400,10,68,19,14,1475,3.06,9.29
RCP03200,Vindaloo,Indian,dinner,False,360,37,62,16,9,627,2.88,4.62
RCP03201,Rogan Josh,Indian,dinner,False,374,9,41,23,12,1256,3.6,20.51
RCP03202,Butter Chicken,Indian,dinner,False,188,19,62,25,3,1101,2.34,19.71
RCP03203,Gulab Jamun,Indian,morning_snack,True,782,6,66,28,6,359,3.96,5.59
RCP03204,Dosa,Indian,breakfast,False,468,38,51,29,9,554,2.88,21.4
RCP03205,Butter Chicken,Indian,dinner,False,749,47,51,26,12,844,4.5,12.99
RCP03206,Dal Tadka,Indian,dinner,False,248,31,76,25,10,840,3.42,12.25
RCP03207,Tandoori Chicken,Indian,morning_snack,False,159,8,57,14,12,1272,3.42,21.86
RCP03208,Dal Tadka,Indian,dinner,True,633,8,79,16,11,689,4.14,24.88
RCP03209,Indian Main Course Special 209,Indian,dinner,False,700,46,46,17,12,1399,1.8,12.18
RCP03210,Indian Main Course Special 210,Indian,dinner,False,328,32,33,37,9,531,1.98,9.15
RCP03211,Gulab Jamun,Indian,morning_snack,False,284,39,72,19,5,757,6.12,23.21
RCP03212,Butter Chicken,Indian,dinner,False,454,35,61,29,7,1339,2.34,22.19
RCP03213,Butter Chicken,Indian,dinner,False,219,28,75,20,3,1068,2.34,3.74
RCP03214,Indian Main Course Special 214,Indian,dinner,False,438,45,76,27,8,1219,4.5,19.28
RCP03215,Vindaloo,Indian,dinner,False,655,9,63,25,7,533,4.32,15.08
RCP03216,Indian Main Course Special 216,Indian,dinner,False,598,41,52,15,2,411,5.76,23.36
RCP03217,Samosa,Indian,morning_snack,False,478,23,39,30,8,1052,2.16,7.44
RCP03218,Indian Main Course Special 218,Indian,dinner,False,367,33,67,15,13,815,6.84,17.78
RCP03219,Indian Main Course Special 219,Indian,dinner,True,417,11,31,13,7,1088,7.02,2.48
RCP03220,Idli,Indian,breakfast,False,737,47,78,17,8,739,3.6,9.81
RCP03221,Gulab Jamun,Indian,morning_snack,False,615,46,64,32,8,768,2.52,7.92
RCP03222,Dosa,Indian,breakfast,True,744,9,37,28,12,1396,2.88,4.47
RCP03223,Indian Main Course Special 223,Indian,dinner,False,192,23,57,17,7,1276,4.32,4.07
RCP03224,Samosa,Indian,morning_snack,False,780,38,50,22,14,341,6.48,5.98
RCP03225,Masala Dosa,Indian,breakfast,False,416,30,55,21,10,1296,2.88,3.88
RCP03226,Naan,Indian,breakfast,False,347,38,58,22,10,1090,3.96,8.51
RCP03227,Samosa,Indian,morning_snack,True,460,18,50,29,13,832,2.7,2.13
RCP03228,Samosa,Indian,morning_snack,True,424,10,72,16,11,1262,5.04,23.12
RCP03229,Chole Bhature,Indian,breakfast,False,305,38,74,25,4,1071,3.42,15.42
RCP03230,Paneer Tikka,Indian,morning_snack,False,447,35,77,16,5,1353,6.66,19.11
RCP03231,Butter Chicken,Indian,dinner,False,738,24,66,36,13,562,6.3,19.36
RCP03232,Indian Main Course Special 232,Indian,dinner,False,246,21,77,32,14,1216,6.48,10.49
RCP03233,Biryani,Indian,dinner,False,740,45,41,25,11,707,4.32,21.74
RCP03234,Chole Bhature,Indian,breakfast,False,550,22,55,32,9,1087,2.16,8.25
RCP03235,Indian Main Course Special 235,Indian,dinner,False,282,39,35,21,5,1462,3.6,23.83
RCP03236,Indian Main Course Special 236,Indian,dinner,False,405,38,77,17,6,1304,5.76,21.71
RCP03237,Paneer Tikka,Indian,morning_snack,False,327,17,78,26,4,1173,2.52,4.7
RCP03238,Paneer Tikka,Indian,morning_snack,False,563,9,39,10,14,270,3.42,18.15
RCP03239,Indian Main Course Special 239,Indian,dinner,False,687,47,66,33,3,1359,1.98,21.21
RCP03240,Indian Main Course Special 240,Indian,dinner,False,510,33,49,19,12,886,1.98,7.3
RCP03241,Indian Main Course Special 241,Indian,dinner,False,255,40,44,19,14,439,6.66,22.05
RCP03242,Gulab Jamun,Indian,morning_snack,True,446,15,74,14,3,741,6.84,5.59
RCP03243,Indian Main Course Special 243,Indian,dinner,True,429,8,30,25,3,1351,5.4,19.15
RCP03244,Butter Chicken,Indian,dinner,False,429,39,79,23,6,825,6.48,18.43
RCP03245,Rogan Josh,Indian,dinner,False,385,34,34,33,7,717,5.04,11.04
RCP03246,Dosa,Indian,breakfast,False,320,29,39,38,9,416,5.94,21.06
RCP03247,Dosa,Indian,breakfast,False,451,20,69,25,13,421,6.66,6.4
RCP03248,Indian Main Course Special 248,Indian,dinner,False,464,10,68,13,9,599,4.68,13.01
RCP03249,Indian Main Course Special 249,Indian,dinner,False,617,41,44,22,7,1490,3.06,13.4
RCP03250,Rogan Josh,Indian,dinner,False,768,20,58,39,5,570,7.02,18.66
RCP03251,Idli,Indian,breakfast,False,640,8,63,16,9,333,3.24,9.96
RCP03252,Biryani,Indian,dinner,False,795,45,37,35,2,217,6.48,13.52
RCP03253,Indian Main Course Special 253,Indian,dinner,True,707,15,31,17,6,943,3.78,5.02
RCP03254,Vindaloo,Indian,dinner,False,405,49,64,36,12,656,4.5,14.59
RCP03255,Vindaloo,Indian,dinner,False,318,12,64,25,2,1380,2.34,24.22
RCP03256,Indian Main Course Special 256,Indian,dinner,False,483,25,68,21,12,1264,3.6,3.54
RCP03257,Tandoori Chicken,Indian,morning_snack,False,647,6,41,20,2,566,5.04,12.9
RCP03258,Chole Bhature,Indian,breakfast,False,474,41,58,25,2,664,4.68,7.55
RCP03259,Vindaloo,Indian,dinner,False,705,10,48,16,14,722,1.8,6.47
RCP03260,Vindaloo,Indian,dinner,False,412,22,77,32,6,972,5.94,3.56
RCP03261,Rogan Josh,Indian,dinner,False,178,12,52,18,8,1409,6.66,23.56
RCP03262,Paneer Tikka,Indian,morning_snack,False,730,13,48,13,13,285,2.88,8.32
RCP03263,Samosa,Indian,morning_snack,False,238,33,63,27,11,392,3.6,22.57
RCP03264,Chole Bhature,Indian,breakfast,False,678,22,51,29,2,238,6.66,21.09
RCP03265,Dal Tadka,Indian,dinner,False,341,21,63,24,12,613,2.7,22.77
RCP03266,Vindaloo,Indian,dinner,False,495,35,59,39,13,756,1.8,25.0
RCP03267,Rogan Josh,Indian,dinner,False,454,37,71,23,9,630,1.8,6.6
RCP03268,Indian Main Course Special 268,Indian,dinner,False,577,19,71,12,7,1440,2.34,2.72
RCP03269,Gulab Jamun,Indian,morning_snack,False,520,35,75,22,6,289,3.06,12.88
RCP03270,Indian Main Course Special 270,Indian,dinner,False,704,47,63,30,14,539,5.04,14.28
RCP03271,Gulab Jamun,Indian,morning_snack,False,655,21,71,24,14,489,3.24,19.29
RCP03272,Indian Main Course Special 272,Indian,dinner,False,610,22,50,34,5,565,4.86,17.04
RCP03273,Chole Bhature,Indian,breakfast,False,220,25,71,30,9,756,4.14,7.39
RCP03274,Indian Main Course Special 274,Indian,dinner,False,631,44,44,15,7,289,1.8,23.67
RCP03275,Indian Main Course Special 275,Indian,dinner,False,189,37,63,33,7,389,6.84,7.02
RCP03276,Idli,Indian,breakfast,False,497,26,37,33,5,621,4.86,6.37
RCP03277,Biryani,Indian,dinner,False,206,29,79,37,4,1056,6.84,13.34
RCP03278,Indian Main Course Special 278,Indian,dinner,False,707,35,65,22,14,1300,4.14,14.71
RCP03279,Naan,Indian,breakfast,False,644,33,62,32,14,234,5.94,24.63
RCP03280,Masala Dosa,Indian,breakfast,False,319,22,34,26,11,832,3.06,15.91
RCP03281,Indian Main Course Special 281,Indian,dinner,False,616,14,66,25,10,1432,4.32,23.16
RCP03282,Rogan Josh,Indian,dinner,False,474,26,79,36,11,1104,2.88,21.26
RCP03283,Masala Dosa,Indian,breakfast,False,435,46,68,30,10,498,4.5,11.13
RCP03284,Indian Main Course Special 284,Indian,dinner,False,367,41,61,35,13,373,3.42,13.53
RCP03285,Samosa,Indian,morning_snack,False,556,44,67,18,12,1050,6.12,16.64
RCP03286,Butter Chicken,Indian,dinner,False,765,11,79,27,11,1002,7.02,24.33
RCP03287,Indian Main Course Special 287,Indian,dinner,True,600,17,61,10,7,526,5.94,12.54
RCP03288,Paneer Tikka,Indian,morning_snack,False,773,10,69,25,11,684,3.6,4.68
RCP03289,Vindaloo,Indian,dinner,False,558,45,50,28,7,409,1.8,14.33
RCP03290,Chole Bhature,Indian,breakfast,False,618,42,35,28,11,907,5.04,12.64
RCP03291,Indian Main Course Special 291,Indian,dinner,False,456,32,53,39,7,1385,2.16,17.1
RCP03292,Naan,Indian,breakfast,False,267,16,67,12,14,711,5.94,11.74
RCP03293,Rogan Josh,Indian,dinner,False,224,43,32,18,3,979,2.52,14.23
RCP03294,Rogan Josh,Indian,dinner,False,629,37,49,32,9,1363,5.94,14.7
RCP03295,Indian Main Course Special 295,Indian,dinner,False,512,43,36,21,6,657,5.76,2.7
RCP03296,Idli,Indian,breakfast,False,211,35,34,32,10,1427,3.24,10.75
RCP03297,Butter Chicken,Indian,dinner,False,641,39,51,30,6,913,5.04,15.19
RCP03298,Butter Chicken,Indian,dinner,False,167,19,53,29,10,1057,6.84,7.26
RCP03299,Indian Main Course Special 299,Indian,dinner,False,205,20,78,33,5,369,3.42,20.26
RCP03300,Indian Main Course Special 300,Indian,dinner,False,651,36,50,18,3,1192,2.7,9.03
RCP03301,Indian Main Course Special 301,Indian,dinner,True,733,10,70,28,4,522,3.96,17.78
RCP03302,Indian Main Course Special 302,Indian,dinner,False,577,34,71,22,4,1275,6.48,3.93
RCP03303,Masala Dosa,Indian,breakfast,False,608,48,66,33,7,534,3.42,13.62
RCP03304,Indian Main Course Special 304,Indian,dinner,False,443,49,62,27,9,581,6.66,11.42
RCP03305,Indian Main Course Special 305,Indian,dinner,True,235,10,79,19,10,1468,4.5,12.13
RCP03306,Rogan Josh,Indian,dinner,False,481,8,58,26,12,214,2.88,20.86
RCP03307,Chole Bhature,Indian,breakfast,False,234,28,32,17,13,1203,5.76,17.39
RCP03308,Vindaloo,Indian,dinner,False,182,24,39,25,12,1385,6.84,2.84
RCP03309,Biryani,Indian,dinner,False,682,14,73,25,3,600,5.04,7.29
RCP03310,Paneer Tikka,Indian,morning_snack,False,715,13,58,16,13,581,4.32,11.77
RCP03311,Dosa,Indian,breakfast,False,335,42,56,24,6,864,3.6,16.91
RCP03312,Tandoori Chicken,Indian,morning_snack,False,685,40,32,37,3,698,5.58,20.1
RCP03313,Indian Main Course Special 313,Indian,dinner,False,774,44,75,38,8,1232,2.52,13.74
RCP03314,Indian Main Course Special 314,Indian,dinner,False,687,31,37,32,4,1077,3.78,13.43
RCP03315,Vindaloo,Indian,dinner,False,538,32,70,28,8,1402,6.48,13.2
RCP03316,Idli,Indian,breakfast,False,488,39,68,19,6,1164,6.84,9.53
RCP03317,Indian Main Course Special 317,Indian,dinner,False,194,35,77,20,10,1315,6.3,23.66
RCP03318,Masala Dosa,Indian,breakfast,True,727,18,65,11,14,1442,4.68,22.33
RCP03319,Indian Main Course Special 319,Indian,dinner,False,482,42,60,36,7,1117,5.94,9.59
RCP03320,Gulab Jamun,Indian,morning_snack,True,259,17,69,19,7,891,5.04,10.24
RCP03321,Vindaloo,Indian,dinner,False,756,49,44,35,7,831,4.14,3.24
RCP03322,Indian Main Course Special 322,Indian,dinner,True,383,8,34,14,7,743,5.58,9.44
RCP03323,Naan,Indian,breakfast,False,576,49,45,20,6,1299,2.52,19.38
RCP03324,Indian Main Course Special 324,Indian,dinner,False,247,25,30,34,12,286,4.32,17.25
RCP03325,Vindaloo,Indian,dinner,False,524,28,57,27,12,1281,5.94,21.14
RCP03326,Vindaloo,Indian,dinner,False,316,5,62,25,8,1096,5.76,19.41
RCP03327,Idli,Indian,breakfast,False,478,35,71,25,14,358,4.68,24.79
RCP03328,Butter Chicken,Indian,dinner,False,225,48,78,38,7,1448,6.48,5.48
RCP03329,Dosa,Indian,breakfast,False,684,27,34,27,2,1239,6.66,4.29
RCP03330,Indian Main Course Special 330,Indian,dinner,False,735,38,31,17,2,1113,6.48,24.63
RCP03331,Biryani,Indian,dinner,False,477,23,33,26,2,674,7.02,6.5
RCP03332,Naan,Indian,breakfast,True,515,14,63,28,3,405,6.84,2.38
RCP03333,Chole Bhature,Indian,breakfast,False,715,47,38,28,2,945,5.76,6.9
RCP03334,Butter Chicken,Indian,dinner,False,399,19,68,23,13,1220,6.48,18.78
RCP03335,Gulab Jamun,Indian,morning_snack,False,497,25,56,19,2,749,4.5,18.38
RCP03336,Samosa,Indian,morning_snack,True,652,10,41,17,4,1233,6.3,16.72
RCP03337,Gulab Jamun,Indian,morning_snack,False,362,45,78,32,5,485,5.4,8.05
RCP03338,Indian Main Course Special 338,Indian,dinner,False,553,5,43,20,3,1107,6.84,5.45
RCP03339,Indian Main Course Special 339,Indian,dinner,False,415,36,60,32,5,1474,6.84,4.86
RCP03340,Naan,Indian,breakfast,False,232,35,56,34,5,335,1.98,20.88
RCP03341,Chole Bhature,Indian,breakfast,False,213,29,49,30,13,460,6.84,11.86
RCP03342,Idli,Indian,breakfast,False,381,7,77,23,12,1428,2.7,18.47
RCP03343,Rogan Josh,Indian,dinner,False,740,29,42,24,11,1220,3.06,9.47
RCP03344,Gulab Jamun,Indian,morning_snack,False,296,30,51,32,11,677,3.24,7.48
RCP03345,Masala Dosa,Indian,breakfast,False,643,13,44,23,14,676,4.5,2.43
RCP03346,Indian Main Course Special 346,Indian,dinner,False,636,25,37,38,13,735,3.96,9.5
RCP03347,Paneer Tikka,Indian,morning_snack,False,239,44,57,20,11,946,6.84,14.45
RCP03348,Vindaloo,Indian,dinner,False,456,5,62,17,7,1338,5.76,23.86
RCP03349,Indian Main Course Special 349,Indian,dinner,True,544,19,46,28,10,393,4.86,2.8
RCP03350,Indian Main Course Special 350,Indian,dinner,False,442,13,78,17,12,739,2.34,16.61
RCP03351,Rogan Josh,Indian,dinner,False,356,12,77,24,6,1367,3.6,13.49
RCP03352,Indian Main Course Special 352,Indian,dinner,False,265,49,65,33,11,466,2.7,2.7
RCP03353,Idli,Indian,breakfast,False,176,46,74,29,11,899,2.88,2.82
RCP03354,Indian Main Course Special 354,Indian,dinner,False,319,37,67,26,4,275,2.16,18.57
RCP03355,Indian Main Course Special 355,Indian,dinner,False,246,18,35,24,11,402,1.8,24.46
RCP03356,Indian Main Course Special 356,Indian,dinner,False,528,21,74,31,8,535,3.6,20.72
RCP03357,Indian Main Course Special 357,Indian,dinner,False,222,26,38,33,9,403,4.5,4.65
RCP03358,Butter Chicken,Indian,dinner,False,411,45,58,37,3,257,3.6,15.77
RCP03359,Idli,Indian,breakfast,False,689,37,60,27,8,1055,4.86,4.66
RCP03360,Idli,Indian,breakfast,False,402,39,59,18,9,1344,2.52,10.53
RCP03361,Idli,Indian,breakfast,False,151,16,61,25,4,392,4.32,11.09
RCP03362,Samosa,Indian,morning_snack,True,403,15,41,11,8,453,3.42,14.13
RCP03363,Gulab Jamun,Indian,morning_snack,False,661,37,67,27,7,886,3.96,3.68
RCP03364,Gulab Jamun,Indian,morning_snack,False,623,36,67,38,10,953,6.3,2.75
RCP03365,Tandoori Chicken,Indian,morning_snack,False,786,42,53,38,8,1482,5.04,14.04
RCP03366,Indian Main Course Special 366,Indian,dinner,False,278,15,67,14,9,240,2.7,14.23
RCP03367,Dosa,Indian,breakfast,True,715,7,67,14,6,956,4.5,8.17
RCP03368,Samosa,Indian,morning_snack,False,711,35,64,33,2,720,1.8,24.64
RCP03369,Idli,Indian,breakfast,False,567,30,38,39,12,874,4.86,8.26
RCP03370,Gulab Jamun,Indian,morning_snack,False,755,17,63,27,8,1351,3.6,19.57
RCP03371,Gulab Jamun,Indian,morning_snack,False,457,26,67,37,10,447,5.94,11.09
RCP03372,Indian Main Course Special 372,Indian,dinner,False,408,45,78,20,10,1126,2.34,24.21
RCP03373,Samosa,Indian,morning_snack,True,555,11,75,16,12,670,3.24,16.4
RCP03374,Indian Main Course Special 374,Indian,dinner,False,398,23,32,33,12,237,4.5,4.23
RCP03375,Gulab Jamun,Indian,morning_snack,True,772,15,43,20,4,426,4.68,11.63
RCP03376,Indian Main Course Special 376,Indian,dinner,False,756,28,40,19,8,820,6.66,23.26
RCP03377,Biryani,Indian,dinner,True,225,16,56,15,6,1411,1.8,13.12
RCP03378,Paneer Tikka,Indian,morning_snack,False,226,25,76,24,14,800,3.96,7.37
RCP03379,Masala Dosa,Indian,breakfast,False,583,6,71,29,13,412,6.12,2.64
RCP03380,Chole Bhature,Indian,breakfast,False,535,22,57,25,8,522,3.06,11.69
RCP03381,Indian Main Course Special 381,Indian,dinner,False,740,15,41,14,5,681,5.76,22.63
RCP03382,Rogan Josh,Indian,dinner,False,288,21,42,29,4,1451,2.88,22.13
RCP03383,Idli,Indian,breakfast,False,159,45,50,27,2,705,4.5,17.81
RCP03384,Tandoori Chicken,Indian,morning_snack,False,629,31,41,19,7,1378,5.94,13.32
RCP03385,Indian Main Course Special 385,Indian,dinner,False,339,45,64,25,6,1385,3.6,4.81
RCP03386,Dal Tadka,Indian,dinner,False,609,49,74,25,14,318,6.66,4.64
RCP03387,Chole Bhature,Indian,breakfast,True,693,14,52,24,13,1439,1.8,18.4
RCP03388,Vindaloo,Indian,dinner,False,510,33,53,19,12,1499,3.78,23.47
RCP03389,Vindaloo,Indian,dinner,False,550,28,64,29,7,568,2.7,4.79
RCP03390,Dal Tadka,Indian,dinner,True,338,12,59,11,14,1480,5.22,6.2
RCP03391,Indian Main Course Special 391,Indian,dinner,False,356,41,69,25,3,708,6.48,21.79
RCP03392,Biryani,Indian,dinner,False,508,29,37,22,9,1407,5.4,6.63
RCP03393,Dosa,Indian,breakfast,False,593,32,43,23,8,595,7.02,17.22
RCP03394,Dal Tadka,Indian,dinner,False,767,33,53,24,3,286,1.8,19.62
RCP03395,Butter Chicken,Indian,dinner,False,645,40,62,19,12,313,4.14,12.31
RCP03396,Gulab Jamun,Indian,morning_snack,False,543,33,77,29,8,220,5.76,17.7
RCP03397,Masala Dosa,Indian,breakfast,False,301,12,45,15,13,321,2.16,16.65
RCP03398,Indian Main Course Special 398,Indian,dinner,True,379,18,57,15,3,601,2.16,2.4
RCP03399,Naan,Indian,breakfast,False,351,23,41,15,8,562,5.04,4.59
RCP03400,Biryani,Indian,dinner,True,717,11,38,26,12,525,7.02,14.5
RCP03401,Gulab Jamun,Indian,morning_snack,False,191,25,57,17,2,1169,2.52,2.23
RCP03402,Rogan Josh,Indian,dinner,False,724,21,52,21,5,1247,2.7,16.94
RCP03403,Masala Dosa,Indian,breakfast,False,233,27,77,18,3,268,4.32,22.31
RCP03404,Paneer Tikka,Indian,morning_snack,False,393,12,32,20,7,956,3.78,9.21
RCP03405,Indian Main Course Special 405,Indian,dinner,True,676,9,45,15,3,1112,2.88,18.18
RCP03406,Gulab Jamun,Indian,morning_snack,False,622,25,61,16,11,914,4.14,5.71
RCP03407,Naan,Indian,breakfast,False,522,49,39,32,7,1440,2.52,17.81
RCP03408,Gulab Jamun,Indian,morning_snack,True,439,16,46,27,5,1343,7.02,13.08
RCP03409,Gulab Jamun,Indian,morning_snack,False,799,16,44,13,13,972,5.94,10.35
RCP03410,Dal Tadka,Indian,dinner,False,327,29,38,21,12,1229,5.22,6.38
RCP03411,Indian Main Course Special 411,Indian,dinner,False,784,19,58,16,14,590,4.86,8.43
RCP03412,Dosa,Indian,breakfast,False,392,22,38,24,9,1146,4.68,14.04
RCP03413,Indian Main Course Special 413,Indian,dinner,False,304,24,47,34,8,597,7.02,15.27
RCP03414,Paneer Tikka,Indian,morning_snack,False,480,5,34,25,5,1329,4.32,13.58
RCP03415,Indian Main Course Special 415,Indian,dinner,True,602,17,72,26,12,718,3.96,20.26
RCP03416,Dosa,Indian,breakfast,False,768,34,53,20,4,1195,5.58,3.4
RCP03417,Samosa,Indian,morning_snack,True,473,8,62,17,8,405,5.58,9.65
RCP03418,Samosa,Indian,morning_snack,False,441,25,65,24,12,740,1.98,22.52
RCP03419,Vindaloo,Indian,dinner,False,761,25,34,36,8,1303,5.94,20.03
RCP03420,Samosa,Indian,morning_snack,False,387,27,56,15,5,230,7.02,22.47
RCP03421,Masala Dosa,Indian,breakfast,False,777,44,33,20,2,1233,3.42,9.21
RCP03422,Vindaloo,Indian,dinner,False,778,13,42,17,5,729,3.78,6.99
RCP03423,Naan,Indian,breakfast,False,544,41,58,25,5,957,3.42,13.8
RCP03424,Indian Main Course Special 424,Indian,dinner,False,463,45,38,36,6,1320,5.58,11.62
RCP03425,Indian Main Course Special 425,Indian,dinner,False,333,10,62,23,13,1065,4.32,9.14
RCP03426,Vindaloo,Indian,dinner,False,253,45,32,20,14,516,3.6,22.5
RCP03427,Chole Bhature,Indian,breakfast,False,459,44,30,15,2,1125,4.32,4.45
RCP03428,Rogan Josh,Indian,dinner,False,478,18,63,18,4,604,6.84,7.0
RCP03429,Indian Main Course Special 429,Indian,dinner,True,499,13,48,20,10,459,6.66,12.99
RCP03430,Gulab Jamun,Indian,morning_snack,False,455,21,59,26,7,705,2.34,12.54
RCP03431,Vindaloo,Indian,dinner,False,222,20,69,25,7,803,5.22,5.53
RCP03432,Chole Bhature,Indian,breakfast,True,710,15,36,13,7,743,6.3,8.74
RCP03433,Biryani,Indian,dinner,False,305,35,51,38,8,1049,3.96,17.71
RCP03434,Gulab Jamun,Indian,morning_snack,False,263,31,47,31,8,650,6.48,7.23
RCP03435,Indian Main Course Special 435,Indian,dinner,False,383,27,59,23,4,1181,2.7,22.46
RCP03436,Tandoori Chicken,Indian,morning_snack,False,467,40,70,35,11,1338,6.66,9.17
RCP03437,Tandoori Chicken,Indian,morning_snack,False,358,9,32,22,8,208,6.84,13.81
RCP03438,Idli,Indian,breakfast,False,325,38,35,20,10,209,4.68,7.43
RCP03439,Indian Main Course Special 439,Indian,dinner,True,751,17,53,22,3,695,3.78,17.69
RCP03440,Indian Main Course Special 440,Indian,dinner,False,368,34,66,16,7,953,3.06,9.21
RCP03441,Indian Main Course Special 441,Indian,dinner,False,305,31,61,27,14,355,5.58,10.22
RCP03442,Samosa,Indian,morning_snack,True,601,5,65,29,13,1129,5.4,14.0
RCP03443,Rogan Josh,Indian,dinner,False,772,46,64,23,11,975,3.24,17.15
RCP03444,Butter Chicken,Indian,dinner,False,443,10,61,24,4,1187,5.94,10.71
RCP03445,Indian Main Course Special 445,Indian,dinner,False,366,48,45,17,11,547,2.34,17.17
RCP03446,Idli,Indian,breakfast,True,300,10,76,27,12,798,2.7,9.79
RCP03447,Tandoori Chicken,Indian,morning_snack,False,768,21,45,24,6,1307,4.68,6.22
RCP03448,Naan,Indian,breakfast,False,666,45,75,26,6,932,3.96,24.63
RCP03449,Indian Main Course Special 449,Indian,dinner,False,519,34,79,17,3,539,4.86,9.04
RCP03450,Indian Main Course Special 450,Indian,dinner,False,443,49,46,27,12,777,6.48,21.42
RCP03451,Masala Dosa,Indian,breakfast,True,180,9,59,11,9,596,5.04,4.62
RCP03452,Indian Main Course Special 452,Indian,dinner,False,213,27,51,27,2,368,2.34,21.57
RCP03453,Naan,Indian,breakfast,False,507,33,61,32,14,1226,6.48,3.32
RCP03454,Paneer Tikka,Indian,morning_snack,False,650,31,58,31,5,432,6.66,17.75
RCP03455,Indian Main Course Special 455,Indian,dinner,False,494,44,36,24,12,592,4.14,2.64
RCP03456,Indian Main Course Special 456,Indian,dinner,False,460,25,62,32,6,1275,5.4,21.9
RCP03457,Butter Chicken,Indian,dinner,False,772,32,61,22,7,994,1.8,14.82
RCP03458,Samosa,Indian,morning_snack,False,748,29,39,28,11,388,3.78,3.6
RCP03459,Paneer Tikka,Indian,morning_snack,False,424,12,69,23,2,536,6.3,14.24
RCP03460,Indian Main Course Special 460,Indian,dinner,False,240,7,78,25,5,1305,4.86,20.04
RCP03461,Samosa,Indian,morning_snack,False,452,17,59,23,10,1141,2.88,2.02
RCP03462,Gulab Jamun,Indian,morning_snack,False,712,49,56,24,5,301,5.94,7.54
RCP03463,Idli,Indian,breakfast,False,790,9,55,18,3,687,2.7,18.64
RCP03464,Indian Main Course Special 464,Indian,dinner,False,253,23,54,24,7,1115,6.48,6.49
RCP03465,Indian Main Course Special 465,Indian,dinner,False,600,31,31,15,13,445,5.22,9.36
RCP03466,Vindaloo,Indian,dinner,False,305,15,42,24,11,396,5.94,14.31
RCP03467,Butter Chicken,Indian,dinner,False,154,16,75,23,6,1350,4.5,5.93
RCP03468,Idli,Indian,breakfast,True,566,5,53,17,3,519,3.42,7.23
RCP03469,Indian Main Course Special 469,Indian,dinner,True,738,19,61,16,6,282,4.14,7.98
RCP03470,Indian Main Course Special 470,Indian,dinner,False,232,46,74,39,14,774,3.24,19.3
RCP03471,Vindaloo,Indian,dinner,False,746,28,61,21,5,854,5.94,21.77
RCP03472,Butter Chicken,Indian,dinner,False,656,34,78,25,13,855,5.58,17.2
RCP03473,Chole Bhature,Indian,breakfast,False,424,23,39,30,9,1405,3.96,3.75
RCP03474,Chole Bhature,Indian,breakfast,False,696,32,56,17,12,559,4.68,7.83
RCP03475,Indian Main Course Special 475,Indian,dinner,False,406,33,37,29,8,1226,3.24,24.41
RCP03476,Vindaloo,Indian,dinner,False,559,28,44,38,4,1232,5.04,9.41
RCP03477,Dal Tadka,Indian,dinner,False,355,9,56,27,14,285,5.94,11.2
RCP03478,Biryani,Indian,dinner,False,487,44,53,26,4,920,4.5,4.85
RCP03479,Chole Bhature,Indian,breakfast,True,418,19,52,23,3,1437,5.76,18.39
RCP03480,Indian Main Course Special 480,Indian,dinner,False,265,26,43,25,4,1166,3.06,5.61
RCP03481,Chole Bhature,Indian,breakfast,False,577,21,52,29,2,1299,4.14,14.37
RCP03482,Indian Main Course Special 482,Indian,dinner,False,596,41,64,22,5,1008,1.98,4.2
RCP03483,Masala Dosa,Indian,breakfast,False,456,34,70,18,13,955,4.86,21.12
RCP03484,Samosa,Indian,morning_snack,False,350,8,31,10,2,1219,4.5,16.65
RCP03485,Butter Chicken,Indian,dinner,False,563,30,32,37,8,1393,3.78,18.69
RCP03486,Paneer Tikka,Indian,morning_snack,False,442,28,53,15,14,487,6.84,7.68
RCP03487,Samosa,Indian,morning_snack,False,271,36,39,21,5,1338,1.98,16.27
RCP03488,Dosa,Indian,breakfast,False,426,24,56,19,12,889,7.02,13.43
RCP03489,Rogan Josh,Indian,dinner,False,481,44,39,18,2,1275,4.14,9.56
RCP03490,Indian Main Course Special 490,Indian,dinner,False,165,26,76,15,12,1145,3.96,16.69
RCP03491,Paneer Tikka,Indian,morning_snack,False,500,27,45,26,10,1465,5.58,7.62
RCP03492,Paneer Tikka,Indian,morning_snack,False,783,11,67,28,14,921,3.6,9.99
RCP03493,Butter Chicken,Indian,dinner,False,281,44,60,23,2,781,5.4,4.75
RCP03494,Biryani,Indian,dinner,False,275,46,73,16,13,905,3.96,4.73
RCP03495,Tandoori Chicken,Indian,morning_snack,False,151,33,76,34,7,1084,2.52,6.83
RCP03496,Indian Main Course Special 496,Indian,dinner,False,282,27,44,24,9,615,5.94,3.06
RCP03497,Indian Main Course Special 497,Indian,dinner,False,193,22,61,31,4,978,5.4,12.6
RCP03498,Masala Dosa,Indian,breakfast,False,590,9,32,26,12,637,2.16,8.01
RCP03499,Masala Dosa,Indian,breakfast,False,262,8,38,20,7,1271,2.88,22.11
RCP03500,Chole Bhature,Indian,breakfast,False,419,13,72,22,12,889,6.66,8.83
RCP03501,Biryani,Indian,dinner,False,364,35,60,28,2,643,3.96,20.76
RCP03502,Indian Main Course Special 502,Indian,dinner,False,164,42,35,25,2,212,4.32,4.52
RCP03503,Chole Bhature,Indian,breakfast,False,699,35,42,23,5,881,5.22,12.21
RCP03504,Tandoori Chicken,Indian,morning_snack,False,585,26,48,25,11,1140,5.4,5.57
RCP03505,Samosa,Indian,morning_snack,True,499,8,36,26,10,370,5.22,9.99
RCP03506,Rogan Josh,Indian,dinner,False,663,7,34,28,7,264,5.4,7.59
RCP03507,Idli,Indian,breakfast,False,353,34,48,21,8,629,4.68,24.85
RCP03508,Idli,Indian,breakfast,True,463,10,79,12,6,768,3.6,20.59
RCP03509,Indian Main Course Special 509,Indian,dinner,True,556,7,38,11,7,904,2.16,10.51
RCP03510,Naan,Indian,breakfast,False,534,27,37,30,14,343,5.22,24.81
RCP03511,Masala Dosa,Indian,breakfast,False,257,48,33,31,3,422,4.14,2.98
RCP03512,Indian Main Course Special 512,Indian,dinner,False,641,32,54,17,8,379,2.52,23.13
RCP03513,Dosa,Indian,breakfast,True,416,18,52,23,5,249,5.76,16.06
RCP03514,Vindaloo,Indian,dinner,False,670,38,68,27,5,278,6.84,22.95
RCP03515,Indian Main Course Special 515,Indian,dinner,False,537,39,74,36,5,703,6.66,6.72
RCP03516,Indian Main Course Special 516,Indian,dinner,False,700,23,32,25,12,799,2.34,17.43
RCP03517,Tandoori Chicken,Indian,morning_snack,False,489,35,31,39,9,275,3.06,16.87
RCP03518,Dosa,Indian,breakfast,False,174,38,65,33,5,1104,2.34,18.11
RCP03519,Indian Main Course Special 519,Indian,dinner,False,601,49,45,16,13,601,2.88,23.78
RCP03520,Dal Tadka,Indian,dinner,False,618,47,30,31,12,1303,4.5,19.59
RCP03521,Biryani,Indian,dinner,False,642,38,59,32,10,809,4.68,4.6
RCP03522,Indian Main Course Special 522,Indian,dinner,False,361,49,74,31,9,1467,2.52,13.79
RCP03523,Indian Main Course Special 523,Indian,dinner,True,738,7,63,16,2,990,3.78,6.71
RCP03524,Naan,Indian,breakfast,False,265,39,63,23,6,1075,3.24,2.25
RCP03525,Gulab Jamun,Indian,morning_snack,False,568,26,53,33,4,484,1.98,10.05
RCP03526,Indian Main Course Special 526,Indian,dinner,False,211,27,50,25,6,1012,3.06,15.1
RCP03527,Gulab Jamun,Indian,morning_snack,False,407,22,49,32,13,1171,3.96,21.1
RCP03528,Dosa,Indian,breakfast,False,717,32,33,26,13,1320,4.68,12.56
RCP03529,Gulab Jamun,Indian,morning_snack,False,795,33,44,33,8,1276,6.48,10.55
RCP03530,Indian Main Course Special 530,Indian,dinner,False,417,25,37,19,7,978,6.66,12.27
RCP03531,Naan,Indian,breakfast,True,697,8,70,21,10,919,6.84,6.75
RCP03532,Dosa,Indian,breakfast,False,477,40,33,29,6,1084,2.16,2.14
RCP03533,Dal Tadka,Indian,dinner,False,157,30,41,20,11,988,6.48,12.1
RCP03534,Indian Main Course Special 534,Indian,dinner,False,650,6,78,20,4,251,3.24,18.16
RCP03535,Dosa,Indian,breakfast,False,586,14,57,14,6,1034,5.4,17.51
RCP03536,Rogan Josh,Indian,dinner,False,182,10,79,15,3,1216,3.24,9.31
RCP03537,Samosa,Indian,morning_snack,False,343,39,59,35,3,1469,3.42,9.66
RCP03538,Tandoori Chicken,Indian,morning_snack,False,460,31,60,26,3,399,3.96,19.54
RCP03539,Indian Main Course Special 539,Indian,dinner,False,192,40,37,33,6,911,2.7,14.13
RCP03540,Gulab Jamun,Indian,morning_snack,False,740,16,39,25,2,1172,4.5,16.76
RCP03541,Indian Main Course Special 541,Indian,dinner,True,193,19,65,27,3,685,2.7,24.54
RCP03542,Tandoori Chicken,Indian,morning_snack,False,161,32,31,36,2,1443,5.76,23.83
RCP03543,Indian Main Course Special 543,Indian,dinner,True,345,15,54,16,7,714,6.3,4.7
RCP03544,Idli,Indian,breakfast,True,595,18,56,29,8,387,5.94,16.56
RCP03545,Rogan Josh,Indian,dinner,False,596,36,55,21,6,291,4.32,22.4
RCP03546,Rogan Josh,Indian,dinner,False,154,33,59,34,6,330,5.76,20.2
RCP03547,Chole Bhature,Indian,breakfast,False,558,30,41,35,2,788,5.22,21.86
RCP03548,Indian Main Course Special 548,Indian,dinner,False,638,43,44,38,11,200,5.76,5.91
RCP03549,Gulab Jamun,Indian,morning_snack,True,586,8,35,29,9,360,2.7,7.55
RCP03550,Dal Tadka,Indian,dinner,False,464,43,34,24,9,521,2.88,22.84
RCP03551,Dosa,Indian,breakfast,False,438,6,46,23,8,352,6.3,20.8
RCP03552,Tandoori Chicken,Indian,morning_snack,False,171,33,47,30,4,674,2.52,14.49
RCP03553,Indian Main Course Special 553,Indian,dinner,False,207,27,67,19,8,1191,5.22,18.17
RCP03554,Rogan Josh,Indian,dinner,False,345,5,52,10,5,727,4.86,20.96
RCP03555,Chole Bhature,Indian,breakfast,False,331,40,68,39,4,1207,5.4,7.11
RCP03556,Rogan Josh,Indian,dinner,False,487,20,75,15,2,901,6.48,2.42
RCP03557,Dal Tadka,Indian,dinner,False,218,37,38,28,13,668,6.3,14.66
RCP03558,Samosa,Indian,morning_snack,True,796,17,42,29,8,1114,6.66,2.8
RCP03559,Masala Dosa,Indian,breakfast,False,510,29,45,25,10,535,2.7,2.17
RCP03560,Tandoori Chicken,Indian,morning_snack,False,285,26,51,32,9,1131,3.06,7.34
RCP03561,Masala Dosa,Indian,breakfast,False,325,39,36,33,8,527,6.48,13.57
RCP03562,Indian Main Course Special 562,Indian,dinner,False,708,22,43,38,10,1061,5.76,12.99
RCP03563,Indian Main Course Special 563,Indian,dinner,False,312,19,60,12,12,498,2.16,16.73
RCP03564,Tandoori Chicken,Indian,morning_snack,False,736,14,33,29,12,733,6.66,8.46
RCP03565,Chole Bhature,Indian,breakfast,True,315,10,66,13,9,572,6.48,15.54
RCP03566,Samosa,Indian,morning_snack,False,703,30,35,23,10,1466,1.98,5.87
RCP03567,Naan,Indian,breakfast,False,355,26,34,33,4,1474,2.16,2.84
RCP03568,Indian Main Course Special 568,Indian,dinner,False,221,40,51,18,12,485,2.88,2.06
RCP03569,Tandoori Chicken,Indian,morning_snack,False,472,36,33,23,6,992,5.4,23.99
RCP03570,Gulab Jamun,Indian,morning_snack,False,471,29,79,19,6,871,1.8,16.56
RCP03571,Paneer Tikka,Indian,morning_snack,False,526,47,55,26,9,756,4.5,13.63
RCP03572,Paneer Tikka,Indian,morning_snack,False,508,21,63,36,7,895,7.02,14.32
RCP03573,Vindaloo,Indian,dinner,False,630,37,78,25,7,468,5.04,10.23
RCP03574,Biryani,Indian,dinner,False,653,35,69,26,4,692,4.68,12.63
RCP03575,Gulab Jamun,Indian,morning_snack,False,223,32,49,26,8,948,3.06,8.55
RCP03576,Gulab Jamun,Indian,morning_snack,True,429,9,76,25,10,1214,6.66,11.38
RCP03577,Vindaloo,Indian,dinner,False,521,36,68,25,4,896,5.76,13.2
RCP03578,Tandoori Chicken,Indian,morning_snack,False,462,33,50,31,5,237,5.04,19.66
RCP03579,Paneer Tikka,Indian,morning_snack,False,298,49,47,32,11,841,7.02,19.52
RCP03580,Indian Main Course Special 580,Indian,dinner,False,494,41,48,33,10,1121,1.98,18.33
RCP03581,Indian Main Course Special 581,Indian,dinner,True,431,13,46,28,13,542,5.22,15.15
RCP03582,Naan,Indian,breakfast,False,184,40,34,38,12,210,6.12,21.46
RCP03583,Indian Main Course Special 583,Indian,dinner,False,532,42,31,33,2,887,2.88,6.85
RCP03584,Indian Appetizers Special 1,Indian,morning_snack,False,308,22,64,26,7,1029,3.78,16.21
RCP03585,Dal Tadka,Indian,dinner,False,239,42,79,23,13,1120,4.5,24.86
RCP03586,Rogan Josh,Indian,dinner,False,386,49,32,31,5,1475,5.94,24.48
RCP03587,Vindaloo,Indian,dinner,False,688,21,50,37,2,842,6.48,8.5
RCP03588,Indian Appetizers Special 5,Indian,morning_snack,False,201,39,37,18,12,925,6.66,20.66
RCP03589,Indian Appetizers Special 6,Indian,morning_snack,False,503,27,38,33,4,803,1.98,11.43
RCP03590,Rogan Josh,Indian,dinner,False,780,43,60,29,12,346,4.86,10.79
RCP03591,Biryani,Indian,dinner,False,704,44,47,21,12,1082,5.22,13.9
RCP03592,Naan,Indian,breakfast,False,291,25,48,25,2,637,2.7,2.43
RCP03593,Rogan Josh,Indian,dinner,False,714,34,74,26,9,735,4.32,17.64
RCP03594,Indian Appetizers Special 11,Indian,morning_snack,False,229,37,41,21,3,559,7.02,3.43
RCP03595,Chole Bhature,Indian,breakfast,False,510,34,57,22,7,232,2.52,17.53
RCP03596,Indian Appetizers Special 13,Indian,morning_snack,False,554,39,78,30,4,1229,3.6,9.86
RCP03597,Indian Appetizers Special 14,Indian,morning_snack,True,267,12,30,11,10,1227,5.22,6.51
RCP03598,Butter Chicken,Indian,dinner,False,163,36,60,35,7,902,2.34,3.78
RCP03599,Paneer Tikka,Indian,morning_snack,False,453,35,46,32,3,1027,4.32,12.52
RCP03600,Dal Tadka,Indian,dinner,False,165,46,34,22,10,829,2.52,3.28
RCP03601,Indian Appetizers Special 18,Indian,morning_snack,False,604,48,60,31,13,796,4.86,15.93
RCP03602,Indian Appetizers Special 19,Indian,morning_snack,True,200,6,45,24,9,217,4.14,10.11
RCP03603,Dal Tadka,Indian,dinner,True,686,10,36,15,5,881,6.12,11.07
RCP03604,Rogan Josh,Indian,dinner,False,742,19,44,15,11,887,7.02,5.45
RCP03605,Paneer Tikka,Indian,morning_snack,False,458,15,63,29,8,1208,5.94,23.18
RCP03606,Indian Appetizers Special 23,Indian,morning_snack,False,321,44,63,34,6,1034,5.58,8.88
RCP03607,Indian Appetizers Special 24,Indian,morning_snack,False,290,42,44,34,3,287,3.24,9.23
RCP03608,Indian Appetizers Special 25,Indian,morning_snack,False,700,32,42,21,6,1256,4.86,16.51
RCP03609,Butter Chicken,Indian,dinner,False,348,11,43,15,7,667,2.52,9.14
RCP03610,Butter Chicken,Indian,dinner,False,337,45,38,37,14,1399,4.86,10.97
RCP03611,Indian Appetizers Special 28,Indian,morning_snack,True,461,10,72,17,13,402,4.68,15.25
RCP03612,Indian Appetizers Special 29,Indian,morning_snack,True,772,7,39,19,8,426,6.48,24.17
RCP03613,Indian Appetizers Special 30,Indian,morning_snack,False,404,40,75,28,8,625,5.22,19.47
RCP03614,Samosa,Indian,morning_snack,False,596,36,56,33,13,1464,2.34,9.06
RCP03615,Tandoori Chicken,Indian,morning_snack,False,323,42,79,28,12,1341,5.4,4.47
RCP03616,Indian Appetizers Special 33,Indian,morning_snack,False,579,16,57,20,6,1444,5.94,17.55
RCP03617,Dosa,Indian,breakfast,False,286,28,62,34,11,251,3.6,16.85
RCP03618,Indian Appetizers Special 35,Indian,morning_snack,False,762,38,49,18,3,1176,4.86,5.31
RCP03619,Vindaloo,Indian,dinner,False,610,17,69,17,11,406,4.32,12.08
RCP03620,Dosa,Indian,breakfast,False,152,34,52,19,11,897,3.24,5.51
RCP03621,Tandoori Chicken,Indian,morning_snack,False,748,19,78,23,11,1342,6.48,6.92
RCP03622,Indian Appetizers Special 39,Indian,morning_snack,False,447,22,33,31,12,1166,5.58,24.55
RCP03623,Butter Chicken,Indian,dinner,False,217,17,38,13,12,1474,5.4,2.18
RCP03624,Masala Dosa,Indian,breakfast,False,182,24,38,20,9,1181,5.22,13.32
RCP03625,Indian Appetizers Special 42,Indian,morning_snack,False,395,22,39,37,10,1460,6.3,15.8
RCP03626,Butter Chicken,Indian,dinner,False,535,38,61,16,12,623,3.06,5.72
RCP03627,Naan,Indian,breakfast,False,664,34,52,37,6,552,6.84,9.86
RCP03628,Indian Appetizers Special 45,Indian,morning_snack,False,181,15,78,16,9,1309,1.98,17.29
RCP03629,Dosa,Indian,breakfast,False,352,32,57,24,5,1193,5.76,12.25
RCP03630,Dal Tadka,Indian,dinner,False,574,47,51,36,4,1243,5.58,11.43
RCP03631,Paneer Tikka,Indian,morning_snack,False,539,46,36,19,14,1486,5.76,19.92
RCP03632,Indian Appetizers Special 49,Indian,morning_snack,False,789,11,69,18,13,946,4.5,14.79
RCP03633,Butter Chicken,Indian,dinner,False,454,16,56,10,12,1429,6.66,4.16
RCP03634,Indian Appetizers Special 51,Indian,morning_snack,True,566,14,40,26,5,771,3.78,21.7
RCP03635,Butter Chicken,Indian,dinner,False,778,37,60,28,13,1147,6.66,2.96
RCP03636,Tandoori Chicken,Indian,morning_snack,False,339,31,67,25,3,1236,2.16,3.66
RCP03637,Paneer Tikka,Indian,morning_snack,False,267,38,52,24,10,295,1.8,10.69
RCP03638,Naan,Indian,breakfast,False,416,21,71,29,6,418,5.4,23.46
RCP03639,Idli,Indian,breakfast,False,742,38,72,39,6,429,4.5,4.52
RCP03640,Vindaloo,Indian,dinner,False,624,12,77,16,7,346,5.94,4.53
RCP03641,Tandoori Chicken,Indian,morning_snack,False,784,32,35,32,8,571,5.22,5.53
RCP03642,Vindaloo,Indian,dinner,False,622,45,79,17,2,803,3.24,14.24
RCP03643,Naan,Indian,breakfast,False,772,43,73,27,9,385,6.84,6.87
RCP03644,Indian Appetizers Special 61,Indian,morning_snack,False,451,24,72,19,11,788,4.68,11.63
RCP03645,Indian Appetizers Special 62,Indian,morning_snack,False,640,26,79,26,5,902,3.42,17.39
RCP03646,Indian Appetizers Special 63,Indian,morning_snack,False,340,49,38,26,13,930,5.58,10.42
RCP03647,Biryani,Indian,dinner,True,449,13,32,17,3,738,4.14,8.82
RCP03648,Biryani,Indian,dinner,False,730,41,41,33,3,1235,1.8,3.04
RCP03649,Dal Tadka,Indian,dinner,False,225,40,30,25,6,696,6.84,12.4
RCP03650,Masala Dosa,Indian,breakfast,False,434,30,45,39,5,1296,5.94,7.93
RCP03651,Gulab Jamun,Indian,morning_snack,False,658,37,40,36,14,1420,3.06,6.66
RCP03652,Indian Appetizers Special 69,Indian,morning_snack,False,491,5,71,21,3,1076,5.58,8.82
RCP03653,Rogan Josh,Indian,dinner,False,304,8,59,28,14,1403,3.06,4.9
RCP03654,Idli,Indian,breakfast,False,781,33,38,28,13,1221,2.7,24.37
RCP03655,Vindaloo,Indian,dinner,False,329,49,49,37,10,690,6.12,10.62
RCP03656,Indian Appetizers Special 73,Indian,morning_snack,False,644,43,45,19,14,1267,4.5,4.78
RCP03657,Idli,Indian,breakfast,False,770,41,74,23,9,312,5.22,20.98
RCP03658,Indian Appetizers Special 75,Indian,morning_snack,False,719,20,33,37,11,1234,4.14,23.75
RCP03659,Chole Bhature,Indian,breakfast,False,795,47,60,20,13,220,4.14,17.06
RCP03660,Dosa,Indian,breakfast,True,660,7,34,14,3,227,5.04,9.5
RCP03661,Indian Appetizers Special 78,Indian,morning_snack,False,765,34,44,39,13,1148,5.04,3.67
RCP03662,Butter Chicken,Indian,dinner,False,706,40,39,33,9,982,5.94,17.04
RCP03663,Chole Bhature,Indian,breakfast,False,227,24,77,26,5,1422,2.7,20.51
RCP03664,Butter Chicken,Indian,dinner,False,695,32,63,22,6,731,2.34,11.53
RCP03665,Chole Bhature,Indian,breakfast,True,383,12,67,14,11,738,3.24,4.12
RCP03666,Idli,Indian,breakfast,False,293,40,70,30,2,332,5.58,9.43
RCP03667,Dosa,Indian,breakfast,True,417,5,60,25,4,388,1.8,5.12
RCP03668,Butter Chicken,Indian,dinner,False,761,28,68,21,7,1107,4.5,19.76
RCP03669,Vindaloo,Indian,dinner,False,674,10,71,26,5,683,3.96,8.1
RCP03670,Indian Appetizers Special 87,Indian,morning_snack,False,388,36,39,30,13,658,2.16,12.32
RCP03671,Indian Appetizers Special 88,Indian,morning_snack,False,419,49,74,24,4,1408,6.3,2.21
RCP03672,Indian Appetizers Special 89,Indian,morning_snack,False,176,21,56,15,7,957,5.76,14.21
RCP03673,Samosa,Indian,morning_snack,True,760,15,30,13,3,1339,5.76,15.03
RCP03674,Vindaloo,Indian,dinner,False,567,22,35,30,9,889,4.68,17.48
RCP03675,Paneer Tikka,Indian,morning_snack,False,303,25,50,35,11,636,5.04,5.71
RCP03676,Gulab Jamun,Indian,morning_snack,True,404,19,78,12,12,920,6.12,5.08
RCP03677,Idli,Indian,breakfast,False,438,24,76,32,13,864,5.04,10.96
RCP03678,Indian Appetizers Special 95,Indian,morning_snack,False,190,33,77,15,2,243,3.24,15.45
RCP03679,Rogan Josh,Indian,dinner,False,546,29,62,37,4,1006,5.04,14.53
RCP03680,Dosa,Indian,breakfast,False,637,9,56,27,9,1380,4.32,21.11
RCP03681,Indian Appetizers Special 98,Indian,morning_snack,False,339,28,71,39,2,404,3.78,8.36
RCP03682,Indian Appetizers Special 99,Indian,morning_snack,False,430,40,36,37,9,267,3.42,7.12
RCP03683,Indian Appetizers Special 100,Indian,morning_snack,True,486,11,56,17,4,1469,3.06,2.33
RCP03684,Indian Appetizers Special 101,Indian,morning_snack,False,524,22,51,36,3,510,3.24,20.65
RCP03685,Idli,Indian,breakfast,False,508,40,62,18,4,865,5.76,2.8
RCP03686,Chole Bhature,Indian,breakfast,False,613,49,60,19,10,1414,4.32,3.16
RCP03687,Rogan Josh,Indian,dinner,False,254,49,44,20,5,505,2.7,18.31
RCP03688,Paneer Tikka,Indian,morning_snack,False,653,49,46,19,9,250,6.84,3.91
RCP03689,Dosa,Indian,breakfast,False,166,38,61,22,9,1111,2.52,23.38
RCP03690,Samosa,Indian,morning_snack,False,150,20,32,36,9,1317,6.48,2.18
RCP03691,Indian Appetizers Special 108,Indian,morning_snack,True,712,17,49,23,3,1484,2.7,24.71
RCP03692,Samosa,Indian,morning_snack,False,502,41,69,34,5,1480,2.34,17.72
RCP03693,Indian Appetizers Special 110,Indian,morning_snack,False,402,21,42,15,2,705,3.06,6.54
RCP03694,Indian Appetizers Special 111,Indian,morning_snack,False,776,43,75,22,8,966,5.4,9.86
RCP03695,Masala Dosa,Indian,breakfast,False,362,16,68,22,12,1259,4.5,3.7
RCP03696,Vindaloo,Indian,dinner,False,620,17,56,18,14,280,2.88,9.02
RCP03697,Chole Bhature,Indian,breakfast,False,339,35,68,16,14,1135,3.6,23.91
RCP03698,Gulab Jamun,Indian,morning_snack,False,466,37,37,19,14,1224,5.4,15.56
RCP03699,Samosa,Indian,morning_snack,False,794,23,68,37,12,1232,5.4,21.67
RCP03700,Vindaloo,Indian,dinner,False,640,38,67,23,14,523,3.24,17.82
RCP03701,Indian Appetizers Special 118,Indian,morning_snack,False,514,20,76,17,10,751,4.86,14.23
RCP03702,Naan,Indian,breakfast,False,232,24,78,15,4,1292,5.04,11.41
RCP03703,Chole Bhature,Indian,breakfast,True,561,9,77,22,8,1249,4.86,8.64
RCP03704,Paneer Tikka,Indian,morning_snack,False,381,13,73,16,14,1480,6.48,10.62
RCP03705,Indian Appetizers Special 122,Indian,morning_snack,False,237,36,70,34,14,1225,6.84,9.43
RCP03706,Indian Appetizers Special 123,Indian,morning_snack,True,784,16,75,25,4,947,6.3,23.31
RCP03707,Indian Appetizers Special 124,Indian,morning_snack,False,393,41,37,15,2,714,3.06,8.47
RCP03708,Paneer Tikka,Indian,morning_snack,False,334,12,41,28,7,590,2.88,6.46
RCP03709,Tandoori Chicken,Indian,morning_snack,False,731,29,65,37,9,1156,4.68,7.26
RCP03710,Indian Appetizers Special 127,Indian,morning_snack,False,499,29,78,15,5,691,5.58,15.49
RCP03711,Gulab Jamun,Indian,morning_snack,False,637,6,44,29,7,1040,3.06,9.57
RCP03712,Biryani,Indian,dinner,False,450,28,49,16,4,823,5.4,22.25
RCP03713,Vindaloo,Indian,dinner,False,371,8,71,18,12,617,6.3,6.14
RCP03714,Rogan Josh,Indian,dinner,False,786,41,40,29,9,414,3.6,3.8
RCP03715,Indian Appetizers Special 132,Indian,morning_snack,False,590,34,32,30,11,1351,2.16,18.09
RCP03716,Samosa,Indian,morning_snack,False,279,37,37,38,3,1309,2.34,8.09
RCP03717,Indian Appetizers Special 134,Indian,morning_snack,False,746,39,36,28,10,691,5.22,3.18
RCP03718,Gulab Jamun,Indian,morning_snack,False,306,26,36,27,9,323,2.52,4.8
RCP03719,Paneer Tikka,Indian,morning_snack,False,308,29,57,27,6,220,6.3,9.23
RCP03720,Idli,Indian,breakfast,False,794,23,42,20,5,862,2.52,17.37
RCP03721,Vindaloo,Indian,dinner,False,417,21,75,32,3,429,1.8,14.91
RCP03722,Indian Appetizers Special 139,Indian,morning_snack,False,446,43,58,28,13,921,3.42,5.51
RCP03723,Samosa,Indian,morning_snack,False,461,22,71,26,7,1444,2.7,23.24
RCP03724,Naan,Indian,breakfast,True,448,8,61,10,6,370,3.24,22.86
RCP03725,Dal Tadka,Indian,dinner,True,359,17,75,10,7,476,5.76,20.43
RCP03726,Rogan Josh,Indian,dinner,False,367,39,39,33,3,353,5.94,21.18
RCP03727,Dosa,Indian,breakfast,False,352,35,71,34,11,634,3.06,5.83
RCP03728,Gulab Jamun,Indian,morning_snack,False,685,40,72,29,5,732,3.06,24.55
RCP03729,Indian Appetizers Special 146,Indian,morning_snack,False,579,39,41,38,3,873,5.04,7.21
RCP03730,Gulab Jamun,Indian,morning_snack,False,640,25,48,22,8,505,2.7,17.46
RCP03731,Indian Appetizers Special 148,Indian,morning_snack,False,577,42,53,15,9,1332,2.7,23.82
RCP03732,Indian Appetizers Special 149,Indian,morning_snack,True,625,19,50,15,7,660,6.48,17.39
RCP03733,Butter Chicken,Indian,dinner,False,773,14,64,18,13,333,4.32,11.92
RCP03734,Tandoori Chicken,Indian,morning_snack,False,274,20,61,15,8,1444,2.16,13.7
RCP03735,Paneer Tikka,Indian,morning_snack,False,748,17,36,24,6,1090,3.78,12.1
RCP03736,Tandoori Chicken,Indian,morning_snack,False,652,30,68,34,9,321,6.84,21.51
RCP03737,Indian Appetizers Special 154,Indian,morning_snack,False,502,49,52,35,14,1232,4.32,18.06
RCP03738,Tandoori Chicken,Indian,morning_snack,False,376,35,40,37,10,682,5.94,11.26
RCP03739,Indian Appetizers Special 156,Indian,morning_snack,False,628,49,79,16,10,327,4.5,9.56
RCP03740,Indian Appetizers Special 157,Indian,morning_snack,True,198,17,44,27,12,944,4.32,19.91
RCP03741,Indian Appetizers Special 158,Indian,morning_snack,False,680,21,48,32,9,1313,1.8,22.41
RCP03742,Biryani,Indian,dinner,False,506,27,35,23,4,1273,5.4,5.29
RCP03743,Naan,Indian,breakfast,False,159,16,40,25,3,698,1.98,3.32
RCP03744,Samosa,Indian,morning_snack,False,493,33,40,39,14,1011,6.84,23.24
RCP03745,Samosa,Indian,morning_snack,False,723,41,74,27,4,1432,3.06,17.16
RCP03746,Indian Appetizers Special 163,Indian,morning_snack,True,375,16,62,22,13,948,4.32,9.3
RCP03747,Chole Bhature,Indian,breakfast,True,516,19,78,18,4,583,2.88,12.42
RCP03748,Indian Appetizers Special 165,Indian,morning_snack,True,390,6,44,27,2,1137,6.3,3.09
RCP03749,Masala Dosa,Indian,breakfast,False,700,25,69,17,9,758,6.12,19.89
RCP03750,Biryani,Indian,dinner,True,253,7,37,14,9,1282,3.6,10.04
RCP03751,Tandoori Chicken,Indian,morning_snack,False,775,13,57,25,6,246,6.12,2.5
RCP03752,Biryani,Indian,dinner,False,216,30,42,25,13,1338,2.34,12.73
RCP03753,Indian Appetizers Special 170,Indian,morning_snack,False,267,38,47,28,12,1310,1.98,7.86
RCP03754,Tandoori Chicken,Indian,morning_snack,False,416,21,52,37,9,1077,3.6,10.95
RCP03755,Dal Tadka,Indian,dinner,False,605,20,45,31,13,1084,4.14,9.81
RCP03756,Indian Appetizers Special 173,Indian,morning_snack,True,717,14,62,10,6,481,3.96,19.0
RCP03757,Biryani,Indian,dinner,False,208,14,40,23,3,359,4.32,17.24
RCP03758,Biryani,Indian,dinner,False,690,20,67,25,13,1203,3.78,3.93
RCP03759,Idli,Indian,breakfast,False,671,43,38,29,3,594,3.78,7.12
RCP03760,Butter Chicken,Indian,dinner,False,678,48,43,36,6,944,6.12,18.14
RCP03761,Indian Appetizers Special 178,Indian,morning_snack,False,181,41,47,20,14,1356,5.94,4.61
RCP03762,Indian Appetizers Special 179,Indian,morning_snack,True,331,19,64,15,13,486,3.42,12.2
RCP03763,Masala Dosa,Indian,breakfast,True,219,5,49,17,7,356,2.7,21.98
RCP03764,Idli,Indian,breakfast,False,751,40,33,26,14,869,6.48,21.42
RCP03765,Gulab Jamun,Indian,morning_snack,False,624,30,33,33,10,1142,5.04,8.75
RCP03766,Dosa,Indian,breakfast,True,536,17,77,27,10,1246,1.98,7.16
RCP03767,Dal Tadka,Indian,dinner,True,611,16,74,24,12,796,3.42,21.94
RCP03768,Chole Bhature,Indian,breakfast,False,711,8,76,10,13,1426,7.02,13.54
RCP03769,Indian Appetizers Special 186,Indian,morning_snack,False,505,46,67,23,7,490,3.24,16.42
RCP03770,Indian Appetizers Special 187,Indian,morning_snack,False,680,43,43,17,2,1458,7.02,9.89
RCP03771,Idli,Indian,breakfast,False,357,17,37,14,11,1253,6.84,8.47
RCP03772,Indian Appetizers Special 189,Indian,morning_snack,False,468,27,45,34,11,1491,2.34,20.43
RCP03773,Dal Tadka,Indian,dinner,False,572,40,55,37,6,537,6.48,13.61
RCP03774,Dosa,Indian,breakfast,False,314,23,55,18,14,1361,6.66,9.81
RCP03775,Masala Dosa,Indian,breakfast,False,608,20,58,38,6,1000,5.4,14.16
RCP03776,Idli,Indian,breakfast,False,590,40,46,35,2,1335,4.32,9.09
RCP03777,Tandoori Chicken,Indian,morning_snack,False,797,22,42,15,2,565,4.32,3.34
RCP03778,Idli,Indian,breakfast,False,523,5,47,21,2,847,1.98,4.51
RCP03779,Indian Appetizers Special 196,Indian,morning_snack,False,533,21,36,20,11,771,3.24,19.43
RCP03780,Naan,Indian,breakfast,False,488,42,41,27,7,1476,6.3,14.69
RCP03781,Dal Tadka,Indian,dinner,True,477,8,56,13,10,491,6.3,21.92
RCP03782,Indian Appetizers Special 199,Indian,morning_snack,False,650,31,43,34,11,424,4.5,23.6
RCP03783,Butter Chicken,Indian,dinner,False,218,34,40,39,14,1357,3.42,12.46
RCP03784,Indian Appetizers Special 201,Indian,morning_snack,False,278,37,71,25,4,1261,6.3,24.86
RCP03785,Vindaloo,Indian,dinner,False,603,43,69,37,6,1392,3.96,10.3
RCP03786,Indian Appetizers Special 203,Indian,morning_snack,True,692,17,31,13,12,362,4.32,15.06
RCP03787,Paneer Tikka,Indian,morning_snack,False,577,46,72,39,8,1134,5.22,15.4
RCP03788,Naan,Indian,breakfast,False,223,25,62,19,13,714,6.66,13.95
RCP03789,Chole Bhature,Indian,breakfast,False,459,48,34,28,11,749,2.88,14.14
RCP03790,Gulab Jamun,Indian,morning_snack,True,248,14,70,11,8,683,3.6,14.42
RCP03791,Idli,Indian,breakfast,False,491,35,30,16,6,730,4.14,13.87
RCP03792,Chole Bhature,Indian,breakfast,True,778,6,45,23,11,934,1.8,7.12
RCP03793,Gulab Jamun,Indian,morning_snack,False,529,8,39,11,11,477,4.86,22.84
RCP03794,Tandoori Chicken,Indian,morning_snack,False,683,21,46,28,2,1011,2.52,23.14
RCP03795,Butter Chicken,Indian,dinner,False,310,36,55,25,3,1488,4.32,19.99
RCP03796,Dosa,Indian,breakfast,False,320,15,30,26,12,1063,1.98,10.69
RCP03797,Rogan Josh,Indian,dinner,False,566,41,45,29,7,1066,5.22,15.11
RCP03798,Masala Dosa,Indian,breakfast,False,633,40,37,25,13,584,5.58,6.54
RCP03799,Tandoori Chicken,Indian,morning_snack,False,364,34,64,28,7,253,6.3,16.38
RCP03800,Indian Appetizers Special 217,Indian,morning_snack,False,662,45,47,30,6,1190,1.98,7.75
RCP03801,Dosa,Indian,breakfast,False,679,25,58,29,7,889,6.66,20.22
RCP03802,Dosa,Indian,breakfast,True,597,15,59,22,9,321,3.24,8.21
RCP03803,Indian Appetizers Special 220,Indian,morning_snack,False,672,49,61,19,2,1021,3.24,6.44
RCP03804,Rogan Josh,Indian,dinner,False,418,9,51,22,7,984,6.3,23.24
RCP03805,Indian Appetizers Special 222,Indian,morning_snack,False,745,32,68,26,10,725,4.68,12.08
RCP03806,Vindaloo,Indian,dinner,False,340,26,55,36,2,1066,3.6,21.44
RCP03807,Gulab Jamun,Indian,morning_snack,False,325,44,45,26,14,249,5.58,18.59
RCP03808,Indian Appetizers Special 225,Indian,morning_snack,False,655,22,38,20,10,1232,6.84,17.11
RCP03809,Naan,Indian,breakfast,False,765,24,75,18,3,420,4.32,21.02
RCP03810,Chole Bhature,Indian,breakfast,False,492,30,49,23,5,564,6.84,21.34
RCP03811,Chole Bhature,Indian,breakfast,False,343,20,65,18,13,315,2.16,10.71
RCP03812,Indian Appetizers Special 229,Indian,morning_snack,True,244,11,63,15,9,1492,3.06,3.83
RCP03813,Indian Appetizers Special 230,Indian,morning_snack,False,393,17,66,23,8,653,6.84,21.21
RCP03814,Indian Appetizers Special 231,Indian,morning_snack,False,600,40,44,17,5,230,5.4,15.96
RCP03815,Biryani,Indian,dinner,False,198,39,63,25,6,679,3.42,13.27
RCP03816,Indian Appetizers Special 233,Indian,morning_snack,True,168,18,61,10,2,835,5.04,21.25
RCP03817,Rogan Josh,Indian,dinner,False,610,13,60,15,11,1400,2.88,13.47
RCP03818,Rogan Josh,Indian,dinner,False,298,11,76,26,9,687,3.24,4.2
RCP03819,Indian Appetizers Special 236,Indian,morning_snack,False,628,36,79,33,5,1246,1.98,9.28
RCP03820,Indian Appetizers Special 237,Indian,morning_snack,False,666,10,41,16,5,247,3.42,10.0
RCP03821,Chole Bhature,Indian,breakfast,True,658,17,43,24,12,341,2.52,16.88
RCP03822,Indian Appetizers Special 239,Indian,morning_snack,False,776,42,32,34,8,598,3.42,10.37
RCP03823,Chole Bhature,Indian,breakfast,True,446,11,40,24,13,303,4.68,5.43
RCP03824,Naan,Indian,breakfast,False,578,48,57,27,14,1299,3.06,14.37
RCP03825,Indian Appetizers Special 242,Indian,morning_snack,False,210,12,33,24,5,492,2.52,8.94
RCP03826,Tandoori Chicken,Indian,morning_snack,False,503,20,43,16,14,1414,2.34,9.47
RCP03827,Rogan Josh,Indian,dinner,False,162,14,53,24,14,924,4.86,5.73
RCP03828,Indian Appetizers Special 245,Indian,morning_snack,False,242,12,54,20,3,1076,2.52,19.26
RCP03829,Indian Appetizers Special 246,Indian,morning_snack,True,208,13,37,24,8,496,6.12,2.23
RCP03830,Indian Appetizers Special 247,Indian,morning_snack,False,562,7,79,27,9,438,2.34,19.19
RCP03831,Rogan Josh,Indian,dinner,False,598,5,63,19,6,396,5.4,23.07
RCP03832,Indian Appetizers Special 249,Indian,morning_snack,False,721,31,39,37,3,672,3.42,18.74
RCP03833,Biryani,Indian,dinner,True,612,11,77,17,12,1185,5.22,21.4
RCP03834,Chole Bhature,Indian,breakfast,False,661,28,54,32,4,288,1.98,22.43
RCP03835,Rogan Josh,Indian,dinner,False,661,43,66,17,4,1238,2.16,24.92
RCP03836,Indian Appetizers Special 253,Indian,morning_snack,False,491,5,32,13,14,244,3.42,3.65
RCP03837,Samosa,Indian,morning_snack,False,218,20,39,16,8,519,5.04,3.29
RCP03838,Samosa,Indian,morning_snack,False,763,37,59,37,2,835,4.5,4.92
RCP03839,Masala Dosa,Indian,breakfast,False,394,27,43,36,11,934,6.48,11.8
RCP03840,Vindaloo,Indian,dinner,False,766,10,47,21,3,1190,1.98,22.04
RCP03841,Naan,Indian,breakfast,False,585,42,51,20,6,798,1.98,14.56
RCP03842,Masala Dosa,Indian,breakfast,False,746,33,33,21,6,1408,1.98,16.12
RCP03843,Indian Appetizers Special 260,Indian,morning_snack,False,308,34,45,38,14,466,6.66,21.97
RCP03844,Chole Bhature,Indian,breakfast,False,763,44,34,32,4,1150,2.88,13.97
RCP03845,Gulab Jamun,Indian,morning_snack,False,621,28,68,27,13,487,3.78,23.46
RCP03846,Vindaloo,Indian,dinner,False,264,23,73,31,6,1216,2.34,15.18
RCP03847,Chole Bhature,Indian,breakfast,False,276,22,59,21,3,346,2.88,13.38
RCP03848,Indian Appetizers Special 265,Indian,morning_snack,True,783,15,51,27,8,632,2.52,23.08
RCP03849,Butter Chicken,Indian,dinner,False,238,34,53,21,2,330,3.78,6.77
RCP03850,Paneer Tikka,Indian,morning_snack,False,746,33,70,26,10,812,2.52,5.59
RCP03851,Tandoori Chicken,Indian,morning_snack,False,295,32,57,30,4,514,3.78,2.73
RCP03852,Indian Appetizers Special 269,Indian,morning_snack,False,783,25,33,28,7,1146,3.96,18.64
RCP03853,Vindaloo,Indian,dinner,False,646,42,32,29,3,1412,6.12,8.88
RCP03854,Dal Tadka,Indian,dinner,False,673,34,71,31,12,231,6.84,20.38
RCP03855,Samosa,Indian,morning_snack,True,587,17,68,20,5,1304,5.94,22.92
RCP03856,Indian Appetizers Special 273,Indian,morning_snack,True,195,5,48,18,13,509,4.86,11.8
RCP03857,Indian Appetizers Special 274,Indian,morning_snack,True,667,5,34,24,6,1139,2.88,2.67
RCP03858,Indian Appetizers Special 275,Indian,morning_snack,False,487,21,51,27,12,606,4.5,5.87
RCP03859,Paneer Tikka,Indian,morning_snack,False,491,48,78,21,2,1317,4.5,19.08
RCP03860,Gulab Jamun,Indian,morning_snack,False,313,37,58,17,12,1117,1.98,9.18
RCP03861,Gulab Jamun,Indian,morning_snack,False,605,34,66,15,5,259,1.8,19.05
RCP03862,Indian Appetizers Special 279,Indian,morning_snack,False,687,35,36,21,8,1323,5.76,21.84
RCP03863,Biryani,Indian,dinner,False,402,26,73,19,8,289,6.3,8.01
RCP03864,Biryani,Indian,dinner,False,426,28,40,38,3,1317,2.52,15.13
RCP03865,Idli,Indian,breakfast,False,295,43,52,28,10,756,3.06,9.04
RCP03866,Rogan Josh,Indian,dinner,False,501,34,51,29,6,979,1.98,17.69
RCP03867,Indian Appetizers Special 284,Indian,morning_snack,False,729,5,76,28,12,912,5.22,23.32
RCP03868,Dal Tadka,Indian,dinner,False,473,29,44,20,7,725,5.22,14.2
RCP03869,Dosa,Indian,breakfast,False,699,37,37,33,8,724,2.52,12.36
RCP03870,Indian Appetizers Special 287,Indian,morning_snack,False,347,40,74,28,2,633,6.66,9.91
RCP03871,Indian Appetizers Special 288,Indian,morning_snack,False,547,45,65,17,10,692,2.34,15.28
RCP03872,Indian Appetizers Special 289,Indian,morning_snack,False,743,37,69,22,12,468,2.52,17.57
RCP03873,Indian Appetizers Special 290,Indian,morning_snack,True,728,13,63,18,10,1247,2.88,12.39
RCP03874,Biryani,Indian,dinner,False,252,28,56,32,8,856,1.8,14.22
RCP03875,Indian Appetizers Special 292,Indian,morning_snack,True,439,11,78,15,2,923,3.06,9.42
RCP03876,Dosa,Indian,breakfast,False,600,27,57,38,12,205,2.52,24.38
RCP03877,Gulab Jamun,Indian,morning_snack,False,189,41,32,15,5,605,6.3,6.89
RCP03878,Indian Appetizers Special 295,Indian,morning_snack,False,752,32,43,29,13,1105,2.16,2.12
RCP03879,Masala Dosa,Indian,breakfast,False,581,31,74,30,8,1406,5.58,3.4
RCP03880,Dal Tadka,Indian,dinner,False,539,48,64,21,10,393,3.06,20.96
RCP03881,Indian Appetizers Special 298,Indian,morning_snack,False,772,42,55,15,7,485,6.84,22.73
RCP03882,Indian Appetizers Special 299,Indian,morning_snack,False,331,20,63,23,3,565,4.32,24.37
RCP03883,Indian Appetizers Special 300,Indian,morning_snack,False,235,41,50,32,4,1294,5.22,21.81
RCP03884,Tandoori Chicken,Indian,morning_snack,False,724,21,33,21,3,1381,1.98,22.86
RCP03885,Paneer Tikka,Indian,morning_snack,False,766,33,41,16,3,1057,1.8,8.09
RCP03886,Indian Appetizers Special 303,Indian,morning_snack,False,262,21,50,19,5,1498,5.58,8.24
RCP03887,Tandoori Chicken,Indian,morning_snack,False,248,40,53,21,14,620,2.7,10.28
RCP03888,Naan,Indian,breakfast,False,589,47,59,26,3,280,3.78,8.77
RCP03889,Indian Appetizers Special 306,Indian,morning_snack,False,594,26,45,31,8,536,3.24,24.82
RCP03890,Samosa,Indian,morning_snack,False,158,6,33,25,11,703,5.58,10.96
RCP03891,Chole Bhature,Indian,breakfast,True,179,12,44,24,14,628,2.34,7.71
RCP03892,Tandoori Chicken,Indian,morning_snack,False,586,17,38,16,13,585,5.04,9.83
RCP03893,Dal Tadka,Indian,dinner,False,796,24,38,34,6,1226,4.68,21.89
RCP03894,Indian Appetizers Special 311,Indian,morning_snack,False,538,37,31,26,12,972,2.16,20.17
RCP03895,Chole Bhature,Indian,breakfast,False,489,27,66,29,14,205,2.88,18.1
RCP03896,Gulab Jamun,Indian,morning_snack,False,711,40,51,23,8,1399,6.48,23.02
RCP03897,Indian Appetizers Special 314,Indian,morning_snack,False,574,43,37,28,9,1032,2.88,2.2
RCP03898,Samosa,Indian,morning_snack,False,341,22,71,24,10,792,4.68,6.21
RCP03899,Indian Appetizers Special 316,Indian,morning_snack,False,585,26,68,36,10,511,3.24,13.99
RCP03900,Chole Bhature,Indian,breakfast,False,306,20,59,36,10,1018,4.86,7.54
RCP03901,Chole Bhature,Indian,breakfast,False,542,36,33,26,13,912,3.42,17.93
RCP03902,Dal Tadka,Indian,dinner,False,740,49,44,35,13,810,5.94,9.02
RCP03903,Rogan Josh,Indian,dinner,False,406,24,66,17,4,684,3.6,3.39
RCP03904,Idli,Indian,breakfast,False,482,26,64,20,10,773,2.88,8.11
RCP03905,Dosa,Indian,breakfast,True,400,18,58,26,7,914,4.32,15.34
RCP03906,Dosa,Indian,breakfast,False,161,29,39,23,11,664,4.14,17.9
RCP03907,Indian Appetizers Special 324,Indian,morning_snack,False,416,15,36,21,6,451,2.34,6.58
RCP03908,Paneer Tikka,Indian,morning_snack,False,324,37,54,16,3,271,6.48,10.84
RCP03909,Indian Appetizers Special 326,Indian,morning_snack,False,610,21,35,22,9,606,2.52,2.6
RCP03910,Indian Appetizers Special 327,Indian,morning_snack,False,579,45,47,29,14,714,4.86,23.23
RCP03911,Biryani,Indian,dinner,False,362,27,77,23,2,1258,5.94,14.08
RCP03912,Indian Appetizers Special 329,Indian,morning_snack,False,662,16,37,22,6,1299,2.88,11.47
RCP03913,Tandoori Chicken,Indian,morning_snack,False,373,32,60,26,11,211,3.6,20.63
RCP03914,Dal Tadka,Indian,dinner,False,408,24,63,35,7,693,3.24,19.9
RCP03915,Paneer Tikka,Indian,morning_snack,False,326,42,37,30,8,797,4.68,11.5
RCP03916,Idli,Indian,breakfast,False,476,35,47,36,7,275,5.22,20.1
RCP03917,Indian Appetizers Special 334,Indian,morning_snack,True,426,12,57,22,11,976,3.06,24.26
RCP03918,Indian Appetizers Special 335,Indian,morning_snack,False,192,26,35,24,12,1415,3.6,19.41
RCP03919,Chole Bhature,Indian,breakfast,False,196,42,74,22,2,1422,5.22,8.26
RCP03920,Naan,Indian,breakfast,True,761,9,71,27,11,797,3.24,13.25
RCP03921,Dal Tadka,Indian,dinner,False,618,31,72,38,11,601,3.6,15.85
RCP03922,Biryani,Indian,dinner,False,580,48,75,19,3,1144,6.84,8.41
RCP03923,Indian Appetizers Special 340,Indian,morning_snack,False,353,24,40,20,14,960,2.16,18.9
RCP03924,Biryani,Indian,dinner,False,731,28,54,39,3,750,5.58,14.88
RCP03925,Indian Appetizers Special 342,Indian,morning_snack,False,460,22,77,20,6,529,4.68,21.84
RCP03926,Dosa,Indian,breakfast,False,580,21,63,35,4,637,6.48,21.82
RCP03927,Samosa,Indian,morning_snack,False,673,28,54,28,6,287,4.68,5.21
RCP03928,Butter Chicken,Indian,dinner,False,651,45,69,31,8,443,5.76,23.09
RCP03929,Dal Tadka,Indian,dinner,False,277,30,70,17,8,1312,1.8,7.34
RCP03930,Dosa,Indian,breakfast,False,636,40,71,33,5,1454,4.86,4.67
RCP03931,Idli,Indian,breakfast,False,677,41,65,33,7,543,5.4,21.72
RCP03932,Tandoori Chicken,Indian,morning_snack,False,341,44,71,35,11,530,2.88,4.14
RCP03933,Dosa,Indian,breakfast,False,501,42,52,36,5,1398,6.3,2.24
RCP03934,Biryani,Indian,dinner,True,734,9,32,12,10,406,2.34,2.05
RCP03935,Biryani,Indian,dinner,False,455,18,36,28,12,817,5.58,22.1
RCP03936,Indian Appetizers Special 353,Indian,morning_snack,False,723,32,70,20,11,1078,3.78,14.88
RCP03937,Idli,Indian,breakfast,False,695,13,66,12,3,512,4.68,11.97
RCP03938,Dal Tadka,Indian,dinner,False,407,37,54,26,12,563,3.06,19.8
RCP03939,Indian Appetizers Special 356,Indian,morning_snack,False,504,39,61,30,4,652,5.94,21.74
RCP03940,Chole Bhature,Indian,breakfast,False,392,15,74,20,8,417,3.96,3.49
RCP03941,Dal Tadka,Indian,dinner,False,312,47,53,25,14,1115,6.12,9.61
RCP03942,Indian Appetizers Special 359,Indian,morning_snack,False,528,29,35,15,12,1257,3.78,3.6
RCP03943,Masala Dosa,Indian,breakfast,False,403,45,74,36,11,918,5.76,21.06
RCP03944,Vindaloo,Indian,dinner,False,202,14,44,21,14,460,6.66,9.12
RCP03945,Rogan Josh,Indian,dinner,False,306,44,53,30,13,1475,5.94,5.99
RCP03946,Indian Appetizers Special 363,Indian,morning_snack,False,700,7,71,22,10,715,2.88,9.29
RCP03947,Indian Appetizers Special 364,Indian,morning_snack,False,615,41,65,34,12,841,4.14,16.98
RCP03948,Masala Dosa,Indian,breakfast,False,585,48,39,26,12,1180,4.86,22.17
RCP03949,Naan,Indian,breakfast,False,466,34,64,17,11,1011,6.84,7.18
RCP03950,Butter Chicken,Indian,dinner,False,390,49,69,27,3,1484,5.58,19.52
RCP03951,Idli,Indian,breakfast,False,514,22,42,28,4,292,6.12,18.09
RCP03952,Indian Appetizers Special 369,Indian,morning_snack,False,410,40,58,28,12,633,1.98,2.29
RCP03953,Tandoori Chicken,Indian,morning_snack,False,435,49,63,25,2,1337,5.76,9.07
RCP03954,Tandoori Chicken,Indian,morning_snack,False,496,14,30,25,9,869,4.32,22.61
RCP03955,Paneer Tikka,Indian,morning_snack,False,773,27,76,15,7,1208,1.8,12.46
RCP03956,Dal Tadka,Indian,dinner,False,501,46,36,29,14,1301,3.42,22.97
RCP03957,Rogan Josh,Indian,dinner,False,721,10,43,18,10,259,6.84,4.0
RCP03958,Butter Chicken,Indian,dinner,False,689,30,38,33,6,1254,5.22,18.16
RCP03959,Rogan Josh,Indian,dinner,False,337,15,54,13,8,547,6.48,2.3
RCP03960,Indian Appetizers Special 377,Indian,morning_snack,False,748,49,49,19,14,531,6.84,7.99
RCP03961,Naan,Indian,breakfast,False,217,40,32,17,5,974,2.16,9.79
RCP03962,Tandoori Chicken,Indian,morning_snack,False,625,39,77,31,4,856,4.5,14.55
RCP03963,Indian Appetizers Special 380,Indian,morning_snack,False,227,25,66,17,2,1088,5.4,23.66
RCP03964,Indian Appetizers Special 381,Indian,morning_snack,True,687,16,56,20,10,841,2.16,18.2
RCP03965,Indian Appetizers Special 382,Indian,morning_snack,True,307,12,32,27,11,1198,4.68,12.69
RCP03966,Indian Appetizers Special 383,Indian,morning_snack,True,296,8,67,29,13,596,5.4,17.89
RCP03967,Indian Appetizers Special 384,Indian,morning_snack,False,377,42,33,26,13,1271,4.86,9.14
RCP03968,Paneer Tikka,Indian,morning_snack,False,379,30,78,38,4,1497,6.84,21.74
RCP03969,Indian Appetizers Special 386,Indian,morning_snack,False,560,28,54,24,10,534,3.24,14.15
RCP03970,Dal Tadka,Indian,dinner,False,557,37,65,15,5,1424,3.24,12.59
RCP03971,Chole Bhature,Indian,breakfast,False,553,31,72,38,10,612,3.78,20.12
RCP03972,Paneer Tikka,Indian,morning_snack,False,383,28,48,23,14,745,4.68,18.91
RCP03973,Indian Appetizers Special 390,Indian,morning_snack,True,653,19,65,15,9,1190,2.16,11.05
RCP03974,Dal Tadka,Indian,dinner,True,607,5,79,17,13,299,2.52,3.56
RCP03975,Idli,Indian,breakfast,False,403,30,75,30,9,1345,5.58,15.13
RCP03976,Indian Appetizers Special 393,Indian,morning_snack,False,239,22,43,20,6,1100,3.06,10.27
RCP03977,Indian Appetizers Special 394,Indian,morning_snack,False,167,15,44,13,11,1493,6.66,13.55
RCP03978,Samosa,Indian,morning_snack,False,450,43,54,31,13,466,3.78,5.54
RCP03979,Biryani,Indian,dinner,False,635,41,46,36,5,1073,6.3,11.61
RCP03980,Vindaloo,Indian,dinner,False,219,19,43,19,4,1222,5.4,22.52
RCP03981,Biryani,Indian,dinner,True,666,17,49,20,14,1483,2.88,18.15
RCP03982,Masala Dosa,Indian,breakfast,False,602,28,73,32,3,1330,5.58,6.7
RCP03983,Butter Chicken,Indian,dinner,False,533,11,74,22,6,828,4.86,5.57
RCP03984,Idli,Indian,breakfast,True,762,6,62,16,6,1276,5.76,7.61
RCP03985,Tandoori Chicken,Indian,morning_snack,False,209,35,47,38,9,1148,6.48,14.99
RCP03986,Masala Dosa,Indian,breakfast,False,771,40,49,38,6,1156,3.6,17.02
RCP03987,Masala Dosa,Indian,breakfast,True,386,12,45,29,14,464,2.7,8.97
RCP03988,Butter Chicken,Indian,dinner,False,240,24,66,38,6,1408,3.6,9.97
RCP03989,Indian Appetizers Special 406,Indian,morning_snack,False,273,38,41,31,3,1417,5.76,14.05
RCP03990,Chole Bhature,Indian,breakfast,False,430,40,59,31,3,1487,1.8,22.48
RCP03991,Indian Appetizers Special 408,Indian,morning_snack,True,639,10,57,25,9,566,5.58,22.26
RCP03992,Naan,Indian,breakfast,False,310,47,78,29,2,651,3.42,22.84
RCP03993,Indian Appetizers Special 410,Indian,morning_snack,False,628,47,64,37,5,828,3.24,16.85
RCP03994,Indian Appetizers Special 411,Indian,morning_snack,False,201,43,60,25,8,335,2.7,7.17
RCP03995,Rogan Josh,Indian,dinner,False,327,41,42,16,7,235,2.34,19.81
RCP03996,Butter Chicken,Indian,dinner,False,227,46,30,39,7,1384,1.8,6.24
RCP03997,Gulab Jamun,Indian,morning_snack,False,250,48,67,17,6,888,5.76,20.89
RCP03998,Dosa,Indian,breakfast,False,674,22,69,19,8,1240,1.8,3.73
RCP03999,Indian Appetizers Special 416,Indian,morning_snack,False,254,29,79,30,4,743,6.84,15.54
RCP04000,Vindaloo,Indian,dinner,False,159,5,79,23,8,1018,3.24,2.23
RCP04001,Indian Appetizers Special 418,Indian,morning_snack,True,273,7,45,23,11,708,2.88,22.26
RCP04002,Tandoori Chicken,Indian,morning_snack,False,580,17,30,24,11,304,6.66,14.12
RCP04003,Indian Appetizers Special 420,Indian,morning_snack,False,474,22,69,39,5,415,3.96,12.35
RCP04004,Dal Tadka,Indian,dinner,False,753,36,68,37,10,1065,4.5,11.07
RCP04005,Gulab Jamun,Indian,morning_snack,False,723,42,47,35,13,1422,3.78,11.57
RCP04006,Samosa,Indian,morning_snack,False,699,38,79,16,13,774,4.32,4.43
RCP04007,Indian Appetizers Special 424,Indian,morning_snack,False,677,46,59,31,10,725,6.66,24.71
RCP04008,Rogan Josh,Indian,dinner,False,574,26,45,26,11,1129,5.94,24.37
RCP04009,Masala Dosa,Indian,breakfast,False,226,35,50,28,2,238,2.16,8.88
RCP04010,Butter Chicken,Indian,dinner,False,754,29,66,28,7,637,5.58,3.66
RCP04011,Indian Appetizers Special 428,Indian,morning_snack,False,219,47,45,15,13,305,4.5,24.66
RCP04012,Masala Dosa,Indian,breakfast,False,541,30,68,37,5,708,3.06,8.28
RCP04013,Naan,Indian,breakfast,False,264,48,69,38,8,1445,6.12,21.17
RCP04014,Naan,Indian,breakfast,False,191,49,62,15,4,733,2.34,19.66
RCP04015,Samosa,Indian,morning_snack,False,669,12,34,21,5,276,3.06,7.27
RCP04016,Indian Appetizers Special 433,Indian,morning_snack,False,402,33,35,27,9,966,7.02,13.97
RCP04017,Idli,Indian,breakfast,False,294,10,52,17,14,803,1.98,14.28
RCP04018,Indian Appetizers Special 435,Indian,morning_snack,False,217,12,45,28,14,984,2.88,23.41
RCP04019,Indian Appetizers Special 436,Indian,morning_snack,True,186,6,36,14,8,492,3.96,20.2
RCP04020,Idli,Indian,breakfast,False,575,21,46,23,13,1389,4.32,17.91
RCP04021,Indian Appetizers Special 438,Indian,morning_snack,True,530,5,48,18,10,641,7.02,6.08
RCP04022,Naan,Indian,breakfast,False,465,22,63,16,6,787,4.86,14.27
RCP04023,Indian Appetizers Special 440,Indian,morning_snack,False,293,28,69,17,2,405,2.7,16.32
RCP04024,Masala Dosa,Indian,breakfast,False,689,34,40,15,9,913,3.24,9.37
RCP04025,Indian Appetizers Special 442,Indian,morning_snack,False,375,32,51,39,3,291,2.16,20.29
RCP04026,Naan,Indian,breakfast,True,214,10,48,16,7,320,5.58,4.31
RCP04027,Idli,Indian,breakfast,False,576,18,44,26,8,497,6.12,22.3
RCP04028,Indian Appetizers Special 445,Indian,morning_snack,False,620,19,51,12,3,1019,3.96,13.45
RCP04029,Idli,Indian,breakfast,False,671,35,69,16,14,451,7.02,22.33
RCP04030,Gulab Jamun,Indian,morning_snack,False,463,33,72,18,9,1317,3.78,18.43
RCP04031,Masala Dosa,Indian,breakfast,False,344,42,71,34,8,1039,3.96,20.55
RCP04032,Butter Chicken,Indian,dinner,False,580,42,62,24,2,1214,6.84,18.1
RCP04033,Indian Appetizers Special 450,Indian,morning_snack,False,785,22,57,39,14,835,6.48,18.52
RCP04034,Paneer Tikka,Indian,morning_snack,False,514,25,54,39,7,1010,6.48,5.46
RCP04035,Biryani,Indian,dinner,False,153,48,35,34,4,1149,3.6,6.51
RCP04036,Butter Chicken,Indian,dinner,False,742,15,77,24,5,434,5.58,24.4
RCP04037,Indian Appetizers Special 454,Indian,morning_snack,False,646,22,31,26,13,782,5.22,7.77
RCP04038,Samosa,Indian,morning_snack,False,404,48,50,36,14,656,3.6,23.04
RCP04039,Tandoori Chicken,Indian,morning_snack,False,167,9,40,23,6,712,5.94,10.69
RCP04040,Gulab Jamun,Indian,morning_snack,False,165,30,38,15,3,512,2.7,15.95
RCP04041,Indian Appetizers Special 458,Indian,morning_snack,False,692,49,64,27,11,1413,3.24,8.48
RCP04042,Paneer Tikka,Indian,morning_snack,False,353,30,69,15,9,1405,5.94,6.12
RCP04043,Naan,Indian,breakfast,False,602,48,66,31,6,1432,5.76,15.5
RCP04044,Samosa,Indian,morning_snack,False,504,28,61,33,5,921,7.02,22.91
RCP04045,Indian Appetizers Special 462,Indian,morning_snack,False,512,28,60,28,13,895,2.34,16.04
RCP04046,Idli,Indian,breakfast,False,612,27,56,37,14,877,4.68,7.28
RCP04047,Indian Appetizers Special 464,Indian,morning_snack,False,314,34,53,39,12,293,5.58,20.85
RCP04048,Naan,Indian,breakfast,True,654,18,44,14,4,1169,6.66,21.55
RCP04049,Rogan Josh,Indian,dinner,False,228,47,64,37,13,1179,3.24,18.89
RCP04050,Paneer Tikka,Indian,morning_snack,False,681,19,55,25,7,286,3.6,23.75
RCP04051,Indian Appetizers Special 468,Indian,morning_snack,False,446,44,76,39,14,490,5.04,5.09
RCP04052,Paneer Tikka,Indian,morning_snack,False,757,39,53,18,6,321,3.6,8.46
RCP04053,Tandoori Chicken,Indian,morning_snack,False,243,37,61,17,14,611,5.94,23.14
RCP04054,Butter Chicken,Indian,dinner,False,243,16,45,29,4,1428,5.76,12.52
RCP04055,Dal Tadka,Indian,dinner,False,431,46,78,25,6,720,5.94,8.07
RCP04056,Naan,Indian,breakfast,False,648,20,66,17,9,1419,3.96,16.21
RCP04057,Indian Appetizers Special 474,Indian,morning_snack,False,481,46,70,18,7,954,3.96,21.71
RCP04058,Gulab Jamun,Indian,morning_snack,False,280,32,75,18,6,308,3.96,4.97
RCP04059,Indian Appetizers Special 476,Indian,morning_snack,False,593,44,36,38,9,1156,1.8,17.97
RCP04060,Chole Bhature,Indian,breakfast,False,737,26,61,18,14,338,5.76,4.96
RCP04061,Indian Appetizers Special 478,Indian,morning_snack,False,155,22,36,31,8,510,4.86,19.47
RCP04062,Rogan Josh,Indian,dinner,False,757,49,63,38,13,808,6.84,5.84
RCP04063,Idli,Indian,breakfast,True,324,12,32,26,8,941,3.06,3.5
RCP04064,Indian Appetizers Special 481,Indian,morning_snack,False,404,40,66,27,12,201,5.22,12.11
RCP04065,Paneer Tikka,Indian,morning_snack,False,661,41,51,32,7,574,6.84,5.57
RCP04066,Chole Bhature,Indian,breakfast,True,227,11,63,20,8,1140,3.42,4.95
RCP04067,Paneer Tikka,Indian,morning_snack,False,493,27,32,16,11,562,6.12,16.76
RCP04068,Tandoori Chicken,Indian,morning_snack,False,420,39,38,35,5,287,6.3,14.6
RCP04069,Butter Chicken,Indian,dinner,False,704,33,62,31,13,1430,3.78,22.58
RCP04070,Dal Tadka,Indian,dinner,False,663,47,61,22,14,1477,6.66,17.96
RCP04071,Chole Bhature,Indian,breakfast,False,509,49,79,38,2,1024,3.24,19.34
RCP04072,Naan,Indian,breakfast,False,370,36,42,23,13,435,6.3,23.32
RCP04073,Tandoori Chicken,Indian,morning_snack,False,153,21,64,30,10,882,3.78,5.44
RCP04074,Indian Appetizers Special 491,Indian,morning_snack,False,371,38,53,38,2,385,4.5,3.21
RCP04075,Indian Appetizers Special 492,Indian,morning_snack,True,523,9,42,12,10,1379,5.4,11.93
RCP04076,Indian Appetizers Special 493,Indian,morning_snack,False,712,31,41,29,4,1248,6.12,13.22
RCP04077,Dal Tadka,Indian,dinner,False,390,39,44,30,14,581,3.6,18.68
RCP04078,Gulab Jamun,Indian,morning_snack,True,564,19,74,11,6,1310,4.5,2.57
RCP04079,Indian Appetizers Special 496,Indian,morning_snack,False,758,20,50,33,8,211,3.6,4.03
RCP04080,Dosa,Indian,breakfast,False,363,27,75,27,10,658,5.58,12.84
RCP04081,Dal Tadka,Indian,dinner,False,576,11,56,21,13,433,4.68,14.1
RCP04082,Tandoori Chicken,Indian,morning_snack,False,389,48,74,21,6,256,4.5,22.49
RCP04083,Dosa,Indian,breakfast,False,714,27,30,28,13,822,3.78,9.4
RCP04084,Rogan Josh,Indian,dinner,False,372,30,49,34,13,484,3.24,14.5
RCP04085,Indian Appetizers Special 502,Indian,morning_snack,False,717,41,53,21,2,1478,3.96,7.97
RCP04086,Idli,Indian,breakfast,False,382,48,65,23,11,451,6.48,3.98
RCP04087,Chole Bhature,Indian,breakfast,True,676,8,76,19,5,239,3.96,2.48
RCP04088,Tandoori Chicken,Indian,morning_snack,False,784,49,34,24,9,552,2.7,17.67
RCP04089,Indian Appetizers Special 506,Indian,morning_snack,False,379,25,45,38,14,1463,3.24,12.85
RCP04090,Masala Dosa,Indian,breakfast,False,760,11,37,27,2,617,5.4,14.02
RCP04091,Dosa,Indian,breakfast,False,553,36,52,22,11,859,5.04,20.72
RCP04092,Dal Tadka,Indian,dinner,False,627,23,55,32,11,451,4.5,18.99
RCP04093,Samosa,Indian,morning_snack,False,157,45,30,25,13,524,3.24,24.78
RCP04094,Indian Appetizers Special 511,Indian,morning_snack,False,599,48,60,15,3,1433,3.42,9.29
RCP04095,Masala Dosa,Indian,breakfast,False,654,36,74,39,5,1265,5.22,24.0
RCP04096,Idli,Indian,breakfast,True,652,16,30,28,14,1295,5.76,11.87
RCP04097,Indian Appetizers Special 514,Indian,morning_snack,False,745,49,79,36,8,1077,5.94,8.06
RCP04098,Chole Bhature,Indian,breakfast,False,621,43,35,29,4,982,4.86,8.53
RCP04099,Rogan Josh,Indian,dinner,False,451,44,32,38,6,285,3.96,7.1
RCP04100,Masala Dosa,Indian,breakfast,False,231,28,72,15,8,1069,3.24,5.1
RCP04101,Indian Appetizers Special 518,Indian,morning_snack,False,562,25,55,24,6,1432,7.02,13.12
RCP04102,Biryani,Indian,dinner,False,500,36,67,22,5,858,3.96,18.37
RCP04103,Idli,Indian,breakfast,False,730,31,52,22,12,1005,6.12,7.18
RCP04104,Indian Appetizers Special 521,Indian,morning_snack,False,397,33,73,15,5,1213,4.14,20.06
RCP04105,Indian Appetizers Special 522,Indian,morning_snack,False,794,21,35,20,5,1127,5.94,6.4
RCP04106,Idli,Indian,breakfast,False,198,34,63,19,11,1389,6.48,6.71
RCP04107,Indian Appetizers Special 524,Indian,morning_snack,False,290,44,47,32,10,1206,5.22,10.23
RCP04108,Dal Tadka,Indian,dinner,False,746,49,68,25,10,1223,7.02,5.85
RCP04109,Butter Chicken,Indian,dinner,False,433,39,62,24,4,596,6.12,14.85
RCP04110,Indian Appetizers Special 527,Indian,morning_snack,False,537,25,69,22,12,639,6.84,5.21
RCP04111,Chole Bhature,Indian,breakfast,False,743,26,63,19,14,632,3.06,7.73
RCP04112,Vindaloo,Indian,dinner,False,571,7,52,23,3,938,3.42,5.01
RCP04113,Dal Tadka,Indian,dinner,False,513,26,66,32,10,770,4.32,18.27
RCP04114,Dal Tadka,Indian,dinner,False,338,21,46,31,2,1031,5.22,5.59
RCP04115,Masala Dosa,Indian,breakfast,False,666,46,34,31,10,1204,6.48,20.48
RCP04116,Tandoori Chicken,Indian,morning_snack,False,701,37,37,27,4,1275,6.3,5.99
RCP04117,Indian Appetizers Special 534,Indian,morning_snack,False,544,45,38,35,7,294,4.68,14.53
RCP04118,Butter Chicken,Indian,dinner,False,306,20,62,28,5,1312,3.6,16.53
RCP04119,Naan,Indian,breakfast,False,332,43,39,36,6,1384,1.98,4.69
RCP04120,Chole Bhature,Indian,breakfast,False,767,40,71,35,2,1339,6.12,11.03
RCP04121,Chole Bhature,Indian,breakfast,False,471,28,43,33,13,525,4.68,9.14
RCP04122,Rogan Josh,Indian,dinner,False,315,21,56,31,7,520,3.78,9.91
RCP04123,Masala Dosa,Indian,breakfast,True,390,11,55,14,13,473,5.58,9.44
RCP04124,Indian Appetizers Special 541,Indian,morning_snack,False,545,25,51,15,14,1289,6.84,20.4
RCP04125,Indian Appetizers Special 542,Indian,morning_snack,False,564,45,66,33,4,1164,4.32,23.05
RCP04126,Naan,Indian,breakfast,False,714,31,75,36,13,640,4.68,19.56
RCP04127,Indian Appetizers Special 544,Indian,morning_snack,False,234,23,58,30,6,333,6.12,2.13
RCP04128,Butter Chicken,Indian,dinner,False,650,9,64,10,7,1494,1.8,24.05
RCP04129,Indian Appetizers Special 546,Indian,morning_snack,False,645,24,47,30,10,986,6.66,23.96
RCP04130,Dal Tadka,Indian,dinner,False,519,41,74,17,8,641,2.52,16.87
RCP04131,Samosa,Indian,morning_snack,False,676,39,37,33,9,592,6.3,17.27
RCP04132,Butter Chicken,Indian,dinner,False,625,31,47,32,8,224,6.84,21.68
RCP04133,Indian Appetizers Special 550,Indian,morning_snack,True,652,19,38,11,14,428,6.48,6.9
RCP04134,Biryani,Indian,dinner,False,732,47,60,36,12,487,4.5,14.34
RCP04135,Gulab Jamun,Indian,morning_snack,False,458,24,51,29,5,1091,3.78,4.29
RCP04136,Indian Appetizers Special 553,Indian,morning_snack,False,412,10,32,23,8,787,6.84,20.89
RCP04137,Naan,Indian,breakfast,False,212,36,48,27,8,980,5.22,20.23
RCP04138,Indian Appetizers Special 555,Indian,morning_snack,False,201,33,76,32,9,1302,4.86,24.3
RCP04139,Naan,Indian,breakfast,True,227,17,55,12,14,220,5.04,10.01
RCP04140,Chole Bhature,Indian,breakfast,False,224,49,64,19,2,233,2.34,6.57
RCP04141,Dal Tadka,Indian,dinner,True,732,15,38,15,14,1296,3.96,22.3
RCP04142,Samosa,Indian,morning_snack,False,586,47,69,26,8,802,6.66,21.33
RCP04143,Chole Bhature,Indian,breakfast,False,724,31,42,16,6,789,5.58,15.58
RCP04144,Masala Dosa,Indian,breakfast,False,294,46,52,15,14,1495,5.58,23.71
RCP04145,Dal Tadka,Indian,dinner,False,610,42,44,16,6,914,6.3,15.17
RCP04146,Masala Dosa,Indian,breakfast,True,241,5,67,12,6,1464,2.16,9.85
RCP04147,Indian Appetizers Special 564,Indian,morning_snack,False,630,5,52,24,6,695,1.8,2.18
RCP04148,Indian Appetizers Special 565,Indian,morning_snack,False,230,45,69,24,14,1250,1.8,8.04
RCP04149,Naan,Indian,breakfast,True,254,13,78,19,13,1184,3.06,6.3
RCP04150,Indian Appetizers Special 567,Indian,morning_snack,True,523,11,52,24,12,495,6.84,21.02
RCP04151,Chole Bhature,Indian,breakfast,False,332,38,56,21,7,1081,6.3,4.98
RCP04152,Dal Tadka,Indian,dinner,False,754,25,69,23,11,212,6.3,20.64
RCP04153,Paneer Tikka,Indian,morning_snack,False,652,15,79,24,8,349,6.12,20.47
RCP04154,Biryani,Indian,dinner,False,265,40,79,27,4,921,4.86,5.15
RCP04155,Idli,Indian,breakfast,False,164,22,38,35,7,561,3.06,14.71
RCP04156,Dal Tadka,Indian,dinner,True,685,11,76,21,6,496,1.8,22.55
RCP04157,Indian Appetizers Special 574,Indian,morning_snack,False,335,29,62,38,6,614,3.78,2.27
RCP04158,Samosa,Indian,morning_snack,True,201,7,33,15,14,814,6.66,17.6
RCP04159,Masala Dosa,Indian,breakfast,False,501,9,62,25,3,770,2.16,21.24
RCP04160,Indian Appetizers Special 577,Indian,morning_snack,True,306,11,64,21,11,1358,6.3,5.99
RCP04161,Indian Appetizers Special 578,Indian,morning_snack,False,414,25,73,35,7,1268,4.32,19.99
RCP04162,Butter Chicken,Indian,dinner,False,770,11,48,29,2,1133,6.3,3.92
RCP04163,Indian Appetizers Special 580,Indian,morning_snack,False,405,23,49,36,13,1328,4.14,20.25
RCP04164,Vindaloo,Indian,dinner,False,536,40,76,21,2,492,3.6,9.9
RCP04165,Indian Appetizers Special 582,Indian,morning_snack,False,573,22,48,22,7,512,3.78,6.33
RCP04166,Vindaloo,Indian,dinner,False,401,46,64,17,3,1259,5.76,15.95
RCP04167,Rogan Josh,Indian,dinner,False,469,45,73,31,4,722,2.52,12.35
RCP04168,Naan,Indian,breakfast,True,506,12,48,27,2,932,5.94,20.13
RCP04169,Biryani,Indian,dinner,True,783,18,54,12,4,499,3.42,22.79
RCP04170,Naan,Indian,breakfast,False,251,30,54,34,11,633,3.24,20.31
RCP04171,Masala Dosa,Indian,breakfast,False,502,12,78,29,4,988,1.98,10.37
RCP04172,Butter Chicken,Indian,dinner,False,736,17,36,12,10,504,3.6,4.45
RCP04173,Chole Bhature,Indian,breakfast,True,373,5,36,22,9,1367,3.6,9.27
RCP04174,Indian Bread Special 8,Indian,breakfast,False,326,32,60,35,11,991,3.06,8.24
RCP04175,Biryani,Indian,dinner,False,385,46,60,24,5,1469,5.58,24.05
RCP04176,Dosa,Indian,breakfast,True,643,5,48,16,8,1453,4.5,13.42
RCP04177,Masala Dosa,Indian,breakfast,False,378,49,50,28,5,950,6.3,20.18
RCP04178,Indian Bread Special 12,Indian,breakfast,False,740,34,50,20,13,582,3.78,2.15
RCP04179,Indian Bread Special 13,Indian,breakfast,False,593,47,61,24,3,1284,3.78,6.5
RCP04180,Biryani,Indian,dinner,False,508,34,73,36,14,316,1.98,15.92
RCP04181,Indian Bread Special 15,Indian,breakfast,False,370,34,79,26,12,1048,6.3,18.32
RCP04182,Paneer Tikka,Indian,morning_snack,False,192,34,55,37,6,586,3.24,24.72
RCP04183,Samosa,Indian,morning_snack,False,199,15,73,29,11,463,2.34,15.49
RCP04184,Butter Chicken,Indian,dinner,False,781,35,66,24,3,241,1.8,2.49
RCP04185,Biryani,Indian,dinner,False,481,20,68,24,6,817,2.7,13.13
RCP04186,Masala Dosa,Indian,breakfast,False,453,46,33,36,10,713,3.24,7.44
RCP04187,Indian Bread Special 21,Indian,breakfast,False,438,7,40,27,10,583,7.02,13.86
RCP04188,Indian Bread Special 22,Indian,breakfast,True,543,18,66,11,13,235,3.6,4.64
RCP04189,Indian Bread Special 23,Indian,breakfast,True,250,13,69,15,3,1444,3.78,7.73
RCP04190,Naan,Indian,breakfast,False,336,47,32,34,2,899,5.76,17.36
RCP04191,Gulab Jamun,Indian,morning_snack,True,598,5,59,19,4,1104,4.86,4.75
RCP04192,Indian Bread Special 26,Indian,breakfast,False,672,28,72,20,13,362,3.96,8.42
RCP04193,Naan,Indian,breakfast,False,653,36,47,38,14,857,2.16,16.12
RCP04194,Paneer Tikka,Indian,morning_snack,False,181,33,34,26,5,1224,5.58,15.98
RCP04195,Samosa,Indian,morning_snack,True,355,8,44,23,5,554,5.94,7.73
RCP04196,Butter Chicken,Indian,dinner,False,798,49,44,15,2,1177,6.66,9.22
RCP04197,Rogan Josh,Indian,dinner,False,247,27,77,27,3,847,5.94,11.62
RCP04198,Indian Bread Special 32,Indian,breakfast,False,382,44,44,18,9,666,6.66,17.02
RCP04199,Naan,Indian,breakfast,False,201,26,62,31,4,1076,5.58,7.22
RCP04200,Butter Chicken,Indian,dinner,False,644,16,70,15,9,570,6.3,11.29
RCP04201,Chole Bhature,Indian,breakfast,False,415,28,46,33,3,1319,6.12,6.65
RCP04202,Dosa,Indian,breakfast,False,478,36,30,30,8,1255,4.86,24.09
RCP04203,Idli,Indian,breakfast,False,675,29,47,25,2,1047,7.02,9.59
RCP04204,Chole Bhature,Indian,breakfast,False,156,24,38,20,13,1473,5.4,4.1
RCP04205,Paneer Tikka,Indian,morning_snack,False,744,35,39,38,7,1227,3.42,15.04
RCP04206,Indian Bread Special 40,Indian,breakfast,True,182,15,75,15,5,419,2.7,2.47
RCP04207,Dal Tadka,Indian,dinner,False,709,23,53,15,5,307,5.22,15.87
RCP04208,Samosa,Indian,morning_snack,True,258,12,39,27,12,893,6.66,3.71
RCP04209,Butter Chicken,Indian,dinner,False,303,44,70,20,4,866,4.86,23.51
RCP04210,Samosa,Indian,morning_snack,False,651,5,58,28,3,1115,5.22,6.94
RCP04211,Masala Dosa,Indian,breakfast,False,658,16,53,29,5,378,3.06,12.58
RCP04212,Indian Bread Special 46,Indian,breakfast,False,174,28,75,23,6,1197,3.24,18.47
RCP04213,Indian Bread Special 47,Indian,breakfast,False,576,48,69,32,11,1442,5.22,13.02
RCP04214,Masala Dosa,Indian,breakfast,False,759,44,63,19,11,1212,5.04,19.59
RCP04215,Indian Bread Special 49,Indian,breakfast,False,767,17,61,27,6,1446,4.86,15.59
RCP04216,Gulab Jamun,Indian,morning_snack,False,440,27,48,33,12,1310,6.66,16.1
RCP04217,Indian Bread Special 51,Indian,breakfast,False,724,23,77,37,5,1270,2.7,14.85
RCP04218,Indian Bread Special 52,Indian,breakfast,False,165,16,62,15,4,1406,4.14,16.86
RCP04219,Butter Chicken,Indian,dinner,False,379,36,78,39,2,828,1.98,8.3
RCP04220,Biryani,Indian,dinner,False,365,7,63,22,2,812,5.94,6.55
RCP04221,Indian Bread Special 55,Indian,breakfast,False,792,26,78,33,8,407,4.68,9.25
RCP04222,Indian Bread Special 56,Indian,breakfast,False,626,48,63,34,6,1067,5.94,21.71
RCP04223,Indian Bread Special 57,Indian,breakfast,True,250,13,63,11,3,344,6.12,17.11
RCP04224,Indian Bread Special 58,Indian,breakfast,False,710,46,56,38,8,775,3.6,23.75
RCP04225,Masala Dosa,Indian,breakfast,False,437,19,34,29,12,782,5.22,5.5
RCP04226,Dosa,Indian,breakfast,False,685,8,49,28,9,746,2.16,11.4
RCP04227,Indian Bread Special 61,Indian,breakfast,False,505,20,74,23,13,924,4.68,10.61
RCP04228,Dal Tadka,Indian,dinner,True,648,6,69,29,12,350,7.02,22.42
RCP04229,Vindaloo,Indian,dinner,False,659,37,35,28,10,1176,6.3,23.84
RCP04230,Indian Bread Special 64,Indian,breakfast,True,345,8,73,10,8,1350,3.96,22.98
RCP04231,Indian Bread Special 65,Indian,breakfast,False,234,21,35,39,11,324,2.52,18.8
RCP04232,Indian Bread Special 66,Indian,breakfast,False,736,34,67,20,7,1354,6.66,9.24
RCP04233,Indian Bread Special 67,Indian,breakfast,False,724,24,35,21,12,365,3.24,15.17
RCP04234,Masala Dosa,Indian,breakfast,False,308,22,46,20,13,664,5.94,14.84
RCP04235,Rogan Josh,Indian,dinner,False,168,8,42,18,7,963,6.12,4.81
RCP04236,Indian Bread Special 70,Indian,breakfast,False,257,7,54,25,14,485,3.96,24.44
RCP04237,Paneer Tikka,Indian,morning_snack,False,654,40,31,17,4,588,3.24,14.12
RCP04238,Indian Bread Special 72,Indian,breakfast,False,508,33,79,37,7,1124,4.32,10.55
RCP04239,Naan,Indian,breakfast,False,288,44,41,17,7,1074,7.02,15.94
RCP04240,Masala Dosa,Indian,breakfast,False,579,29,60,38,2,539,6.84,7.83
RCP04241,Chole Bhature,Indian,breakfast,False,430,49,61,19,13,1194,3.24,10.97
RCP04242,Indian Bread Special 76,Indian,breakfast,True,601,19,46,10,14,1476,4.68,20.51
RCP04243,Butter Chicken,Indian,dinner,False,583,40,49,31,4,1493,5.04,3.99
RCP04244,Tandoori Chicken,Indian,morning_snack,False,657,20,76,18,11,1254,4.5,14.47
RCP04245,Indian Bread Special 79,Indian,breakfast,False,251,31,59,38,4,899,5.94,22.46
RCP04246,Rogan Josh,Indian,dinner,False,518,33,63,23,9,392,3.06,16.92
RCP04247,Biryani,Indian,dinner,True,475,13,49,23,12,263,6.48,8.96
RCP04248,Dosa,Indian,breakfast,True,420,19,78,27,12,1156,3.96,11.87
RCP04249,Indian Bread Special 83,Indian,breakfast,True,262,18,48,25,2,1155,1.8,2.5
RCP04250,Masala Dosa,Indian,breakfast,False,386,34,49,23,2,821,4.14,10.9
RCP04251,Samosa,Indian,morning_snack,False,788,31,53,33,6,768,6.84,23.06
RCP04252,Dosa,Indian,breakfast,False,572,45,55,30,6,940,5.4,21.99
RCP04253,Butter Chicken,Indian,dinner,False,781,24,38,17,14,326,3.78,20.49
RCP04254,Masala Dosa,Indian,breakfast,False,602,23,41,29,3,1008,3.24,20.88
RCP04255,Biryani,Indian,dinner,False,210,41,46,24,9,534,3.42,19.43
RCP04256,Idli,Indian,breakfast,False,708,46,35,37,4,508,2.16,2.57
RCP04257,Indian Bread Special 91,Indian,breakfast,False,736,29,47,15,4,1263,2.34,13.68
RCP04258,Biryani,Indian,dinner,True,769,11,67,23,10,1020,2.16,11.87
RCP04259,Indian Bread Special 93,Indian,breakfast,False,720,24,63,32,2,1045,5.4,7.83
RCP04260,Idli,Indian,breakfast,False,283,6,36,26,14,1394,2.34,16.46
RCP04261,Butter Chicken,Indian,dinner,False,552,5,65,25,3,244,3.24,11.9
RCP04262,Dosa,Indian,breakfast,False,480,49,77,35,14,1441,2.88,2.67
RCP04263,Indian Bread Special 97,Indian,breakfast,True,553,8,77,27,6,1059,3.6,20.48
RCP04264,Tandoori Chicken,Indian,morning_snack,False,552,27,51,29,2,1472,2.34,17.6
RCP04265,Butter Chicken,Indian,dinner,False,579,16,77,13,8,1458,5.04,6.44
RCP04266,Gulab Jamun,Indian,morning_snack,True,337,18,54,16,14,415,5.58,11.25
RCP04267,Vindaloo,Indian,dinner,False,752,15,68,11,4,217,1.98,23.21
RCP04268,Indian Bread Special 102,Indian,breakfast,True,172,10,62,13,14,1056,2.52,22.15
RCP04269,Gulab Jamun,Indian,morning_snack,False,513,37,68,38,2,1251,5.58,11.71
RCP04270,Paneer Tikka,Indian,morning_snack,False,528,33,54,25,5,621,3.78,3.5
RCP04271,Indian Bread Special 105,Indian,breakfast,False,360,41,53,24,6,232,5.94,10.75
RCP04272,Tandoori Chicken,Indian,morning_snack,False,251,34,79,36,9,807,3.24,23.51
RCP04273,Idli,Indian,breakfast,False,419,44,69,37,8,773,3.42,20.68
RCP04274,Indian Bread Special 108,Indian,breakfast,True,661,17,40,10,11,353,4.68,4.69
RCP04275,Indian Bread Special 109,Indian,breakfast,False,317,43,65,34,14,985,3.6,10.0
RCP04276,Dal Tadka,Indian,dinner,False,351,32,53,26,14,276,2.34,13.72
RCP04277,Idli,Indian,breakfast,False,726,21,67,37,10,813,7.02,4.95
RCP04278,Indian Bread Special 112,Indian,breakfast,False,546,47,60,18,4,1156,5.94,12.87
RCP04279,Idli,Indian,breakfast,True,661,15,42,27,4,326,1.98,18.44
RCP04280,Biryani,Indian,dinner,False,464,25,37,28,10,669,4.86,14.31
RCP04281,Indian Bread Special 115,Indian,breakfast,False,288,28,54,28,6,707,4.86,7.32
RCP04282,Tandoori Chicken,Indian,morning_snack,False,487,42,53,38,3,886,4.32,15.98
RCP04283,Samosa,Indian,morning_snack,False,323,46,79,22,9,505,3.24,23.86
RCP04284,Indian Bread Special 118,Indian,breakfast,False,385,24,35,23,12,475,3.6,11.45
RCP04285,Indian Bread Special 119,Indian,breakfast,False,720,32,34,36,3,855,6.48,15.24
RCP04286,Naan,Indian,breakfast,False,428,10,72,22,13,975,4.32,7.81
RCP04287,Biryani,Indian,dinner,True,559,9,77,15,4,1333,3.06,16.99
RCP04288,Dosa,Indian,breakfast,False,634,27,49,36,4,1405,1.8,18.31
RCP04289,Samosa,Indian,morning_snack,True,158,9,75,28,13,293,2.16,22.25
RCP04290,Indian Bread Special 124,Indian,breakfast,True,488,15,57,17,7,1010,4.14,22.69
RCP04291,Indian Bread Special 125,Indian,breakfast,False,579,34,37,23,2,749,3.42,14.22
RCP04292,Masala Dosa,Indian,breakfast,False,303,37,42,26,11,1076,5.76,19.07
RCP04293,Gulab Jamun,Indian,morning_snack,False,642,30,44,28,14,1025,4.86,4.53
RCP04294,Dal Tadka,Indian,dinner,False,162,6,54,18,11,1358,2.52,22.66
RCP04295,Samosa,Indian,morning_snack,False,738,45,63,23,14,738,3.06,24.03
RCP04296,Indian Bread Special 130,Indian,breakfast,False,275,23,58,27,6,232,4.14,14.44
RCP04297,Butter Chicken,Indian,dinner,False,342,19,41,21,3,1373,5.58,12.68
RCP04298,Dal Tadka,Indian,dinner,False,727,6,74,15,13,1289,5.04,11.02
RCP04299,Indian Bread Special 133,Indian,breakfast,False,382,11,43,14,12,1445,6.12,14.25
RCP04300,Biryani,Indian,dinner,False,527,30,67,28,3,1070,6.12,12.85
RCP04301,Dal Tadka,Indian,dinner,False,332,23,62,27,8,1158,4.68,15.33
RCP04302,Indian Bread Special 136,Indian,breakfast,False,265,35,35,31,4,798,5.4,13.8
RCP04303,Indian Bread Special 137,Indian,breakfast,True,677,16,70,19,14,448,2.34,9.76
RCP04304,Dosa,Indian,breakfast,False,709,39,33,28,6,382,2.88,8.42
RCP04305,Indian Bread Special 139,Indian,breakfast,False,391,26,70,31,10,1176,1.98,14.59
RCP04306,Masala Dosa,Indian,breakfast,False,449,35,57,38,5,849,6.12,5.03
RCP04307,Indian Bread Special 141,Indian,breakfast,False,379,33,40,35,3,1322,7.02,18.86
RCP04308,Butter Chicken,Indian,dinner,False,627,33,45,15,8,605,2.34,17.51
RCP04309,Tandoori Chicken,Indian,morning_snack,False,501,23,67,35,7,988,7.02,14.81
RCP04310,Indian Bread Special 144,Indian,breakfast,False,599,38,51,29,2,603,5.04,11.05
RCP04311,Indian Bread Special 145,Indian,breakfast,False,385,15,59,22,13,1080,2.16,11.46
RCP04312,Butter Chicken,Indian,dinner,False,510,43,54,25,13,924,2.34,15.22
RCP04313,Dal Tadka,Indian,dinner,False,154,36,59,20,5,602,7.02,2.45
RCP04314,Indian Bread Special 148,Indian,breakfast,False,436,29,61,21,14,1472,7.02,22.4
RCP04315,Dal Tadka,Indian,dinner,False,759,21,79,34,12,661,2.34,17.82
RCP04316,Indian Bread Special 150,Indian,breakfast,False,496,45,74,32,6,232,4.32,8.85
RCP04317,Indian Bread Special 151,Indian,breakfast,False,686,42,74,36,5,487,6.12,14.28
RCP04318,Vindaloo,Indian,dinner,False,408,24,50,15,6,1330,7.02,9.63
RCP04319,Gulab Jamun,Indian,morning_snack,False,566,21,62,23,8,1439,4.68,7.19
RCP04320,Vindaloo,Indian,dinner,False,282,22,31,33,14,218,5.4,12.82
RCP04321,Biryani,Indian,dinner,False,540,32,36,15,2,1257,3.42,20.67
RCP04322,Dosa,Indian,breakfast,False,794,37,61,35,6,1302,3.42,17.82
RCP04323,Chole Bhature,Indian,breakfast,False,287,26,73,18,8,1035,2.88,3.04
RCP04324,Indian Bread Special 158,Indian,breakfast,False,496,17,41,14,3,236,5.04,6.8
RCP04325,Butter Chicken,Indian,dinner,False,387,19,40,11,11,1358,4.14,14.43
RCP04326,Indian Bread Special 160,Indian,breakfast,True,740,14,36,13,9,271,1.8,7.56
RCP04327,Rogan Josh,Indian,dinner,False,522,40,64,29,9,838,4.14,14.33
RCP04328,Tandoori Chicken,Indian,morning_snack,False,367,8,31,13,11,1192,1.98,16.98
RCP04329,Samosa,Indian,morning_snack,False,605,27,64,15,12,910,5.76,21.64
RCP04330,Indian Bread Special 164,Indian,breakfast,False,701,43,60,23,2,752,3.06,21.51
RCP04331,Dal Tadka,Indian,dinner,False,250,43,48,32,9,941,2.34,9.54
RCP04332,Paneer Tikka,Indian,morning_snack,False,627,23,34,24,14,387,3.06,8.9
RCP04333,Gulab Jamun,Indian,morning_snack,True,677,9,77,27,11,268,6.3,3.29
RCP04334,Indian Bread Special 168,Indian,breakfast,False,197,20,52,16,2,1367,2.16,8.06
RCP04335,Gulab Jamun,Indian,morning_snack,False,433,31,56,18,3,1420,5.94,14.01
RCP04336,Samosa,Indian,morning_snack,True,229,13,64,16,9,922,3.78,4.49
RCP04337,Biryani,Indian,dinner,True,258,18,47,15,12,242,1.8,9.84
RCP04338,Naan,Indian,breakfast,False,450,40,65,19,12,609,5.76,15.58
RCP04339,Chole Bhature,Indian,breakfast,False,645,49,42,23,7,600,3.6,20.84
RCP04340,Biryani,Indian,dinner,False,757,31,61,19,4,940,1.98,11.44
RCP04341,Indian Bread Special 175,Indian,breakfast,False,668,23,38,16,11,1342,1.98,7.3
RCP04342,Indian Bread Special 176,Indian,breakfast,True,200,9,71,27,3,293,5.4,9.78
RCP04343,Chole Bhature,Indian,breakfast,False,543,29,43,32,4,865,4.68,18.98
RCP04344,Paneer Tikka,Indian,morning_snack,False,649,10,35,18,9,852,5.04,23.65
RCP04345,Chole Bhature,Indian,breakfast,False,526,11,32,24,8,809,3.24,24.31
RCP04346,Indian Bread Special 180,Indian,breakfast,False,162,27,77,19,11,1226,2.16,3.76
RCP04347,Butter Chicken,Indian,dinner,False,618,10,56,28,8,1200,1.98,17.85
RCP04348,Butter Chicken,Indian,dinner,False,755,46,35,20,11,1186,1.8,10.1
RCP04349,Dosa,Indian,breakfast,False,635,45,70,30,7,1199,5.4,13.0
RCP04350,Indian Bread Special 184,Indian,breakfast,False,716,8,50,13,4,1296,5.22,12.9
RCP04351,Dal Tadka,Indian,dinner,False,311,26,38,34,10,1243,4.86,23.37
RCP04352,Vindaloo,Indian,dinner,False,322,12,33,22,8,899,5.94,10.5
RCP04353,Indian Bread Special 187,Indian,breakfast,False,723,36,62,22,8,1336,3.42,17.83
RCP04354,Rogan Josh,Indian,dinner,False,362,41,65,27,2,612,5.22,21.81
RCP04355,Dosa,Indian,breakfast,False,546,28,51,22,10,619,5.4,22.23
RCP04356,Paneer Tikka,Indian,morning_snack,False,442,5,46,18,12,1341,6.12,22.57
RCP04357,Biryani,Indian,dinner,False,791,48,61,30,5,515,3.96,22.1
RCP04358,Indian Bread Special 192,Indian,breakfast,False,722,20,67,35,14,1183,2.52,7.25
RCP04359,Biryani,Indian,dinner,False,629,30,69,21,10,1106,4.68,16.9
RCP04360,Chole Bhature,Indian,breakfast,False,159,15,42,10,9,292,5.58,18.75
RCP04361,Dosa,Indian,breakfast,False,328,33,70,39,7,1245,3.24,17.7
RCP04362,Rogan Josh,Indian,dinner,False,318,28,55,26,9,872,5.22,24.74
RCP04363,Indian Bread Special 197,Indian,breakfast,False,263,37,74,35,8,381,1.98,5.14
RCP04364,Indian Bread Special 198,Indian,breakfast,True,607,11,50,26,11,1391,5.94,18.06
RCP04365,Samosa,Indian,morning_snack,False,511,45,44,16,14,906,2.88,22.51
RCP04366,Tandoori Chicken,Indian,morning_snack,False,534,30,50,28,8,1167,5.22,3.32
RCP04367,Vindaloo,Indian,dinner,False,510,27,62,21,7,849,4.68,7.15
RCP04368,Indian Bread Special 202,Indian,breakfast,True,658,11,37,16,4,340,5.94,16.58
RCP04369,Indian Bread Special 203,Indian,breakfast,False,375,22,60,26,10,394,6.3,19.27
RCP04370,Naan,Indian,breakfast,False,513,48,72,31,9,538,6.3,12.03
RCP04371,Dal Tadka,Indian,dinner,False,643,45,73,18,12,591,4.68,10.58
RCP04372,Indian Bread Special 206,Indian,breakfast,False,319,30,54,39,10,1297,6.3,10.65
RCP04373,Indian Bread Special 207,Indian,breakfast,False,298,45,67,39,14,392,3.78,4.91
RCP04374,Chole Bhature,Indian,breakfast,False,492,49,55,23,5,227,6.3,18.12
RCP04375,Indian Bread Special 209,Indian,breakfast,False,750,26,47,33,10,914,5.76,19.52
RCP04376,Masala Dosa,Indian,breakfast,False,494,28,61,29,5,1391,2.52,2.74
RCP04377,Masala Dosa,Indian,breakfast,True,388,12,31,19,3,216,2.7,3.63
RCP04378,Rogan Josh,Indian,dinner,False,302,44,34,38,2,1184,6.66,20.41
RCP04379,Naan,Indian,breakfast,True,751,16,55,28,6,571,4.5,4.14
RCP04380,Indian Bread Special 214,Indian,breakfast,False,263,43,36,38,7,1460,5.22,9.33
RCP04381,Indian Bread Special 215,Indian,breakfast,False,483,40,36,24,4,788,7.02,6.64
RCP04382,Indian Bread Special 216,Indian,breakfast,False,646,42,75,19,10,1250,3.42,10.85
RCP04383,Indian Bread Special 217,Indian,breakfast,False,271,40,67,30,14,1015,3.42,21.6
RCP04384,Naan,Indian,breakfast,False,687,30,60,17,6,718,5.22,16.34
RCP04385,Samosa,Indian,morning_snack,False,770,6,54,15,13,960,3.06,20.75
RCP04386,Dal Tadka,Indian,dinner,False,556,39,68,15,12,854,6.12,16.23
RCP04387,Indian Bread Special 221,Indian,breakfast,True,702,13,75,14,10,498,3.6,10.14
RCP04388,Indian Bread Special 222,Indian,breakfast,False,423,29,55,27,11,507,6.12,10.04
RCP04389,Biryani,Indian,dinner,False,268,25,53,16,4,585,6.66,23.71
RCP04390,Indian Bread Special 224,Indian,breakfast,False,223,35,50,28,4,618,3.42,4.68
RCP04391,Indian Bread Special 225,Indian,breakfast,False,438,33,63,38,3,628,3.6,15.03
RCP04392,Indian Bread Special 226,Indian,breakfast,False,787,13,64,11,10,231,1.98,19.52
RCP04393,Indian Bread Special 227,Indian,breakfast,False,532,23,73,31,9,1023,6.66,19.18
RCP04394,Idli,Indian,breakfast,False,206,34,67,16,5,1197,2.88,2.42
RCP04395,Vindaloo,Indian,dinner,False,558,26,78,33,14,1342,5.4,5.72
RCP04396,Biryani,Indian,dinner,False,210,49,32,25,12,1009,3.42,13.47
RCP04397,Vindaloo,Indian,dinner,False,178,12,30,19,5,1492,6.12,19.37
RCP04398,Idli,Indian,breakfast,False,527,38,73,32,6,1231,7.02,23.38
RCP04399,Butter Chicken,Indian,dinner,False,488,30,47,32,2,359,1.98,7.87
RCP04400,Indian Bread Special 234,Indian,breakfast,False,234,41,31,27,10,1374,6.3,7.02
RCP04401,Paneer Tikka,Indian,morning_snack,False,230,10,53,13,4,529,4.68,14.02
RCP04402,Indian Bread Special 236,Indian,breakfast,False,446,20,50,31,4,833,3.6,18.88
RCP04403,Indian Bread Special 237,Indian,breakfast,False,166,32,68,25,11,1230,3.06,13.75
RCP04404,Gulab Jamun,Indian,morning_snack,False,225,28,62,38,11,541,1.98,22.93
RCP04405,Indian Bread Special 239,Indian,breakfast,False,799,20,78,16,9,473,6.48,2.89
RCP04406,Masala Dosa,Indian,breakfast,False,293,46,50,35,4,1213,6.48,19.55
RCP04407,Biryani,Indian,dinner,True,634,17,63,15,9,1020,2.16,5.07
RCP04408,Indian Bread Special 242,Indian,breakfast,False,257,35,65,32,7,409,6.12,24.68
RCP04409,Rogan Josh,Indian,dinner,False,209,19,50,28,14,1284,4.14,17.86
RCP04410,Chole Bhature,Indian,breakfast,False,351,41,40,23,14,1119,6.48,17.7
RCP04411,Biryani,Indian,dinner,False,301,22,54,26,7,492,6.48,4.32
RCP04412,Indian Bread Special 246,Indian,breakfast,False,456,30,47,18,9,1257,3.78,6.68
RCP04413,Indian Bread Special 247,Indian,breakfast,False,237,23,51,27,12,1347,3.42,13.42
RCP04414,Paneer Tikka,Indian,morning_snack,False,432,8,76,17,14,471,6.3,24.02
RCP04415,Dosa,Indian,breakfast,False,348,23,61,17,3,888,6.48,21.28
RCP04416,Idli,Indian,breakfast,False,207,48,69,29,2,1179,2.88,11.76
RCP04417,Dal Tadka,Indian,dinner,False,282,20,72,19,7,1347,3.6,22.21
RCP04418,Masala Dosa,Indian,breakfast,False,609,23,57,18,7,262,3.42,16.48
RCP04419,Gulab Jamun,Indian,morning_snack,False,607,15,41,25,2,742,6.12,10.29
RCP04420,Butter Chicken,Indian,dinner,False,789,17,73,14,7,1373,2.7,24.78
RCP04421,Masala Dosa,Indian,breakfast,False,694,24,53,31,11,1183,2.16,10.5
RCP04422,Indian Bread Special 256,Indian,breakfast,False,614,20,56,35,2,1423,6.48,22.56
RCP04423,Rogan Josh,Indian,dinner,False,559,44,30,26,7,631,5.22,6.54
RCP04424,Vindaloo,Indian,dinner,False,594,35,62,33,10,877,5.22,14.13
RCP04425,Idli,Indian,breakfast,False,551,24,40,24,8,426,6.66,22.41
RCP04426,Indian Bread Special 260,Indian,breakfast,False,705,36,47,36,3,1096,4.14,8.23
RCP04427,Vindaloo,Indian,dinner,False,625,36,60,35,11,1130,6.84,6.38
RCP04428,Indian Bread Special 262,Indian,breakfast,False,593,7,54,10,6,576,3.24,17.94
RCP04429,Dal Tadka,Indian,dinner,False,624,19,46,22,13,725,1.98,20.47
RCP04430,Dal Tadka,Indian,dinner,False,310,33,50,26,6,304,4.14,5.69
RCP04431,Chole Bhature,Indian,breakfast,False,698,13,36,19,13,289,3.6,8.45
RCP04432,Indian Bread Special 266,Indian,breakfast,False,231,36,76,27,3,220,3.42,7.74
RCP04433,Indian Bread Special 267,Indian,breakfast,True,257,14,34,23,8,602,6.48,19.79
RCP04434,Dal Tadka,Indian,dinner,False,152,45,59,23,10,503,2.88,8.12
RCP04435,Naan,Indian,breakfast,False,361,29,45,18,5,723,3.78,2.76
RCP04436,Chole Bhature,Indian,breakfast,True,602,14,41,11,8,960,4.68,24.03
RCP04437,Dal Tadka,Indian,dinner,True,510,17,60,15,11,1120,6.12,8.29
RCP04438,Gulab Jamun,Indian,morning_snack,False,718,18,50,17,9,242,6.66,21.37
RCP04439,Idli,Indian,breakfast,False,233,17,62,15,2,301,5.04,17.2
RCP04440,Paneer Tikka,Indian,morning_snack,False,220,18,59,20,12,1151,5.4,13.9
RCP04441,Masala Dosa,Indian,breakfast,True,758,11,75,23,4,1306,5.22,3.17
RCP04442,Paneer Tikka,Indian,morning_snack,False,426,7,66,20,6,1102,5.04,3.75
RCP04443,Vindaloo,Indian,dinner,False,484,32,71,34,2,216,2.7,2.96
RCP04444,Indian Bread Special 278,Indian,breakfast,True,239,13,30,20,8,471,5.76,11.07
RCP04445,Biryani,Indian,dinner,False,668,40,71,37,10,293,4.5,10.74
RCP04446,Dal Tadka,Indian,dinner,True,398,15,31,21,9,545,3.78,21.69
RCP04447,Idli,Indian,breakfast,True,625,18,79,15,2,238,4.14,15.49
RCP04448,Indian Bread Special 282,Indian,breakfast,False,409,42,68,30,8,879,4.86,17.01
RCP04449,Indian Bread Special 283,Indian,breakfast,False,475,24,60,17,3,655,3.06,10.24
RCP04450,Indian Bread Special 284,Indian,breakfast,False,488,48,77,19,12,951,2.52,3.98
RCP04451,Vindaloo,Indian,dinner,False,562,40,60,20,4,1300,4.86,18.68
RCP04452,Samosa,Indian,morning_snack,False,570,20,43,28,5,1476,6.66,20.89
RCP04453,Indian Bread Special 287,Indian,breakfast,False,250,26,63,37,4,566,6.12,7.19
RCP04454,Idli,Indian,breakfast,False,523,21,58,24,13,1276,3.24,13.56
RCP04455,Idli,Indian,breakfast,True,371,7,56,28,4,621,4.14,24.7
RCP04456,Samosa,Indian,morning_snack,False,275,34,52,33,9,551,3.24,3.39
RCP04457,Butter Chicken,Indian,dinner,False,581,42,66,29,13,863,4.68,14.27
RCP04458,Dosa,Indian,breakfast,False,509,43,48,35,6,1060,3.24,4.15
RCP04459,Indian Bread Special 293,Indian,breakfast,False,602,23,62,17,9,205,3.96,21.76
RCP04460,Biryani,Indian,dinner,False,687,15,61,20,11,220,5.4,8.96
RCP04461,Indian Bread Special 295,Indian,breakfast,False,607,14,62,29,2,410,3.06,23.53
RCP04462,Butter Chicken,Indian,dinner,False,260,49,47,24,8,583,4.14,24.83
RCP04463,Idli,Indian,breakfast,False,630,26,40,32,7,1028,6.66,21.01
RCP04464,Indian Bread Special 298,Indian,breakfast,False,289,21,71,32,13,1455,2.34,13.15
RCP04465,Indian Bread Special 299,Indian,breakfast,False,230,48,53,25,11,1447,3.24,10.99
RCP04466,Idli,Indian,breakfast,False,675,40,38,26,3,1224,6.12,16.24
RCP04467,Gulab Jamun,Indian,morning_snack,False,635,33,59,28,5,330,2.52,23.83
RCP04468,Indian Bread Special 302,Indian,breakfast,False,687,47,62,26,7,1318,4.14,20.58
RCP04469,Idli,Indian,breakfast,True,312,5,34,28,14,653,2.34,3.86
RCP04470,Idli,Indian,breakfast,True,459,12,54,18,14,1442,5.76,17.27
RCP04471,Indian Bread Special 305,Indian,breakfast,False,550,40,49,23,4,1045,4.14,22.11
RCP04472,Indian Bread Special 306,Indian,breakfast,False,250,39,32,33,13,414,3.96,23.6
RCP04473,Indian Bread Special 307,Indian,breakfast,False,335,21,66,31,14,200,4.86,6.89
RCP04474,Indian Bread Special 308,Indian,breakfast,True,194,11,79,27,12,769,2.16,9.6
RCP04475,Idli,Indian,breakfast,False,564,48,45,31,10,268,2.52,12.64
RCP04476,Rogan Josh,Indian,dinner,False,230,34,51,15,4,1242,6.84,8.08
RCP04477,Chole Bhature,Indian,breakfast,False,284,45,74,16,10,830,6.66,14.39
RCP04478,Chole Bhature,Indian,breakfast,True,286,8,55,22,2,1356,4.14,5.64
RCP04479,Biryani,Indian,dinner,True,212,12,67,12,2,255,5.4,18.21
RCP04480,Indian Bread Special 314,Indian,breakfast,False,256,43,77,31,13,1418,4.32,7.4
RCP04481,Dal Tadka,Indian,dinner,False,678,24,62,37,10,660,3.06,14.28
RCP04482,Samosa,Indian,morning_snack,False,604,32,77,27,3,1378,4.14,17.07
RCP04483,Biryani,Indian,dinner,False,740,39,33,37,2,1481,1.98,4.22
RCP04484,Masala Dosa,Indian,breakfast,False,748,38,68,36,6,1436,4.86,4.46
RCP04485,Vindaloo,Indian,dinner,False,726,35,58,25,12,766,3.06,13.86
RCP04486,Samosa,Indian,morning_snack,False,466,25,52,35,9,1171,5.76,13.69
RCP04487,Paneer Tikka,Indian,morning_snack,False,190,21,79,24,12,278,3.96,11.48
RCP04488,Tandoori Chicken,Indian,morning_snack,False,696,11,43,11,10,1430,3.96,21.23
RCP04489,Indian Bread Special 323,Indian,breakfast,False,355,10,53,20,10,862,6.12,3.18
RCP04490,Rogan Josh,Indian,dinner,False,772,47,46,33,8,1004,3.6,15.47
RCP04491,Vindaloo,Indian,dinner,False,226,41,30,21,4,258,3.78,4.49
RCP04492,Biryani,Indian,dinner,False,440,30,69,39,10,1244,4.68,7.53
RCP04493,Vindaloo,Indian,dinner,False,449,34,59,30,9,1044,4.68,3.0
RCP04494,Indian Bread Special 328,Indian,breakfast,False,335,47,54,27,9,464,3.78,2.52
RCP04495,Chole Bhature,Indian,breakfast,False,214,22,46,31,11,215,2.34,6.93
RCP04496,Rogan Josh,Indian,dinner,False,435,24,56,18,8,1105,2.34,21.97
RCP04497,Idli,Indian,breakfast,True,352,10,59,15,10,600,3.24,14.63
RCP04498,Dal Tadka,Indian,dinner,True,616,9,34,26,5,1201,6.12,4.38
RCP04499,Indian Bread Special 333,Indian,breakfast,True,677,10,54,24,6,582,5.94,13.21
RCP04500,Naan,Indian,breakfast,False,225,21,50,34,8,201,3.24,5.01
RCP04501,Tandoori Chicken,Indian,morning_snack,False,519,18,45,28,5,461,3.42,21.27
RCP04502,Dosa,Indian,breakfast,False,676,45,69,25,14,744,5.4,2.07
RCP04503,Butter Chicken,Indian,dinner,False,755,42,48,15,3,546,5.04,22.64
RCP04504,Rogan Josh,Indian,dinner,False,156,42,71,35,5,977,5.4,8.82
RCP04505,Rogan Josh,Indian,dinner,False,177,43,47,20,14,770,3.96,6.78
RCP04506,Indian Bread Special 340,Indian,breakfast,False,634,15,72,21,14,1447,6.84,6.86
RCP04507,Dal Tadka,Indian,dinner,True,693,5,51,24,2,1131,6.48,4.06
RCP04508,Rogan Josh,Indian,dinner,False,655,11,79,17,9,1347,3.06,23.26
RCP04509,Indian Bread Special 343,Indian,breakfast,False,605,31,34,36,11,923,3.6,17.7
RCP04510,Dal Tadka,Indian,dinner,True,496,13,42,22,12,236,4.14,8.92
RCP04511,Chole Bhature,Indian,breakfast,False,404,5,65,28,2,1418,4.68,3.34
RCP04512,Chole Bhature,Indian,breakfast,False,739,47,77,15,11,522,4.86,22.9
RCP04513,Butter Chicken,Indian,dinner,False,542,47,53,33,10,528,3.96,12.47
RCP04514,Rogan Josh,Indian,dinner,False,453,5,53,15,14,824,2.88,5.36
RCP04515,Indian Bread Special 349,Indian,breakfast,False,219,21,71,37,5,1317,3.06,13.89
RCP04516,Indian Bread Special 350,Indian,breakfast,False,786,44,41,24,13,1145,6.48,3.5
RCP04517,Biryani,Indian,dinner,True,573,11,53,18,11,776,5.4,7.95
RCP04518,Vindaloo,Indian,dinner,False,463,17,75,19,10,490,5.58,9.04
RCP04519,Samosa,Indian,morning_snack,False,633,7,73,16,2,1113,2.7,5.29
RCP04520,Indian Bread Special 354,Indian,breakfast,False,400,38,69,29,7,918,2.34,12.14
RCP04521,Gulab Jamun,Indian,morning_snack,True,603,14,61,14,7,1148,6.3,12.25
RCP04522,Tandoori Chicken,Indian,morning_snack,False,371,20,45,29,12,388,6.3,4.25
RCP04523,Naan,Indian,breakfast,False,473,28,68,28,6,1414,4.32,13.92
RCP04524,Samosa,Indian,morning_snack,False,546,40,40,29,14,1481,3.96,23.87
RCP04525,Indian Bread Special 359,Indian,breakfast,False,404,44,35,17,4,1252,5.4,11.64
RCP04526,Indian Bread Special 360,Indian,breakfast,False,496,35,66,18,3,786,2.7,9.35
RCP04527,Samosa,Indian,morning_snack,False,698,49,49,35,10,1371,4.14,21.94
RCP04528,Indian Bread Special 362,Indian,breakfast,True,159,10,33,29,14,380,2.52,23.75
RCP04529,Dosa,Indian,breakfast,True,762,19,42,16,4,950,5.04,24.18
RCP04530,Dal Tadka,Indian,dinner,False,661,37,74,15,7,1466,2.16,3.38
RCP04531,Indian Bread Special 365,Indian,breakfast,True,664,8,70,27,13,779,3.6,24.69
RCP04532,Indian Bread Special 366,Indian,breakfast,True,606,15,69,26,12,657,4.32,24.6
RCP04533,Gulab Jamun,Indian,morning_snack,True,687,7,71,15,12,1051,6.84,21.26
RCP04534,Gulab Jamun,Indian,morning_snack,False,482,17,70,13,10,1131,2.34,3.1
RCP04535,Butter Chicken,Indian,dinner,False,361,20,47,21,14,1356,5.04,23.95
RCP04536,Paneer Tikka,Indian,morning_snack,False,539,35,54,18,3,766,2.7,23.88
RCP04537,Tandoori Chicken,Indian,morning_snack,False,358,6,78,16,2,1090,2.34,4.88
RCP04538,Rogan Josh,Indian,dinner,False,520,20,44,24,4,1245,5.94,10.2
RCP04539,Indian Bread Special 373,Indian,breakfast,False,241,24,37,17,4,734,2.16,23.9
RCP04540,Dal Tadka,Indian,dinner,False,524,23,33,26,7,320,2.16,12.93
RCP04541,Biryani,Indian,dinner,False,686,16,67,26,5,270,6.12,6.55
RCP04542,Indian Bread Special 376,Indian,breakfast,False,616,35,31,29,11,1287,7.02,24.4
RCP04543,Dal Tadka,Indian,dinner,False,682,16,41,10,11,837,3.6,13.25
RCP04544,Indian Bread Special 378,Indian,breakfast,False,776,20,77,20,5,428,6.84,2.57
RCP04545,Masala Dosa,Indian,breakfast,False,624,25,53,16,11,1260,2.52,7.58
RCP04546,Indian Bread Special 380,Indian,breakfast,False,705,25,55,30,2,293,3.42,7.43
RCP04547,Naan,Indian,breakfast,False,370,41,67,38,3,860,4.68,9.31
RCP04548,Paneer Tikka,Indian,morning_snack,False,307,23,44,36,10,758,4.14,6.78
RCP04549,Biryani,Indian,dinner,False,541,35,64,26,11,601,5.94,13.38
RCP04550,Biryani,Indian,dinner,False,502,28,44,27,3,249,7.02,9.75
RCP04551,Indian Bread Special 385,Indian,breakfast,False,314,29,49,35,9,992,5.94,12.05
RCP04552,Indian Bread Special 386,Indian,breakfast,False,287,28,40,33,7,258,3.78,4.16
RCP04553,Indian Bread Special 387,Indian,breakfast,True,478,18,62,10,4,276,3.06,6.97
RCP04554,Vindaloo,Indian,dinner,False,293,45,59,35,2,1335,5.76,22.8
RCP04555,Samosa,Indian,morning_snack,False,240,42,55,29,11,756,4.68,11.58
RCP04556,Tandoori Chicken,Indian,morning_snack,False,790,32,46,18,2,708,6.66,4.85
RCP04557,Dosa,Indian,breakfast,True,301,5,51,24,7,315,4.14,19.95
RCP04558,Indian Bread Special 392,Indian,breakfast,False,209,17,37,21,13,1264,2.34,5.92
RCP04559,Masala Dosa,Indian,breakfast,False,156,34,66,26,11,827,4.86,12.6
RCP04560,Biryani,Indian,dinner,False,406,39,62,24,7,1097,2.34,5.38
RCP04561,Tandoori Chicken,Indian,morning_snack,False,374,47,59,19,2,356,2.88,4.9
RCP04562,Dosa,Indian,breakfast,False,596,7,62,22,9,290,5.94,6.53
RCP04563,Biryani,Indian,dinner,False,484,10,51,15,2,633,4.14,24.64
RCP04564,Indian Bread Special 398,Indian,breakfast,False,392,49,70,38,8,1192,5.4,10.22
RCP04565,Indian Bread Special 399,Indian,breakfast,False,566,27,36,37,4,1458,5.22,4.26
RCP04566,Biryani,Indian,dinner,True,463,12,51,29,12,1428,7.02,3.03
RCP04567,Indian Bread Special 401,Indian,breakfast,False,445,23,75,25,13,945,2.88,11.38
RCP04568,Vindaloo,Indian,dinner,False,376,34,70,38,9,1470,5.76,7.19
RCP04569,Indian Bread Special 403,Indian,breakfast,False,716,30,48,30,3,670,5.4,11.48
RCP04570,Indian Bread Special 404,Indian,breakfast,False,288,46,47,27,11,358,2.34,24.17
RCP04571,Dal Tadka,Indian,dinner,False,259,43,68,28,10,275,6.84,21.65
RCP04572,Indian Bread Special 406,Indian,breakfast,False,314,20,77,17,5,914,4.86,23.81
RCP04573,Samosa,Indian,morning_snack,False,152,35,79,33,4,411,2.52,3.13
RCP04574,Gulab Jamun,Indian,morning_snack,False,552,46,55,35,4,1097,2.7,4.07
RCP04575,Naan,Indian,breakfast,False,414,21,49,38,4,1258,2.88,5.11
RCP04576,Tandoori Chicken,Indian,morning_snack,False,450,46,56,31,3,989,6.48,13.0
RCP04577,Tandoori Chicken,Indian,morning_snack,False,493,36,49,36,7,1038,3.24,18.58
RCP04578,Gulab Jamun,Indian,morning_snack,False,400,12,37,18,2,678,1.98,24.48
RCP04579,Indian Bread Special 413,Indian,breakfast,False,239,7,34,26,9,587,2.52,7.72
RCP04580,Naan,Indian,breakfast,False,218,43,33,25,8,1274,6.48,9.75
RCP04581,Vindaloo,Indian,dinner,False,443,7,75,27,11,1440,3.42,14.42
RCP04582,Tandoori Chicken,Indian,morning_snack,False,480,5,53,11,7,342,6.12,7.93
RCP04583,Biryani,Indian,dinner,False,329,29,56,34,11,1392,4.14,10.38
RCP04584,Gulab Jamun,Indian,morning_snack,False,688,32,63,30,8,1233,5.22,10.1
RCP04585,Indian Bread Special 419,Indian,breakfast,False,251,44,41,25,8,918,6.48,5.21
RCP04586,Chole Bhature,Indian,breakfast,False,204,35,59,19,7,1426,6.48,13.17
RCP04587,Biryani,Indian,dinner,True,325,19,41,27,2,463,7.02,16.16
RCP04588,Indian Bread Special 422,Indian,breakfast,False,615,49,55,39,8,984,2.34,13.55
RCP04589,Masala Dosa,Indian,breakfast,True,640,10,30,18,14,636,6.48,19.38
RCP04590,Indian Bread Special 424,Indian,breakfast,False,172,49,72,29,10,437,4.68,2.69
RCP04591,Rogan Josh,Indian,dinner,False,153,17,73,16,13,823,6.12,5.37
RCP04592,Samosa,Indian,morning_snack,False,536,35,43,16,9,1073,5.58,7.72
RCP04593,Indian Bread Special 427,Indian,breakfast,False,351,41,57,17,14,1424,5.4,19.21
RCP04594,Chole Bhature,Indian,breakfast,False,685,32,67,20,13,807,5.4,11.85
RCP04595,Chole Bhature,Indian,breakfast,False,646,18,51,19,10,851,6.84,10.96
RCP04596,Butter Chicken,Indian,dinner,False,439,33,47,15,5,392,3.78,20.58
RCP04597,Dal Tadka,Indian,dinner,False,256,39,39,25,5,966,3.78,22.74
RCP04598,Rogan Josh,Indian,dinner,False,349,14,33,11,5,766,5.58,22.27
RCP04599,Butter Chicken,Indian,dinner,False,560,14,42,27,2,1143,1.98,15.57
RCP04600,Samosa,Indian,morning_snack,False,272,32,56,31,14,1312,2.34,24.29
RCP04601,Naan,Indian,breakfast,True,647,9,68,29,12,291,6.48,18.33
RCP04602,Dosa,Indian,breakfast,True,180,18,70,27,7,481,5.22,10.42
RCP04603,Indian Bread Special 437,Indian,breakfast,False,683,23,37,26,12,496,5.04,22.13
RCP04604,Indian Bread Special 438,Indian,breakfast,False,224,45,62,32,12,964,3.24,19.59
RCP04605,Paneer Tikka,Indian,morning_snack,False,176,47,44,22,12,644,5.04,21.4
RCP04606,Indian Bread Special 440,Indian,breakfast,True,457,11,64,22,12,471,4.14,25.0
RCP04607,Butter Chicken,Indian,dinner,False,541,12,45,13,2,912,5.04,12.81
RCP04608,Indian Bread Special 442,Indian,breakfast,False,446,43,35,33,7,1272,3.6,20.6
RCP04609,Chole Bhature,Indian,breakfast,False,759,17,31,10,2,1135,4.32,10.69
RCP04610,Indian Bread Special 444,Indian,breakfast,False,235,35,64,21,7,784,2.52,12.6
RCP04611,Chole Bhature,Indian,breakfast,False,327,30,38,32,6,853,5.94,4.84
RCP04612,Rogan Josh,Indian,dinner,False,189,29,76,28,2,964,2.34,18.37
RCP04613,Rogan Josh,Indian,dinner,False,676,8,53,23,9,738,2.52,8.91
RCP04614,Indian Bread Special 448,Indian,breakfast,True,244,17,75,12,12,649,5.04,21.77
RCP04615,Dosa,Indian,breakfast,False,364,28,44,35,13,1040,7.02,21.45
RCP04616,Idli,Indian,breakfast,True,788,10,73,12,7,889,5.22,14.12
RCP04617,Gulab Jamun,Indian,morning_snack,False,307,47,76,32,9,1477,6.3,19.49
RCP04618,Rogan Josh,Indian,dinner,False,297,26,54,17,9,1167,1.8,11.0
RCP04619,Indian Bread Special 453,Indian,breakfast,False,264,41,74,34,11,1258,6.12,2.96
RCP04620,Idli,Indian,breakfast,False,282,48,46,17,10,1214,5.94,23.84
RCP04621,Samosa,Indian,morning_snack,True,459,5,49,10,7,561,5.76,15.39
RCP04622,Vindaloo,Indian,dinner,False,194,16,51,16,12,216,4.32,9.01
RCP04623,Indian Bread Special 457,Indian,breakfast,False,760,30,68,37,3,413,4.68,24.18
RCP04624,Indian Bread Special 458,Indian,breakfast,False,475,22,74,36,11,1338,5.94,16.97
RCP04625,Indian Bread Special 459,Indian,breakfast,False,305,33,44,27,13,1458,2.7,17.17
RCP04626,Samosa,Indian,morning_snack,False,422,25,38,31,14,658,5.58,8.33
RCP04627,Indian Bread Special 461,Indian,breakfast,True,225,12,68,25,2,1467,4.5,15.48
RCP04628,Indian Bread Special 462,Indian,breakfast,False,752,20,53,22,11,911,5.22,4.36
RCP04629,Indian Bread Special 463,Indian,breakfast,False,710,14,34,14,7,361,3.6,11.58
RCP04630,Tandoori Chicken,Indian,morning_snack,False,184,26,77,27,14,1490,3.42,15.65
RCP04631,Indian Bread Special 465,Indian,breakfast,False,439,25,32,15,2,845,3.6,5.11
RCP04632,Indian Bread Special 466,Indian,breakfast,True,254,12,78,27,6,688,2.88,14.57
RCP04633,Tandoori Chicken,Indian,morning_snack,False,599,26,50,32,4,506,5.22,4.25
RCP04634,Indian Bread Special 468,Indian,breakfast,False,754,40,78,35,10,1101,3.24,8.63
RCP04635,Paneer Tikka,Indian,morning_snack,False,727,35,68,37,6,1448,5.22,18.19
RCP04636,Indian Bread Special 470,Indian,breakfast,False,327,22,60,26,14,984,3.78,5.49
RCP04637,Rogan Josh,Indian,dinner,False,545,29,45,38,11,833,5.94,11.82
RCP04638,Idli,Indian,breakfast,False,716,46,51,15,4,208,2.88,11.09
RCP04639,Indian Bread Special 473,Indian,breakfast,False,519,46,69,20,9,1226,3.78,3.63
RCP04640,Indian Bread Special 474,Indian,breakfast,True,592,17,79,14,2,1373,6.3,16.83
RCP04641,Masala Dosa,Indian,breakfast,True,215,15,46,14,7,988,6.12,21.76
RCP04642,Indian Bread Special 476,Indian,breakfast,False,226,32,79,34,11,1291,6.3,2.4
RCP04643,Tandoori Chicken,Indian,morning_snack,False,640,8,46,28,2,1259,2.88,17.03
RCP04644,Idli,Indian,breakfast,False,543,45,42,17,4,760,4.32,2.11
RCP04645,Butter Chicken,Indian,dinner,False,581,16,50,24,7,1064,3.96,18.35
RCP04646,Indian Bread Special 480,Indian,breakfast,False,251,31,58,30,2,1073,5.4,2.21
RCP04647,Dal Tadka,Indian,dinner,False,321,48,47,28,5,1299,3.06,11.06
RCP04648,Indian Bread Special 482,Indian,breakfast,False,633,48,37,25,14,1418,4.68,13.6
RCP04649,Dosa,Indian,breakfast,True,688,14,38,26,12,1177,2.52,13.6
RCP04650,Indian Bread Special 484,Indian,breakfast,False,761,34,54,17,8,287,6.84,24.5
RCP04651,Samosa,Indian,morning_snack,True,525,13,70,24,5,646,5.04,2.11
RCP04652,Butter Chicken,Indian,dinner,False,557,6,46,27,5,1223,6.66,7.47
RCP04653,Indian Bread Special 487,Indian,breakfast,False,576,33,42,31,2,1004,4.5,20.15
RCP04654,Idli,Indian,breakfast,False,557,22,79,32,11,902,2.7,3.79
RCP04655,Dosa,Indian,breakfast,False,674,24,37,22,4,1460,6.48,13.06
RCP04656,Indian Bread Special 490,Indian,breakfast,False,791,18,73,26,2,1316,5.4,19.09
RCP04657,Indian Bread Special 491,Indian,breakfast,False,378,14,54,27,6,534,1.98,22.3
RCP04658,Dal Tadka,Indian,dinner,False,518,42,77,30,12,935,2.52,5.13
RCP04659,Dosa,Indian,breakfast,False,534,5,78,29,6,510,2.7,2.76
RCP04660,Paneer Tikka,Indian,morning_snack,False,572,45,61,19,5,1021,6.3,7.85
RCP04661,Rogan Josh,Indian,dinner,False,265,45,49,23,6,422,3.42,8.77
RCP04662,Naan,Indian,breakfast,False,377,43,63,20,3,401,5.94,20.91
RCP04663,Biryani,Indian,dinner,False,345,17,74,27,8,544,5.94,12.63
RCP04664,Naan,Indian,breakfast,True,416,10,43,14,6,1225,2.34,24.61
RCP04665,Indian Bread Special 499,Indian,breakfast,False,675,26,40,28,6,858,5.76,19.92
RCP04666,Indian Bread Special 500,Indian,breakfast,False,380,46,46,20,12,762,3.78,7.87
RCP04667,Indian Bread Special 501,Indian,breakfast,False,304,8,58,19,13,1021,5.58,9.15
RCP04668,Dosa,Indian,breakfast,False,475,32,56,22,8,604,5.76,24.9
RCP04669,Masala Dosa,Indian,breakfast,False,224,32,69,20,2,438,4.5,21.77
RCP04670,Samosa,Indian,morning_snack,False,605,41,69,28,9,1040,2.34,12.85
RCP04671,Tandoori Chicken,Indian,morning_snack,False,408,21,49,39,2,285,4.14,2.65
RCP04672,Gulab Jamun,Indian,morning_snack,False,699,18,76,19,6,444,4.32,12.21
RCP04673,Chole Bhature,Indian,breakfast,False,625,25,58,21,8,249,5.94,24.41
RCP04674,Dosa,Indian,breakfast,True,275,9,69,26,13,576,5.22,23.57
RCP04675,Naan,Indian,breakfast,False,742,20,48,24,11,1044,4.32,2.3
RCP04676,Gulab Jamun,Indian,morning_snack,True,298,16,45,19,7,957,3.42,4.9
RCP04677,Idli,Indian,breakfast,False,745,46,73,19,8,544,4.14,4.22
RCP04678,Chole Bhature,Indian,breakfast,True,443,11,69,27,9,1385,6.12,24.08
RCP04679,Biryani,Indian,dinner,False,568,43,64,29,12,1303,3.6,13.91
RCP04680,Dosa,Indian,breakfast,False,644,35,37,36,13,1074,2.52,8.24
RCP04681,Vindaloo,Indian,dinner,False,474,23,40,31,14,388,3.96,23.11
RCP04682,Butter Chicken,Indian,dinner,False,464,45,67,23,12,992,5.22,7.7
RCP04683,Indian Bread Special 517,Indian,breakfast,True,322,10,66,17,8,1075,2.88,12.76
RCP04684,Dal Tadka,Indian,dinner,False,396,39,69,38,13,924,1.98,7.83
RCP04685,Paneer Tikka,Indian,morning_snack,False,672,32,71,20,4,609,5.22,18.77
RCP04686,Samosa,Indian,morning_snack,True,725,19,50,24,9,271,5.76,13.04
RCP04687,Indian Bread Special 521,Indian,breakfast,False,430,46,48,27,11,262,1.8,10.83
RCP04688,Indian Bread Special 522,Indian,breakfast,False,295,25,39,17,10,1370,4.5,17.05
RCP04689,Idli,Indian,breakfast,True,504,7,33,20,7,1092,2.34,6.45
RCP04690,Masala Dosa,Indian,breakfast,False,408,39,58,22,13,1284,2.52,16.42
RCP04691,Butter Chicken,Indian,dinner,False,272,25,53,19,3,851,3.42,19.92
RCP04692,Gulab Jamun,Indian,morning_snack,False,724,32,57,37,12,738,4.14,21.55
RCP04693,Chole Bhature,Indian,breakfast,False,406,25,47,23,6,1342,2.16,19.8
RCP04694,Chole Bhature,Indian,breakfast,True,204,17,48,23,13,1365,6.66,18.1
RCP04695,Indian Bread Special 529,Indian,breakfast,False,281,33,55,28,10,247,2.88,3.71
RCP04696,Dal Tadka,Indian,dinner,False,246,42,63,23,10,814,1.8,8.12
RCP04697,Indian Bread Special 531,Indian,breakfast,False,447,31,56,34,2,1271,4.14,2.02
RCP04698,Indian Bread Special 532,Indian,breakfast,False,677,40,68,36,12,816,3.06,8.64
RCP04699,Indian Bread Special 533,Indian,breakfast,False,279,41,33,27,4,1440,5.58,21.14
RCP04700,Naan,Indian,breakfast,False,371,27,61,26,6,871,5.4,22.38
RCP04701,Indian Bread Special 535,Indian,breakfast,True,308,7,30,19,2,1255,6.12,17.37
RCP04702,Indian Bread Special 536,Indian,breakfast,False,254,35,73,16,7,979,3.24,24.59
RCP04703,Samosa,Indian,morning_snack,False,451,24,62,38,7,1193,4.68,9.92
RCP04704,Idli,Indian,breakfast,True,749,14,59,14,14,790,5.04,7.31
RCP04705,Masala Dosa,Indian,breakfast,False,171,11,67,10,5,1455,1.8,12.48
RCP04706,Chole Bhature,Indian,breakfast,False,496,29,49,37,13,1283,5.58,11.5
RCP04707,Biryani,Indian,dinner,False,246,49,54,26,12,733,5.76,8.24
RCP04708,Tandoori Chicken,Indian,morning_snack,False,446,15,63,27,3,1294,5.58,9.44
RCP04709,Chole Bhature,Indian,breakfast,False,359,29,74,34,3,397,3.06,4.32
RCP04710,Masala Dosa,Indian,breakfast,False,674,44,35,33,2,646,7.02,11.07
RCP04711,Indian Bread Special 545,Indian,breakfast,False,493,49,39,28,2,370,3.06,2.87
RCP04712,Vindaloo,Indian,dinner,False,327,28,33,37,12,374,6.66,9.2
RCP04713,Indian Bread Special 547,Indian,breakfast,False,236,48,39,34,13,554,4.68,8.27
RCP04714,Masala Dosa,Indian,breakfast,False,634,32,68,35,13,730,6.66,22.87
RCP04715,Biryani,Indian,dinner,False,549,36,77,15,6,1008,6.84,10.7
RCP04716,Indian Bread Special 550,Indian,breakfast,True,296,15,40,15,12,690,4.68,2.37
RCP04717,Indian Bread Special 551,Indian,breakfast,False,312,44,71,26,9,290,5.76,8.67
RCP04718,Chole Bhature,Indian,breakfast,False,705,24,75,16,13,725,4.86,2.62
RCP04719,Rogan Josh,Indian,dinner,False,477,25,49,28,4,217,3.24,15.45
RCP04720,Chole Bhature,Indian,breakfast,False,629,38,37,23,3,855,6.3,21.86
RCP04721,Idli,Indian,breakfast,False,442,32,41,22,7,849,4.14,2.66
RCP04722,Indian Bread Special 556,Indian,breakfast,False,684,36,39,26,3,1127,4.14,10.7
RCP04723,Butter Chicken,Indian,dinner,False,337,7,49,14,12,1097,6.12,19.22
RCP04724,Dosa,Indian,breakfast,False,332,25,62,27,4,1471,3.06,20.4
RCP04725,Rogan Josh,Indian,dinner,False,484,8,50,16,7,1088,4.32,21.71
RCP04726,Butter Chicken,Indian,dinner,False,247,45,41,36,3,1398,4.86,15.63
RCP04727,Idli,Indian,breakfast,False,257,21,39,35,12,929,3.96,10.1
RCP04728,Butter Chicken,Indian,dinner,False,786,33,34,33,5,881,3.24,10.53
RCP04729,Tandoori Chicken,Indian,morning_snack,False,489,47,64,22,5,472,3.42,16.75
RCP04730,Gulab Jamun,Indian,morning_snack,False,378,48,63,19,13,528,3.6,3.71
RCP04731,Indian Bread Special 565,Indian,breakfast,False,795,47,75,34,2,465,6.66,7.85
RCP04732,Dal Tadka,Indian,dinner,True,440,10,49,29,3,602,3.96,22.19
RCP04733,Masala Dosa,Indian,breakfast,True,736,11,47,24,2,1057,5.94,20.95
RCP04734,Tandoori Chicken,Indian,morning_snack,False,476,19,37,12,4,583,6.12,5.43
RCP04735,Masala Dosa,Indian,breakfast,False,476,28,33,18,11,301,4.86,12.17
RCP04736,Indian Bread Special 570,Indian,breakfast,False,759,43,32,24,6,1469,6.48,7.58
RCP04737,Chole Bhature,Indian,breakfast,False,152,35,52,33,13,717,6.84,8.69
RCP04738,Butter Chicken,Indian,dinner,False,528,27,51,17,5,916,5.58,12.77
RCP04739,Vindaloo,Indian,dinner,False,545,37,79,21,13,780,3.42,22.32
RCP04740,Idli,Indian,breakfast,False,595,20,79,39,6,1374,3.24,6.48
RCP04741,Indian Bread Special 575,Indian,breakfast,False,530,35,38,21,7,562,4.86,3.59
RCP04742,Naan,Indian,breakfast,False,388,20,57,36,7,722,1.98,18.88
RCP04743,Gulab Jamun,Indian,morning_snack,False,790,35,73,39,2,648,3.96,9.37
RCP04744,Dosa,Indian,breakfast,False,766,21,40,31,4,1304,2.88,20.38
RCP04745,Dosa,Indian,breakfast,True,212,11,53,27,11,806,3.78,22.76
RCP04746,Dal Tadka,Indian,dinner,False,403,25,60,34,13,1153,6.66,13.55
RCP04747,Dosa,Indian,breakfast,False,382,41,76,27,9,1042,3.78,20.67
RCP04748,Chole Bhature,Indian,breakfast,False,649,41,70,17,13,615,3.42,4.99
RCP04749,Paneer Tikka,Indian,morning_snack,False,736,21,41,30,8,770,4.14,5.17
RCP04750,Samosa,Indian,morning_snack,False,683,37,35,32,5,577,2.7,19.69
RCP04751,Indian Desserts Special 2,Indian,morning_snack,False,710,16,79,15,4,1495,5.58,16.05
RCP04752,Indian Desserts Special 3,Indian,morning_snack,False,480,10,71,15,11,1463,1.8,19.34
RCP04753,Gulab Jamun,Indian,morning_snack,False,744,40,38,39,14,1451,2.52,18.0
RCP04754,Tandoori Chicken,Indian,morning_snack,False,510,44,33,37,8,675,2.34,23.19
RCP04755,Naan,Indian,breakfast,False,300,24,49,38,11,483,3.96,11.29
RCP04756,Masala Dosa,Indian,breakfast,True,265,13,64,13,4,1212,5.94,4.13
RCP04757,Chole Bhature,Indian,breakfast,True,432,17,61,10,2,921,5.04,7.41
RCP04758,Indian Desserts Special 9,Indian,morning_snack,False,594,40,62,39,7,988,3.96,23.83
RCP04759,Paneer Tikka,Indian,morning_snack,False,686,5,33,20,10,1263,3.06,21.95
RCP04760,Indian Desserts Special 11,Indian,morning_snack,True,722,13,59,26,11,863,3.6,5.79
RCP04761,Vindaloo,Indian,dinner,False,540,37,50,24,6,254,6.84,15.85
RCP04762,Indian Desserts Special 13,Indian,morning_snack,True,690,7,61,17,6,650,5.94,23.83
RCP04763,Masala Dosa,Indian,breakfast,False,601,32,56,20,9,1432,3.6,4.41
RCP04764,Idli,Indian,breakfast,True,226,7,64,28,2,302,6.84,22.69
RCP04765,Indian Desserts Special 16,Indian,morning_snack,False,361,35,47,25,10,461,4.68,6.11
RCP04766,Dal Tadka,Indian,dinner,False,369,35,69,32,7,406,2.34,11.16
RCP04767,Butter Chicken,Indian,dinner,False,181,18,75,20,14,1167,1.98,12.59
RCP04768,Idli,Indian,breakfast,True,313,9,30,17,12,921,6.12,16.16
RCP04769,Biryani,Indian,dinner,True,405,11,61,17,11,936,1.8,9.94
RCP04770,Rogan Josh,Indian,dinner,False,498,16,68,21,11,1043,2.34,5.7
RCP04771,Dosa,Indian,breakfast,True,454,13,35,28,2,306,7.02,17.19
RCP04772,Idli,Indian,breakfast,False,445,38,66,35,13,848,1.98,11.96
RCP04773,Tandoori Chicken,Indian,morning_snack,False,563,18,33,15,8,1370,2.16,21.9
RCP04774,Samosa,Indian,morning_snack,False,785,47,65,38,9,1180,5.76,8.12
RCP04775,Indian Desserts Special 26,Indian,morning_snack,False,283,30,42,33,2,952,3.24,13.36
RCP04776,Indian Desserts Special 27,Indian,morning_snack,False,426,49,63,15,12,1453,6.12,23.43
RCP04777,Dal Tadka,Indian,dinner,False,518,22,32,34,6,1498,3.42,23.95
RCP04778,Dal Tadka,Indian,dinner,False,692,35,66,15,6,334,2.52,14.31
RCP04779,Indian Desserts Special 30,Indian,morning_snack,False,291,32,33,29,11,1195,4.5,2.02
RCP04780,Indian Desserts Special 31,Indian,morning_snack,False,667,30,36,37,13,841,1.98,10.28
RCP04781,Chole Bhature,Indian,breakfast,False,542,43,52,29,3,1358,6.48,20.32
RCP04782,Gulab Jamun,Indian,morning_snack,True,740,7,58,18,14,357,1.98,13.97
RCP04783,Dal Tadka,Indian,dinner,False,566,49,60,39,4,1374,5.4,11.53
RCP04784,Gulab Jamun,Indian,morning_snack,False,604,32,75,23,13,1491,4.86,24.25
RCP04785,Tandoori Chicken,Indian,morning_snack,False,662,22,35,18,5,216,3.78,20.61
RCP04786,Dal Tadka,Indian,dinner,False,797,27,32,17,5,1467,2.52,14.03
RCP04787,Indian Desserts Special 38,Indian,morning_snack,True,482,12,62,21,3,225,4.68,4.31
RCP04788,Chole Bhature,Indian,breakfast,True,658,14,72,25,3,503,3.6,19.04
RCP04789,Dosa,Indian,breakfast,False,689,38,30,23,14,1061,5.94,12.56
RCP04790,Masala Dosa,Indian,breakfast,False,563,26,64,25,13,1254,2.34,14.09
RCP04791,Butter Chicken,Indian,dinner,False,182,23,75,37,9,1446,3.6,24.98
RCP04792,Biryani,Indian,dinner,False,765,23,67,20,7,1014,2.7,19.11
RCP04793,Chole Bhature,Indian,breakfast,False,321,31,61,27,9,890,5.04,11.74
RCP04794,Dal Tadka,Indian,dinner,True,799,8,42,21,6,210,4.32,2.71
RCP04795,Gulab Jamun,Indian,morning_snack,False,350,40,40,16,4,699,6.66,17.65
RCP04796,Indian Desserts Special 47,Indian,morning_snack,False,430,38,67,32,14,914,5.94,2.08
RCP04797,Biryani,Indian,dinner,True,798,12,76,20,7,221,1.98,6.25
RCP04798,Samosa,Indian,morning_snack,False,647,39,30,32,7,1102,2.7,11.34
RCP04799,Dal Tadka,Indian,dinner,False,181,47,58,39,9,681,5.04,6.34
RCP04800,Naan,Indian,breakfast,True,612,9,62,24,10,331,3.78,19.75
RCP04801,Samosa,Indian,morning_snack,False,525,20,58,33,8,908,4.86,24.22
RCP04802,Biryani,Indian,dinner,False,653,24,58,28,4,457,5.4,8.5
RCP04803,Indian Desserts Special 54,Indian,morning_snack,False,736,25,60,27,11,457,5.22,18.82
RCP04804,Paneer Tikka,Indian,morning_snack,False,266,16,79,25,4,849,4.68,14.43
RCP04805,Dosa,Indian,breakfast,False,753,40,62,21,11,656,3.78,17.68
RCP04806,Biryani,Indian,dinner,False,312,22,35,19,11,1219,5.94,20.45
RCP04807,Idli,Indian,breakfast,False,580,17,41,18,11,205,4.14,21.26
RCP04808,Indian Desserts Special 59,Indian,morning_snack,True,458,11,54,25,12,1024,4.32,12.96
RCP04809,Vindaloo,Indian,dinner,False,501,35,35,17,5,1129,6.12,16.84
RCP04810,Naan,Indian,breakfast,False,370,31,67,23,4,910,5.22,13.93
RCP04811,Indian Desserts Special 62,Indian,morning_snack,True,612,12,49,10,13,1321,6.3,7.8
RCP04812,Chole Bhature,Indian,breakfast,False,567,8,59,12,8,700,1.98,24.86
RCP04813,Butter Chicken,Indian,dinner,False,394,20,36,15,4,275,2.88,20.66
RCP04814,Indian Desserts Special 65,Indian,morning_snack,False,399,32,30,21,2,1349,2.7,6.85
RCP04815,Naan,Indian,breakfast,False,274,40,64,21,9,215,4.68,8.64
RCP04816,Samosa,Indian,morning_snack,True,787,11,39,17,12,860,5.94,23.94
RCP04817,Naan,Indian,breakfast,False,412,34,73,19,10,1219,3.96,19.7
RCP04818,Dal Tadka,Indian,dinner,False,641,26,73,18,10,766,3.78,16.4
RCP04819,Idli,Indian,breakfast,False,704,25,69,27,11,1097,2.88,4.7
RCP04820,Butter Chicken,Indian,dinner,False,672,48,45,21,13,417,6.12,12.54
RCP04821,Indian Desserts Special 72,Indian,morning_snack,True,297,12,31,10,9,1360,4.68,2.87
RCP04822,Indian Desserts Special 73,Indian,morning_snack,False,567,40,77,24,6,327,4.32,4.85
RCP04823,Indian Desserts Special 74,Indian,morning_snack,False,427,40,77,36,7,1085,4.32,11.12
RCP04824,Butter Chicken,Indian,dinner,False,205,44,66,31,8,379,4.32,2.17
RCP04825,Indian Desserts Special 76,Indian,morning_snack,False,286,42,33,17,2,436,7.02,7.25
RCP04826,Idli,Indian,breakfast,False,427,31,36,36,6,1383,2.16,21.07
RCP04827,Indian Desserts Special 78,Indian,morning_snack,False,281,31,56,29,9,1241,5.22,18.54
RCP04828,Samosa,Indian,morning_snack,True,586,8,38,27,8,489,3.06,2.55
RCP04829,Naan,Indian,breakfast,True,159,18,69,22,7,454,2.16,2.34
RCP04830,Tandoori Chicken,Indian,morning_snack,False,483,9,44,23,14,1145,5.04,10.7
RCP04831,Paneer Tikka,Indian,morning_snack,False,332,44,68,34,6,384,5.4,8.22
RCP04832,Indian Desserts Special 83,Indian,morning_snack,True,700,6,37,19,13,1485,6.3,24.2
RCP04833,Indian Desserts Special 84,Indian,morning_snack,False,157,34,39,36,14,1319,3.6,16.63
RCP04834,Indian Desserts Special 85,Indian,morning_snack,False,308,36,31,17,11,1387,3.06,8.31
RCP04835,Tandoori Chicken,Indian,morning_snack,False,748,12,40,27,8,335,2.16,4.91
RCP04836,Indian Desserts Special 87,Indian,morning_snack,False,160,46,37,28,7,1192,3.42,23.16
RCP04837,Paneer Tikka,Indian,morning_snack,False,280,19,59,21,12,1032,6.84,2.73
RCP04838,Dosa,Indian,breakfast,False,230,44,77,26,6,332,2.88,23.33
RCP04839,Butter Chicken,Indian,dinner,False,718,23,45,35,11,375,2.16,6.34
RCP04840,Rogan Josh,Indian,dinner,False,257,5,30,14,10,265,7.02,7.54
RCP04841,Paneer Tikka,Indian,morning_snack,False,418,24,78,27,13,321,4.86,13.51
RCP04842,Naan,Indian,breakfast,True,418,19,50,23,7,470,4.32,5.54
RCP04843,Dal Tadka,Indian,dinner,False,268,37,35,27,6,977,4.5,21.3
RCP04844,Samosa,Indian,morning_snack,False,375,41,33,31,12,811,1.98,16.34
RCP04845,Samosa,Indian,morning_snack,False,736,7,32,21,5,1377,6.3,2.26
RCP04846,Butter Chicken,Indian,dinner,False,666,34,72,31,4,1449,3.96,13.25
RCP04847,Indian Desserts Special 98,Indian,morning_snack,False,567,39,53,19,2,883,3.96,15.76
RCP04848,Indian Desserts Special 99,Indian,morning_snack,False,164,48,41,31,6,412,4.14,9.45
RCP04849,Tandoori Chicken,Indian,morning_snack,False,626,10,43,10,13,1229,6.3,9.49
RCP04850,Butter Chicken,Indian,dinner,False,473,25,64,19,10,299,3.24,8.99
RCP04851,Samosa,Indian,morning_snack,False,218,40,47,37,11,698,2.34,24.92
RCP04852,Rogan Josh,Indian,dinner,False,261,11,50,23,6,1142,4.32,19.67
RCP04853,Naan,Indian,breakfast,False,222,45,61,31,11,571,2.52,17.24
RCP04854,Indian Desserts Special 105,Indian,morning_snack,False,572,13,67,11,4,398,3.78,11.29
RCP04855,Gulab Jamun,Indian,morning_snack,False,710,49,56,23,9,1368,4.68,12.27
RCP04856,Naan,Indian,breakfast,False,252,36,69,29,3,1093,5.4,17.15
RCP04857,Tandoori Chicken,Indian,morning_snack,False,281,14,78,28,14,291,7.02,6.25
RCP04858,Idli,Indian,breakfast,False,445,6,37,18,14,815,5.58,2.43
RCP04859,Masala Dosa,Indian,breakfast,True,499,18,75,13,14,772,4.14,22.97
RCP04860,Indian Desserts Special 111,Indian,morning_snack,False,465,43,79,29,14,1153,4.68,12.73
RCP04861,Idli,Indian,breakfast,False,784,28,47,38,2,940,3.06,22.18
RCP04862,Butter Chicken,Indian,dinner,False,597,44,70,33,3,1261,2.34,6.05
RCP04863,Chole Bhature,Indian,breakfast,False,342,27,49,22,7,998,4.5,20.08
RCP04864,Paneer Tikka,Indian,morning_snack,False,242,38,40,15,8,333,2.7,14.32
RCP04865,Biryani,Indian,dinner,False,645,32,35,22,7,1336,6.84,12.32
RCP04866,Biryani,Indian,dinner,False,365,37,32,15,14,350,4.14,3.87
RCP04867,Butter Chicken,Indian,dinner,False,191,20,47,26,3,981,5.4,23.16
RCP04868,Indian Desserts Special 119,Indian,morning_snack,False,508,23,44,24,8,827,3.96,22.77
RCP04869,Samosa,Indian,morning_snack,True,278,18,40,18,14,956,4.32,20.76
RCP04870,Rogan Josh,Indian,dinner,False,676,22,71,35,12,1171,3.96,13.59
RCP04871,Idli,Indian,breakfast,False,764,38,33,21,14,1471,3.6,24.78
RCP04872,Paneer Tikka,Indian,morning_snack,False,763,30,67,29,2,416,3.96,11.4
RCP04873,Samosa,Indian,morning_snack,False,167,45,70,31,11,306,5.76,3.56
RCP04874,Gulab Jamun,Indian,morning_snack,False,734,6,51,14,5,801,6.84,8.65
RCP04875,Indian Desserts Special 126,Indian,morning_snack,False,235,27,37,36,3,1071,5.94,15.97
RCP04876,Chole Bhature,Indian,breakfast,False,772,23,36,36,10,1452,2.16,21.41
RCP04877,Vindaloo,Indian,dinner,False,339,43,48,36,3,517,3.06,12.12
RCP04878,Tandoori Chicken,Indian,morning_snack,False,607,12,42,11,11,309,3.6,21.98
RCP04879,Dosa,Indian,breakfast,False,792,38,59,30,6,466,6.66,10.74
RCP04880,Vindaloo,Indian,dinner,False,639,12,79,15,3,1477,4.68,16.58
RCP04881,Vindaloo,Indian,dinner,False,367,28,30,25,9,1095,5.22,12.84
RCP04882,Indian Desserts Special 133,Indian,morning_snack,False,496,42,43,16,10,785,5.58,10.97
RCP04883,Samosa,Indian,morning_snack,False,210,13,63,20,8,1280,3.42,22.92
RCP04884,Tandoori Chicken,Indian,morning_snack,False,784,31,76,28,5,909,5.22,6.06
RCP04885,Dal Tadka,Indian,dinner,False,518,34,57,19,3,1234,2.88,10.37
RCP04886,Indian Desserts Special 137,Indian,morning_snack,True,215,12,58,14,14,850,6.66,10.82
RCP04887,Naan,Indian,breakfast,False,626,45,42,20,10,710,5.76,5.91
RCP04888,Rogan Josh,Indian,dinner,False,435,6,75,20,2,1300,6.3,7.59
RCP04889,Indian Desserts Special 140,Indian,morning_snack,False,171,47,78,37,5,255,1.8,2.34
RCP04890,Vindaloo,Indian,dinner,False,314,42,65,34,5,1019,1.98,17.2
RCP04891,Rogan Josh,Indian,dinner,False,746,27,39,20,8,1131,5.4,17.38
RCP04892,Butter Chicken,Indian,dinner,False,227,18,36,26,12,1173,6.3,10.82
RCP04893,Tandoori Chicken,Indian,morning_snack,False,494,34,47,31,8,355,2.7,3.69
RCP04894,Paneer Tikka,Indian,morning_snack,False,221,21,34,27,2,469,1.98,22.37
RCP04895,Indian Desserts Special 146,Indian,morning_snack,False,539,28,37,22,5,757,5.04,21.64
RCP04896,Idli,Indian,breakfast,False,595,41,60,21,4,1384,6.84,10.43
RCP04897,Indian Desserts Special 148,Indian,morning_snack,False,195,24,73,17,13,937,4.86,21.52
RCP04898,Indian Desserts Special 149,Indian,morning_snack,True,325,10,70,14,2,235,4.68,6.52
RCP04899,Rogan Josh,Indian,dinner,False,338,7,70,16,11,919,3.78,23.83
RCP04900,Dal Tadka,Indian,dinner,True,661,11,50,22,2,932,3.6,8.32
RCP04901,Dosa,Indian,breakfast,False,432,45,33,16,12,1008,2.52,21.06
RCP04902,Idli,Indian,breakfast,False,213,49,38,28,14,1062,7.02,22.36
RCP04903,Chole Bhature,Indian,breakfast,True,386,11,61,27,14,863,3.96,9.23
RCP04904,Idli,Indian,breakfast,False,693,30,67,17,13,470,2.34,10.41
RCP04905,Biryani,Indian,dinner,False,791,46,67,22,3,403,3.78,16.51
RCP04906,Naan,Indian,breakfast,False,285,32,52,39,9,385,2.16,7.08
RCP04907,Butter Chicken,Indian,dinner,False,539,7,72,29,13,1148,1.98,6.79
RCP04908,Indian Desserts Special 159,Indian,morning_snack,False,727,41,64,33,14,428,2.34,21.99
RCP04909,Naan,Indian,breakfast,True,579,16,63,23,3,1364,3.6,13.17
RCP04910,Indian Desserts Special 161,Indian,morning_snack,False,735,45,54,32,5,1452,5.76,3.37
RCP04911,Indian Desserts Special 162,Indian,morning_snack,False,363,31,43,24,11,1199,5.94,15.91
RCP04912,Butter Chicken,Indian,dinner,False,767,13,73,22,5,495,1.98,13.63
RCP04913,Dosa,Indian,breakfast,False,293,27,34,22,3,1211,3.96,24.94
RCP04914,Tandoori Chicken,Indian,morning_snack,False,387,31,40,28,9,1054,6.48,17.42
RCP04915,Samosa,Indian,morning_snack,False,325,45,35,19,5,1131,1.8,15.58
RCP04916,Biryani,Indian,dinner,False,229,19,56,12,7,1087,2.7,2.1
RCP04917,Indian Desserts Special 168,Indian,morning_snack,False,400,28,39,18,14,1451,7.02,13.55
RCP04918,Butter Chicken,Indian,dinner,False,195,24,75,38,6,630,6.66,24.15
RCP04919,Samosa,Indian,morning_snack,False,611,16,45,10,2,1062,3.78,15.66
RCP04920,Masala Dosa,Indian,breakfast,False,244,48,39,24,4,687,6.66,13.57
RCP04921,Paneer Tikka,Indian,morning_snack,False,412,40,70,39,10,1270,2.16,2.3
RCP04922,Indian Desserts Special 173,Indian,morning_snack,False,668,31,78,27,6,1319,3.24,2.94
RCP04923,Rogan Josh,Indian,dinner,False,564,25,48,28,13,1440,4.86,5.44
RCP04924,Indian Desserts Special 175,Indian,morning_snack,False,518,36,68,33,10,1424,4.14,19.44
RCP04925,Indian Desserts Special 176,Indian,morning_snack,False,717,5,67,10,6,1096,1.98,9.5
RCP04926,Dosa,Indian,breakfast,False,329,32,71,35,6,561,5.4,12.09
RCP04927,Indian Desserts Special 178,Indian,morning_snack,False,269,6,59,21,13,913,4.14,10.1
RCP04928,Butter Chicken,Indian,dinner,False,751,18,36,16,8,1397,5.4,22.61
RCP04929,Paneer Tikka,Indian,morning_snack,False,539,44,55,29,9,1409,2.88,17.11
RCP04930,Naan,Indian,breakfast,False,756,44,61,32,5,1410,5.4,20.78
RCP04931,Naan,Indian,breakfast,False,629,25,68,23,11,781,5.94,9.6
RCP04932,Indian Desserts Special 183,Indian,morning_snack,False,528,43,66,21,9,1062,1.8,7.62
RCP04933,Dosa,Indian,breakfast,False,718,27,63,19,11,834,4.32,2.19
RCP04934,Naan,Indian,breakfast,False,183,27,56,22,5,666,5.22,2.31
RCP04935,Vindaloo,Indian,dinner,False,303,46,65,31,14,232,2.7,11.72
RCP04936,Indian Desserts Special 187,Indian,morning_snack,False,500,37,45,39,10,1384,3.96,2.31
RCP04937,Indian Desserts Special 188,Indian,morning_snack,False,575,23,74,30,2,1190,6.48,2.07
RCP04938,Chole Bhature,Indian,breakfast,True,183,12,43,28,2,335,3.06,23.72
RCP04939,Dal Tadka,Indian,dinner,False,654,46,58,26,8,883,3.06,8.8
RCP04940,Indian Desserts Special 191,Indian,morning_snack,False,255,22,63,18,10,1112,6.66,17.06
RCP04941,Indian Desserts Special 192,Indian,morning_snack,False,531,36,49,33,9,275,3.24,15.28
RCP04942,Idli,Indian,breakfast,True,534,6,79,25,13,1311,4.14,4.51
RCP04943,Biryani,Indian,dinner,False,680,35,61,27,3,1164,6.66,5.56
RCP04944,Dal Tadka,Indian,dinner,False,691,38,43,15,7,393,6.3,3.61
RCP04945,Indian Desserts Special 196,Indian,morning_snack,False,282,26,33,27,14,768,2.34,20.87
RCP04946,Samosa,Indian,morning_snack,True,340,9,38,17,5,1095,4.14,24.04
RCP04947,Indian Desserts Special 198,Indian,morning_snack,False,635,47,31,30,3,784,6.66,7.72
RCP04948,Chole Bhature,Indian,breakfast,True,556,13,73,13,13,782,3.96,14.21
RCP04949,Indian Desserts Special 200,Indian,morning_snack,True,331,9,56,20,4,1461,4.68,21.74
RCP04950,Indian Desserts Special 201,Indian,morning_snack,False,650,43,46,16,6,521,4.68,2.38
RCP04951,Indian Desserts Special 202,Indian,morning_snack,True,671,15,56,17,3,514,3.78,22.0
RCP04952,Idli,Indian,breakfast,False,448,23,59,16,4,688,3.78,11.96
RCP04953,Indian Desserts Special 204,Indian,morning_snack,False,648,45,71,32,13,1438,3.42,14.55
RCP04954,Masala Dosa,Indian,breakfast,False,239,42,35,28,10,323,2.34,10.3
RCP04955,Idli,Indian,breakfast,False,628,44,36,34,2,1469,5.4,9.68
RCP04956,Paneer Tikka,Indian,morning_snack,False,713,35,46,37,5,1300,4.14,7.85
RCP04957,Masala Dosa,Indian,breakfast,False,160,28,62,29,8,327,2.52,19.77
RCP04958,Gulab Jamun,Indian,morning_snack,False,192,6,57,11,6,725,3.42,23.1
RCP04959,Rogan Josh,Indian,dinner,False,479,44,74,23,11,1120,1.8,16.74
RCP04960,Chole Bhature,Indian,breakfast,False,662,25,73,37,5,1211,3.96,14.99
RCP04961,Biryani,Indian,dinner,False,391,7,65,20,9,1201,6.66,13.6
RCP04962,Indian Desserts Special 213,Indian,morning_snack,False,524,37,77,36,4,1144,4.14,13.11
RCP04963,Naan,Indian,breakfast,False,544,20,51,30,7,1200,5.22,9.73
RCP04964,Masala Dosa,Indian,breakfast,False,576,32,30,25,10,961,4.14,4.8
RCP04965,Dosa,Indian,breakfast,False,542,16,78,11,10,345,6.12,10.21
RCP04966,Tandoori Chicken,Indian,morning_snack,False,211,24,56,15,9,1183,1.8,7.24
RCP04967,Indian Desserts Special 218,Indian,morning_snack,False,268,44,75,25,2,1379,2.34,14.04
RCP04968,Indian Desserts Special 219,Indian,morning_snack,False,407,28,79,26,8,212,5.04,14.37
RCP04969,Idli,Indian,breakfast,False,314,40,53,27,4,608,2.7,15.18
RCP04970,Indian Desserts Special 221,Indian,morning_snack,True,462,10,31,14,4,483,6.66,18.76
RCP04971,Naan,Indian,breakfast,False,677,49,35,26,13,1175,2.16,9.73
RCP04972,Indian Desserts Special 223,Indian,morning_snack,False,370,42,64,19,8,957,4.5,7.15
RCP04973,Indian Desserts Special 224,Indian,morning_snack,False,280,27,45,29,14,1499,4.86,11.27
RCP04974,Dal Tadka,Indian,dinner,True,321,9,79,19,7,1216,2.88,21.8
RCP04975,Dosa,Indian,breakfast,False,508,43,52,29,12,796,6.66,11.97
RCP04976,Samosa,Indian,morning_snack,True,448,8,45,25,8,886,3.06,20.26
RCP04977,Idli,Indian,breakfast,False,659,25,39,24,12,365,3.96,9.13
RCP04978,Gulab Jamun,Indian,morning_snack,False,488,45,37,35,8,1298,6.66,16.76
RCP04979,Indian Desserts Special 230,Indian,morning_snack,False,446,44,59,27,4,203,1.98,17.74
RCP04980,Indian Desserts Special 231,Indian,morning_snack,False,163,38,43,33,7,785,3.24,12.12
RCP04981,Butter Chicken,Indian,dinner,False,598,17,32,22,9,1446,3.6,4.59
RCP04982,Naan,Indian,breakfast,True,400,8,49,12,14,240,5.94,8.74
RCP04983,Indian Desserts Special 234,Indian,morning_snack,False,237,18,55,20,13,1152,2.34,15.64
RCP04984,Rogan Josh,Indian,dinner,False,728,19,44,24,3,916,2.34,14.67
RCP04985,Masala Dosa,Indian,breakfast,False,274,10,66,27,13,1143,2.7,23.92
RCP04986,Rogan Josh,Indian,dinner,False,481,30,79,35,2,1413,6.84,19.57
RCP04987,Paneer Tikka,Indian,morning_snack,False,556,24,51,38,2,1460,5.76,15.34
RCP04988,Gulab Jamun,Indian,morning_snack,False,326,38,60,18,12,1486,5.04,5.59
RCP04989,Samosa,Indian,morning_snack,False,746,36,75,18,3,546,2.52,11.03
RCP04990,Vindaloo,Indian,dinner,False,467,42,40,19,4,1034,1.8,21.62
RCP04991,Biryani,Indian,dinner,True,320,18,51,25,10,262,1.98,5.77
RCP04992,Indian Desserts Special 243,Indian,morning_snack,False,485,42,34,38,8,1197,7.02,5.85
RCP04993,Dal Tadka,Indian,dinner,False,190,39,66,25,5,1388,3.42,9.03
RCP04994,Indian Desserts Special 245,Indian,morning_snack,False,544,48,52,15,11,623,3.24,13.67
RCP04995,Butter Chicken,Indian,dinner,False,458,7,47,12,3,1265,7.02,21.63
RCP04996,Indian Desserts Special 247,Indian,morning_snack,True,498,13,38,26,9,1097,2.88,22.41
RCP04997,Dosa,Indian,breakfast,False,592,23,76,15,14,1291,6.48,2.15
RCP04998,Paneer Tikka,Indian,morning_snack,False,380,20,38,27,9,842,5.58,11.58
RCP04999,Vindaloo,Indian,dinner,False,395,22,33,26,5,994,4.14,5.32
RCP05000,Biryani,Indian,dinner,False,405,20,31,25,14,209,5.22,19.37
RCP05001,Rogan Josh,Indian,dinner,False,391,12,76,21,13,1489,3.42,16.93
RCP05002,Dosa,Indian,breakfast,True,220,17,51,23,14,1012,5.94,24.64
RCP05003,Paneer Tikka,Indian,morning_snack,False,553,34,56,22,13,406,3.06,12.05
RCP05004,Indian Desserts Special 255,Indian,morning_snack,False,238,32,57,25,12,1286,6.66,6.54
RCP05005,Dal Tadka,Indian,dinner,True,318,11,56,18,3,940,6.84,3.18
RCP05006,Dal Tadka,Indian,dinner,True,421,7,64,10,10,535,3.06,21.65
RCP05007,Indian Desserts Special 258,Indian,morning_snack,True,287,11,31,23,4,1496,5.4,10.76
RCP05008,Samosa,Indian,morning_snack,False,723,14,43,13,2,1146,2.7,4.63
RCP05009,Masala Dosa,Indian,breakfast,False,750,31,32,30,5,898,6.66,24.2
RCP05010,Masala Dosa,Indian,breakfast,False,439,31,69,31,8,661,2.7,6.22
RCP05011,Idli,Indian,breakfast,False,195,44,55,35,7,739,5.4,16.56
RCP05012,Indian Desserts Special 263,Indian,morning_snack,False,629,39,33,37,6,781,6.12,13.71
RCP05013,Dosa,Indian,breakfast,False,185,33,67,23,9,446,3.96,2.74
RCP05014,Dosa,Indian,breakfast,False,517,48,54,23,3,1410,6.84,11.04
RCP05015,Rogan Josh,Indian,dinner,False,275,35,41,22,11,808,6.84,2.17
RCP05016,Vindaloo,Indian,dinner,False,460,29,37,17,13,1009,7.02,6.86
RCP05017,Butter Chicken,Indian,dinner,False,768,25,32,25,14,215,1.8,7.04
RCP05018,Naan,Indian,breakfast,False,652,9,30,21,11,411,4.68,6.91
RCP05019,Rogan Josh,Indian,dinner,False,229,11,38,18,13,1411,4.32,9.71
RCP05020,Indian Desserts Special 271,Indian,morning_snack,False,317,26,32,20,6,1472,1.98,9.91
RCP05021,Masala Dosa,Indian,breakfast,False,604,43,65,24,10,1204,2.7,14.61
RCP05022,Chole Bhature,Indian,breakfast,False,547,24,42,34,2,782,1.98,19.26
RCP05023,Tandoori Chicken,Indian,morning_snack,False,762,12,35,16,7,835,5.94,15.37
RCP05024,Indian Desserts Special 275,Indian,morning_snack,False,306,43,55,25,12,996,6.84,23.12
RCP05025,Paneer Tikka,Indian,morning_snack,False,769,19,49,19,4,1026,2.88,12.16
RCP05026,Indian Desserts Special 277,Indian,morning_snack,False,686,24,61,21,4,453,1.98,5.99
RCP05027,Indian Desserts Special 278,Indian,morning_snack,False,364,44,62,18,11,1463,2.52,24.51
RCP05028,Biryani,Indian,dinner,False,312,33,32,26,8,1201,5.76,2.34
RCP05029,Rogan Josh,Indian,dinner,False,156,48,38,38,14,1315,4.86,6.58
RCP05030,Indian Desserts Special 281,Indian,morning_snack,False,314,28,30,36,3,904,4.5,16.13
RCP05031,Indian Desserts Special 282,Indian,morning_snack,True,688,16,70,22,3,1482,5.04,19.37
RCP05032,Biryani,Indian,dinner,False,439,37,46,34,11,1485,2.7,13.27
RCP05033,Indian Desserts Special 284,Indian,morning_snack,False,316,39,65,33,8,924,4.14,11.64
RCP05034,Rogan Josh,Indian,dinner,False,509,30,31,22,9,696,4.32,8.93
RCP05035,Indian Desserts Special 286,Indian,morning_snack,True,597,13,53,15,10,473,4.32,14.64
RCP05036,Dal Tadka,Indian,dinner,True,174,8,35,27,5,1303,6.48,3.1
RCP05037,Indian Desserts Special 288,Indian,morning_snack,False,615,20,57,39,2,473,4.68,15.6
RCP05038,Rogan Josh,Indian,dinner,False,308,35,65,27,14,1480,3.24,7.4
RCP05039,Chole Bhature,Indian,breakfast,False,332,23,70,22,11,1192,4.86,22.42
RCP05040,Butter Chicken,Indian,dinner,False,462,35,31,25,7,421,4.68,6.59
RCP05041,Dal Tadka,Indian,dinner,False,421,32,46,27,8,1071,1.98,7.16
RCP05042,Dosa,Indian,breakfast,True,701,13,49,27,7,1210,2.52,16.93
RCP05043,Rogan Josh,Indian,dinner,False,176,39,56,37,7,1019,6.66,18.25
RCP05044,Indian Desserts Special 295,Indian,morning_snack,False,232,28,75,36,11,501,3.6,12.14
RCP05045,Paneer Tikka,Indian,morning_snack,False,468,32,60,15,13,956,6.66,21.15
RCP05046,Indian Desserts Special 297,Indian,morning_snack,False,760,37,45,27,5,441,6.84,3.24
RCP05047,Gulab Jamun,Indian,morning_snack,False,729,9,65,24,4,1489,2.52,16.6
RCP05048,Gulab Jamun,Indian,morning_snack,True,390,7,49,11,11,1327,5.4,21.07
RCP05049,Butter Chicken,Indian,dinner,False,436,10,57,16,11,572,5.4,24.36
RCP05050,Paneer Tikka,Indian,morning_snack,False,660,43,72,26,12,1212,5.94,5.55
RCP05051,Samosa,Indian,morning_snack,True,624,12,56,18,12,1138,6.48,17.75
RCP05052,Samosa,Indian,morning_snack,False,262,47,35,31,11,381,2.88,17.22
RCP05053,Masala Dosa,Indian,breakfast,True,650,11,66,24,10,531,5.76,4.65
RCP05054,Masala Dosa,Indian,breakfast,False,343,24,42,25,10,738,2.52,23.42
RCP05055,Indian Desserts Special 306,Indian,morning_snack,True,251,12,60,20,8,563,4.5,22.49
RCP05056,Idli,Indian,breakfast,False,655,35,40,39,2,1124,2.7,3.92
RCP05057,Chole Bhature,Indian,breakfast,True,620,8,78,18,2,335,5.76,17.45
RCP05058,Indian Desserts Special 309,Indian,morning_snack,False,205,25,48,23,3,557,6.84,8.13
RCP05059,Gulab Jamun,Indian,morning_snack,False,481,20,42,36,6,1029,5.58,4.2
RCP05060,Rogan Josh,Indian,dinner,False,776,5,64,23,3,1229,6.48,10.87
RCP05061,Dosa,Indian,breakfast,True,263,14,60,14,3,306,4.32,11.21
RCP05062,Butter Chicken,Indian,dinner,False,759,37,62,39,6,1307,2.52,23.6
RCP05063,Vindaloo,Indian,dinner,False,195,34,60,36,13,358,2.16,2.32
RCP05064,Rogan Josh,Indian,dinner,False,409,5,31,22,12,1002,5.04,2.87
RCP05065,Indian Desserts Special 316,Indian,morning_snack,False,512,48,78,19,11,1047,3.42,7.16
RCP05066,Indian Desserts Special 317,Indian,morning_snack,False,702,26,77,26,12,1450,1.8,7.35
RCP05067,Indian Desserts Special 318,Indian,morning_snack,False,263,45,47,31,6,1135,3.78,2.94
RCP05068,Indian Desserts Special 319,Indian,morning_snack,False,588,16,61,13,4,1458,2.7,2.74
RCP05069,Biryani,Indian,dinner,False,615,48,78,28,9,1311,2.16,10.7
RCP05070,Indian Desserts Special 321,Indian,morning_snack,True,248,15,63,19,4,548,3.96,13.73
RCP05071,Masala Dosa,Indian,breakfast,True,202,6,54,11,10,1050,4.86,5.74
RCP05072,Indian Desserts Special 323,Indian,morning_snack,False,653,27,67,20,7,1277,6.12,19.97
RCP05073,Gulab Jamun,Indian,morning_snack,True,282,8,64,19,8,1435,1.8,7.52
RCP05074,Rogan Josh,Indian,dinner,False,170,27,60,39,4,1213,6.48,2.99
RCP05075,Gulab Jamun,Indian,morning_snack,False,693,48,30,37,6,529,1.98,9.88
RCP05076,Tandoori Chicken,Indian,morning_snack,False,621,41,63,26,14,276,2.16,18.23
RCP05077,Indian Desserts Special 328,Indian,morning_snack,False,461,25,47,36,2,1118,3.6,18.9
RCP05078,Indian Desserts Special 329,Indian,morning_snack,False,627,39,39,32,7,700,4.68,20.25
RCP05079,Indian Desserts Special 330,Indian,morning_snack,False,765,37,61,29,7,276,5.76,5.07
RCP05080,Butter Chicken,Indian,dinner,False,624,9,40,12,10,1150,5.22,10.01
RCP05081,Indian Desserts Special 332,Indian,morning_snack,False,550,34,43,19,11,557,4.68,20.48
RCP05082,Indian Desserts Special 333,Indian,morning_snack,False,492,29,62,19,7,824,3.96,24.49
RCP05083,Idli,Indian,breakfast,True,178,17,61,19,8,792,5.94,3.72
RCP05084,Butter Chicken,Indian,dinner,False,305,14,34,21,2,473,4.86,7.6
RCP05085,Indian Desserts Special 336,Indian,morning_snack,True,729,12,45,12,8,486,4.5,5.05
RCP05086,Samosa,Indian,morning_snack,False,424,24,32,31,4,748,3.96,11.05
RCP05087,Biryani,Indian,dinner,False,200,43,34,20,11,1215,3.6,24.77
RCP05088,Biryani,Indian,dinner,False,752,35,61,30,9,863,4.68,7.12
RCP05089,Vindaloo,Indian,dinner,False,538,19,76,29,5,562,4.5,2.61
RCP05090,Masala Dosa,Indian,breakfast,False,735,43,56,26,11,977,6.66,15.46
RCP05091,Dal Tadka,Indian,dinner,False,465,22,61,29,13,313,4.14,9.42
RCP05092,Chole Bhature,Indian,breakfast,False,471,37,64,32,14,1004,4.68,4.48
RCP05093,Vindaloo,Indian,dinner,False,185,43,47,35,4,1404,2.34,22.71
RCP05094,Gulab Jamun,Indian,morning_snack,False,370,23,56,38,13,257,4.68,15.54
RCP05095,Rogan Josh,Indian,dinner,False,707,6,55,25,9,782,3.06,9.16
RCP05096,Idli,Indian,breakfast,False,524,26,70,21,4,756,5.58,2.61
RCP05097,Paneer Tikka,Indian,morning_snack,False,328,13,61,29,14,808,3.78,2.7
RCP05098,Indian Desserts Special 349,Indian,morning_snack,False,732,16,54,10,2,655,2.7,19.8
RCP05099,Gulab Jamun,Indian,morning_snack,False,749,34,36,31,7,533,3.24,5.3
RCP05100,Indian Desserts Special 351,Indian,morning_snack,False,464,39,39,35,10,1130,3.06,6.72
RCP05101,Dal Tadka,Indian,dinner,False,607,20,52,23,4,1349,2.7,2.32
RCP05102,Dosa,Indian,breakfast,False,250,48,34,29,4,954,4.68,20.55
RCP05103,Tandoori Chicken,Indian,morning_snack,False,303,34,56,36,6,495,1.8,11.63
RCP05104,Indian Desserts Special 355,Indian,morning_snack,False,618,36,78,21,11,621,4.86,13.9
RCP05105,Indian Desserts Special 356,Indian,morning_snack,False,238,47,57,17,10,496,3.24,22.66
RCP05106,Paneer Tikka,Indian,morning_snack,False,734,20,60,34,4,785,5.04,19.62
RCP05107,Tandoori Chicken,Indian,morning_snack,False,779,26,48,30,3,1401,4.68,22.96
RCP05108,Tandoori Chicken,Indian,morning_snack,False,557,23,61,36,7,1306,4.86,15.65
RCP05109,Gulab Jamun,Indian,morning_snack,False,777,45,38,34,5,592,6.66,24.71
RCP05110,Tandoori Chicken,Indian,morning_snack,False,462,10,62,19,2,1497,5.04,8.22
RCP05111,Naan,Indian,breakfast,False,751,33,66,32,8,467,6.66,21.84
RCP05112,Naan,Indian,breakfast,False,347,28,52,31,7,856,3.6,19.96
RCP05113,Idli,Indian,breakfast,False,590,28,69,17,2,416,3.78,11.62
RCP05114,Dal Tadka,Indian,dinner,False,456,19,38,21,4,990,2.34,9.15
RCP05115,Butter Chicken,Indian,dinner,False,717,5,47,11,8,933,4.32,22.37
RCP05116,Indian Desserts Special 367,Indian,morning_snack,False,330,36,36,29,5,395,4.86,2.56
RCP05117,Biryani,Indian,dinner,True,737,11,48,25,13,226,4.32,10.96
RCP05118,Samosa,Indian,morning_snack,False,577,49,40,15,5,1076,2.88,12.88
RCP05119,Chole Bhature,Indian,breakfast,False,281,32,72,16,12,1137,2.34,14.79
RCP05120,Biryani,Indian,dinner,False,394,35,48,31,6,513,3.96,22.84
RCP05121,Indian Desserts Special 372,Indian,morning_snack,False,560,43,30,35,13,642,7.02,18.71
RCP05122,Dosa,Indian,breakfast,False,293,45,63,38,3,484,5.58,19.54
RCP05123,Dosa,Indian,breakfast,False,258,40,49,23,9,1470,2.88,4.34
RCP05124,Indian Desserts Special 375,Indian,morning_snack,False,561,23,35,15,10,629,2.52,5.39
RCP05125,Rogan Josh,Indian,dinner,False,642,39,51,34,10,1201,7.02,19.11
RCP05126,Paneer Tikka,Indian,morning_snack,False,669,38,52,26,10,545,5.22,11.61
RCP05127,Naan,Indian,breakfast,True,168,12,59,23,10,1169,5.94,5.18
RCP05128,Indian Desserts Special 379,Indian,morning_snack,False,221,20,65,22,7,1398,5.22,8.57
RCP05129,Indian Desserts Special 380,Indian,morning_snack,False,638,40,62,35,7,362,6.3,20.06
RCP05130,Indian Desserts Special 381,Indian,morning_snack,False,514,41,53,25,6,294,3.78,14.41
RCP05131,Chole Bhature,Indian,breakfast,False,604,31,44,15,8,446,4.14,5.22
RCP05132,Indian Desserts Special 383,Indian,morning_snack,False,210,35,33,32,4,1207,5.22,17.16
RCP05133,Vindaloo,Indian,dinner,False,657,15,59,24,4,249,1.98,12.55
RCP05134,Chole Bhature,Indian,breakfast,True,460,5,51,27,5,255,6.66,2.56
RCP05135,Indian Desserts Special 386,Indian,morning_snack,False,489,20,61,18,3,637,2.16,2.55
RCP05136,Indian Desserts Special 387,Indian,morning_snack,False,538,40,30,24,5,1078,1.8,19.83
RCP05137,Idli,Indian,breakfast,False,242,40,49,29,4,260,6.3,11.58
RCP05138,Indian Desserts Special 389,Indian,morning_snack,False,600,25,74,32,13,483,6.12,2.12
RCP05139,Vindaloo,Indian,dinner,False,655,10,52,15,4,1114,5.58,6.64
RCP05140,Tandoori Chicken,Indian,morning_snack,False,769,45,36,20,5,466,3.78,3.62
RCP05141,Paneer Tikka,Indian,morning_snack,False,285,44,75,27,10,1329,2.52,17.63
RCP05142,Indian Desserts Special 393,Indian,morning_snack,False,753,43,48,36,12,959,2.7,5.39
RCP05143,Paneer Tikka,Indian,morning_snack,False,504,29,45,15,6,960,5.4,7.93
RCP05144,Paneer Tikka,Indian,morning_snack,False,646,29,46,20,11,895,2.34,21.72
RCP05145,Paneer Tikka,Indian,morning_snack,False,467,9,79,13,12,1181,5.76,2.37
RCP05146,Indian Desserts Special 397,Indian,morning_snack,False,605,31,68,37,4,809,3.6,18.97
RCP05147,Naan,Indian,breakfast,False,236,29,61,21,4,690,2.34,17.73
RCP05148,Masala Dosa,Indian,breakfast,True,503,8,61,14,14,1477,4.86,5.33
RCP05149,Tandoori Chicken,Indian,morning_snack,False,755,34,76,20,6,275,3.06,17.4
RCP05150,Indian Desserts Special 401,Indian,morning_snack,False,222,38,39,21,10,564,2.34,16.64
RCP05151,Indian Desserts Special 402,Indian,morning_snack,False,537,7,46,25,12,576,4.86,4.67
RCP05152,Biryani,Indian,dinner,False,603,37,45,18,8,1499,4.14,2.57
RCP05153,Indian Desserts Special 404,Indian,morning_snack,False,596,9,50,29,8,708,5.22,16.58
RCP05154,Paneer Tikka,Indian,morning_snack,False,431,13,36,26,8,1270,3.78,13.24
RCP05155,Indian Desserts Special 406,Indian,morning_snack,False,327,25,36,38,2,254,4.32,3.57
RCP05156,Dosa,Indian,breakfast,False,391,33,47,23,14,611,4.32,10.69
RCP05157,Chole Bhature,Indian,breakfast,False,182,46,63,19,12,1218,3.6,12.67
RCP05158,Dal Tadka,Indian,dinner,False,767,47,61,36,14,1435,6.66,21.05
RCP05159,Tandoori Chicken,Indian,morning_snack,False,208,5,44,24,5,1192,1.8,18.4
RCP05160,Naan,Indian,breakfast,True,384,19,79,22,13,872,3.96,24.64
RCP05161,Indian Desserts Special 412,Indian,morning_snack,False,175,13,72,18,9,613,1.98,10.08
RCP05162,Tandoori Chicken,Indian,morning_snack,False,341,35,48,36,7,977,4.5,10.89
RCP05163,Naan,Indian,breakfast,False,639,29,70,32,11,332,6.84,12.65
RCP05164,Dosa,Indian,breakfast,True,287,11,76,15,14,700,5.58,4.08
RCP05165,Idli,Indian,breakfast,False,770,36,54,28,12,1343,3.24,24.5
RCP05166,Biryani,Indian,dinner,False,780,31,36,28,3,504,4.32,14.44
RCP05167,Vindaloo,Indian,dinner,False,370,7,70,19,5,447,6.3,22.65
RCP05168,Biryani,Indian,dinner,True,685,9,54,28,12,358,1.8,17.95
RCP05169,Butter Chicken,Indian,dinner,False,742,48,46,23,10,1391,6.84,8.7
RCP05170,Masala Dosa,Indian,breakfast,False,783,18,35,13,13,723,4.86,11.96
RCP05171,Tandoori Chicken,Indian,morning_snack,False,546,10,52,16,3,1052,5.22,21.76
RCP05172,Paneer Tikka,Indian,morning_snack,False,434,28,74,34,2,1326,3.6,16.5
RCP05173,Paneer Tikka,Indian,morning_snack,False,418,14,69,12,12,264,1.98,9.98
RCP05174,Vindaloo,Indian,dinner,False,536,32,37,18,9,908,3.06,9.36
RCP05175,Paneer Tikka,Indian,morning_snack,False,190,35,46,29,3,468,2.16,2.34
RCP05176,Tandoori Chicken,Indian,morning_snack,False,167,47,44,39,3,1130,3.78,9.54
RCP05177,Naan,Indian,breakfast,True,565,19,68,16,8,286,4.86,16.72
RCP05178,Indian Desserts Special 429,Indian,morning_snack,False,791,42,36,26,3,910,6.84,12.21
RCP05179,Indian Desserts Special 430,Indian,morning_snack,False,564,46,41,28,5,250,6.66,18.04
RCP05180,Tandoori Chicken,Indian,morning_snack,False,410,7,46,18,10,1343,3.96,9.18
RCP05181,Indian Desserts Special 432,Indian,morning_snack,False,705,41,59,25,6,1038,1.8,4.51
RCP05182,Indian Desserts Special 433,Indian,morning_snack,False,478,22,65,26,6,569,6.66,22.88
RCP05183,Chole Bhature,Indian,breakfast,True,251,12,55,22,9,405,5.58,16.63
RCP05184,Indian Desserts Special 435,Indian,morning_snack,True,222,10,79,29,9,358,5.76,6.37
RCP05185,Rogan Josh,Indian,dinner,False,193,34,57,17,4,911,4.5,16.77
RCP05186,Dal Tadka,Indian,dinner,False,377,39,50,26,11,929,3.78,15.04
RCP05187,Biryani,Indian,dinner,False,699,43,54,28,8,854,5.04,7.06
RCP05188,Tandoori Chicken,Indian,morning_snack,False,687,34,61,19,12,953,6.84,15.28
RCP05189,Idli,Indian,breakfast,False,625,49,69,34,5,206,3.06,13.7
RCP05190,Idli,Indian,breakfast,False,257,10,65,19,5,1279,3.42,24.56
RCP05191,Indian Desserts Special 442,Indian,morning_snack,False,379,39,53,28,11,734,5.22,16.52
RCP05192,Naan,Indian,breakfast,True,706,11,32,22,4,540,4.5,6.75
RCP05193,Idli,Indian,breakfast,False,721,25,52,39,13,981,5.04,5.09
RCP05194,Chole Bhature,Indian,breakfast,False,557,34,34,22,10,790,2.52,14.11
RCP05195,Samosa,Indian,morning_snack,False,626,23,72,34,8,584,3.6,7.98
RCP05196,Indian Desserts Special 447,Indian,morning_snack,False,495,39,30,16,2,757,3.96,2.56
RCP05197,Naan,Indian,breakfast,True,520,10,39,17,5,1096,7.02,4.35
RCP05198,Indian Desserts Special 449,Indian,morning_snack,False,166,18,48,19,2,527,5.22,6.88
RCP05199,Indian Desserts Special 450,Indian,morning_snack,False,579,41,53,15,3,924,1.98,8.49
RCP05200,Samosa,Indian,morning_snack,False,193,29,65,23,4,761,3.78,3.7
RCP05201,Rogan Josh,Indian,dinner,False,743,44,39,22,7,206,3.24,7.85
RCP05202,Biryani,Indian,dinner,True,379,8,48,24,4,943,5.94,2.35
RCP05203,Indian Desserts Special 454,Indian,morning_snack,False,165,31,47,16,13,246,4.32,16.4
RCP05204,Vindaloo,Indian,dinner,False,750,48,46,23,13,458,4.14,20.98
RCP05205,Dosa,Indian,breakfast,False,497,33,34,32,11,578,5.94,22.33
RCP05206,Indian Desserts Special 457,Indian,morning_snack,False,590,16,66,19,9,621,4.14,5.88
RCP05207,Biryani,Indian,dinner,False,667,18,62,23,12,1006,2.34,13.53
RCP05208,Masala Dosa,Indian,breakfast,False,346,46,70,29,14,853,3.6,6.41
RCP05209,Idli,Indian,breakfast,False,572,35,35,26,7,1229,7.02,23.59
RCP05210,Rogan Josh,Indian,dinner,False,278,40,58,32,9,807,5.76,14.81
RCP05211,Rogan Josh,Indian,dinner,False,405,43,63,38,11,946,3.24,19.55
RCP05212,Tandoori Chicken,Indian,morning_snack,False,295,38,41,30,7,778,5.76,2.06
RCP05213,Dal Tadka,Indian,dinner,False,571,47,40,19,6,610,5.94,5.46
RCP05214,Tandoori Chicken,Indian,morning_snack,False,173,34,51,33,4,808,5.76,6.38
RCP05215,Indian Desserts Special 466,Indian,morning_snack,True,569,13,40,25,13,1472,5.04,4.29
RCP05216,Dosa,Indian,breakfast,False,223,27,35,37,11,871,6.66,5.66
RCP05217,Rogan Josh,Indian,dinner,False,183,10,49,24,13,1388,5.76,3.83
RCP05218,Naan,Indian,breakfast,False,653,41,63,34,11,1396,1.98,16.85
RCP05219,Indian Desserts Special 470,Indian,morning_snack,False,344,48,59,39,5,989,6.48,17.15
RCP05220,Dosa,Indian,breakfast,False,158,47,77,37,8,916,6.84,3.75
RCP05221,Indian Desserts Special 472,Indian,morning_snack,False,760,29,35,36,6,934,7.02,3.01
RCP05222,Naan,Indian,breakfast,False,287,21,67,27,3,767,3.78,10.13
RCP05223,Indian Desserts Special 474,Indian,morning_snack,False,439,28,46,25,8,781,3.24,5.54
RCP05224,Indian Desserts Special 475,Indian,morning_snack,False,588,33,48,24,7,643,6.12,14.95
RCP05225,Samosa,Indian,morning_snack,True,461,16,63,13,7,478,5.76,18.61
RCP05226,Dosa,Indian,breakfast,False,644,44,43,23,11,1398,6.66,16.04
RCP05227,Biryani,Indian,dinner,False,497,37,75,35,9,1242,6.66,20.52
RCP05228,Indian Desserts Special 479,Indian,morning_snack,False,218,22,34,33,6,631,2.7,12.33
RCP05229,Naan,Indian,breakfast,True,597,12,41,16,4,532,2.16,20.95
RCP05230,Dal Tadka,Indian,dinner,False,555,31,43,33,9,935,5.58,16.19
RCP05231,Samosa,Indian,morning_snack,False,208,14,58,15,3,1298,4.32,6.45
RCP05232,Indian Desserts Special 483,Indian,morning_snack,False,525,49,34,21,5,463,2.16,11.15
RCP05233,Indian Desserts Special 484,Indian,morning_snack,False,250,28,36,29,7,1138,3.06,9.06
RCP05234,Biryani,Indian,dinner,False,798,32,71,24,8,258,5.94,17.24
RCP05235,Indian Desserts Special 486,Indian,morning_snack,False,775,15,62,23,7,777,2.16,12.69
RCP05236,Indian Desserts Special 487,Indian,morning_snack,True,459,11,68,25,12,941,5.04,13.54
RCP05237,Chole Bhature,Indian,breakfast,False,687,5,38,24,3,778,4.5,21.23
RCP05238,Indian Desserts Special 489,Indian,morning_snack,False,478,49,33,25,3,1086,5.76,3.89
RCP05239,Indian Desserts Special 490,Indian,morning_snack,False,717,31,79,28,6,1295,2.16,16.99
RCP05240,Vindaloo,Indian,dinner,False,722,30,37,26,13,817,4.86,7.43
RCP05241,Indian Desserts Special 492,Indian,morning_snack,True,391,7,72,13,7,1476,5.04,16.08
RCP05242,Dal Tadka,Indian,dinner,True,304,12,77,26,5,350,6.12,11.07
RCP05243,Indian Desserts Special 494,Indian,morning_snack,False,644,42,49,22,7,1104,5.22,13.9
RCP05244,Indian Desserts Special 495,Indian,morning_snack,True,550,8,34,10,4,1366,3.42,4.86
RCP05245,Indian Desserts Special 496,Indian,morning_snack,False,509,21,67,30,14,1059,6.12,14.88
RCP05246,Indian Desserts Special 497,Indian,morning_snack,False,616,22,35,21,5,1241,4.14,10.77
RCP05247,Indian Desserts Special 498,Indian,morning_snack,True,176,13,54,17,14,582,5.22,24.64
RCP05248,Indian Desserts Special 499,Indian,morning_snack,True,338,19,63,10,10,811,1.8,22.67
RCP05249,Masala Dosa,Indian,breakfast,False,153,24,79,29,12,900,5.76,6.27
RCP05250,Indian Desserts Special 501,Indian,morning_snack,False,622,42,43,23,8,1217,4.5,20.39
RCP05251,Chole Bhature,Indian,breakfast,False,209,43,50,39,6,661,2.88,22.8
RCP05252,Rogan Josh,Indian,dinner,False,384,31,44,31,7,1099,2.34,20.91
RCP05253,Indian Desserts Special 504,Indian,morning_snack,False,738,27,60,36,3,1462,4.86,24.09
RCP05254,Gulab Jamun,Indian,morning_snack,False,223,21,69,28,6,746,4.68,8.46
RCP05255,Indian Desserts Special 506,Indian,morning_snack,False,224,28,48,29,14,273,6.66,9.85
RCP05256,Tandoori Chicken,Indian,morning_snack,False,640,24,72,29,2,596,2.7,9.1
RCP05257,Paneer Tikka,Indian,morning_snack,False,352,7,52,29,12,1166,5.4,10.49
RCP05258,Masala Dosa,Indian,breakfast,False,472,21,59,21,10,1431,3.24,13.48
RCP05259,Indian Desserts Special 510,Indian,morning_snack,False,251,48,37,34,11,1000,2.34,5.77
RCP05260,Butter Chicken,Indian,dinner,False,762,20,44,22,7,298,5.4,24.61
RCP05261,Indian Desserts Special 512,Indian,morning_snack,True,762,7,66,17,4,645,1.8,8.79
RCP05262,Indian Desserts Special 513,Indian,morning_snack,False,628,47,35,25,9,782,1.8,18.41
RCP05263,Indian Desserts Special 514,Indian,morning_snack,False,382,20,52,38,9,1198,3.06,10.06
RCP05264,Biryani,Indian,dinner,False,315,48,53,29,10,1173,4.68,12.5
RCP05265,Masala Dosa,Indian,breakfast,True,707,19,48,13,8,612,6.84,10.46
RCP05266,Indian Desserts Special 517,Indian,morning_snack,False,226,42,73,22,9,350,1.8,15.67
RCP05267,Vindaloo,Indian,dinner,False,665,47,73,37,7,542,3.78,20.54
RCP05268,Indian Desserts Special 519,Indian,morning_snack,False,378,14,48,10,6,1140,5.58,9.93
RCP05269,Chole Bhature,Indian,breakfast,False,416,38,73,15,8,737,5.76,11.63
RCP05270,Paneer Tikka,Indian,morning_snack,False,666,28,34,27,13,472,6.3,7.78
RCP05271,Tandoori Chicken,Indian,morning_snack,False,366,22,41,22,2,874,3.6,9.18
RCP05272,Gulab Jamun,Indian,morning_snack,False,549,13,63,16,5,1432,4.5,22.81
RCP05273,Butter Chicken,Indian,dinner,False,402,22,75,35,6,901,5.4,18.83
RCP05274,Gulab Jamun,Indian,morning_snack,True,545,17,36,25,2,545,3.42,12.32
RCP05275,Butter Chicken,Indian,dinner,False,356,49,32,38,6,279,3.24,11.01
RCP05276,Chole Bhature,Indian,breakfast,False,585,33,30,25,14,1064,3.06,3.17
RCP05277,Butter Chicken,Indian,dinner,False,348,32,77,31,7,906,6.12,4.43
RCP05278,Biryani,Indian,dinner,False,227,35,35,24,10,696,5.22,22.28
RCP05279,Indian Desserts Special 530,Indian,morning_snack,False,328,35,35,39,11,205,4.14,15.19
RCP05280,Idli,Indian,breakfast,False,444,42,59,35,6,916,5.76,14.51
RCP05281,Samosa,Indian,morning_snack,True,632,13,31,11,9,1405,4.14,23.34
RCP05282,Butter Chicken,Indian,dinner,False,722,15,67,23,7,1112,5.76,6.89
RCP05283,Rogan Josh,Indian,dinner,False,289,45,69,18,11,676,2.88,23.67
RCP05284,Vindaloo,Indian,dinner,False,231,48,50,37,7,1394,1.8,15.02
RCP05285,Samosa,Indian,morning_snack,True,568,11,57,27,11,670,4.68,11.12
RCP05286,Indian Desserts Special 537,Indian,morning_snack,True,459,14,66,16,12,1452,3.42,24.04
RCP05287,Chole Bhature,Indian,breakfast,False,526,30,68,39,14,1089,3.6,19.81
RCP05288,Biryani,Indian,dinner,False,779,31,73,35,5,1391,3.24,21.86
RCP05289,Vindaloo,Indian,dinner,False,152,8,30,16,6,718,4.68,17.29
RCP05290,Indian Desserts Special 541,Indian,morning_snack,False,318,25,72,28,8,659,2.7,16.82
RCP05291,Biryani,Indian,dinner,False,379,14,73,19,2,1245,1.98,22.61
RCP05292,Indian Desserts Special 543,Indian,morning_snack,True,215,19,53,26,10,769,6.3,23.47
RCP05293,Butter Chicken,Indian,dinner,False,712,33,36,24,6,1091,3.06,14.39
RCP05294,Dosa,Indian,breakfast,False,631,33,45,20,11,778,7.02,3.61
RCP05295,Indian Desserts Special 546,Indian,morning_snack,False,522,25,70,29,6,509,2.52,9.22
RCP05296,Indian Desserts Special 547,Indian,morning_snack,False,240,29,53,37,4,1164,4.14,14.44
RCP05297,Vindaloo,Indian,dinner,False,221,10,72,24,14,966,5.22,21.66
RCP05298,Indian Desserts Special 549,Indian,morning_snack,False,402,46,78,39,2,607,5.4,8.98
RCP05299,Indian Desserts Special 550,Indian,morning_snack,False,479,38,68,30,14,1194,5.22,23.22
RCP05300,Biryani,Indian,dinner,False,756,36,69,34,11,1250,5.4,16.21
RCP05301,Indian Desserts Special 552,Indian,morning_snack,False,553,43,46,19,12,1378,6.3,5.19
RCP05302,Dal Tadka,Indian,dinner,True,185,13,76,13,9,514,3.06,13.34
RCP05303,Vindaloo,Indian,dinner,False,298,21,68,36,5,1027,6.48,5.14
RCP05304,Biryani,Indian,dinner,False,360,40,63,38,14,411,6.66,23.88
RCP05305,Idli,Indian,breakfast,False,309,48,60,30,4,749,2.52,20.49
RCP05306,Chole Bhature,Indian,breakfast,False,210,40,70,26,11,871,5.76,4.82
RCP05307,Dal Tadka,Indian,dinner,True,407,6,61,13,13,437,3.96,5.54
RCP05308,Indian Desserts Special 559,Indian,morning_snack,False,636,23,68,26,9,653,4.32,23.24
RCP05309,Idli,Indian,breakfast,False,525,25,72,35,5,320,3.24,8.51
RCP05310,Indian Desserts Special 561,Indian,morning_snack,False,539,25,71,29,9,1112,5.58,11.51
RCP05311,Masala Dosa,Indian,breakfast,False,263,29,39,31,3,743,4.5,13.03
RCP05312,Indian Desserts Special 563,Indian,morning_snack,False,361,39,55,37,12,597,3.06,22.88
RCP05313,Masala Dosa,Indian,breakfast,True,675,13,75,27,10,950,4.32,6.16
RCP05314,Naan,Indian,breakfast,True,428,16,67,29,5,401,4.5,19.06
RCP05315,Indian Desserts Special 566,Indian,morning_snack,False,772,39,45,22,4,779,1.98,2.74
RCP05316,Butter Chicken,Indian,dinner,False,570,6,73,10,9,317,5.04,2.96
RCP05317,Chole Bhature,Indian,breakfast,False,275,33,42,34,14,269,3.6,13.75
RCP05318,Masala Dosa,Indian,breakfast,False,388,6,48,20,4,1101,3.42,9.42
RCP05319,Butter Chicken,Indian,dinner,False,588,48,37,25,8,851,2.7,15.15
RCP05320,Dosa,Indian,breakfast,False,290,40,68,28,5,1475,2.16,3.04
RCP05321,Indian Desserts Special 572,Indian,morning_snack,False,338,31,56,31,4,1348,3.06,2.2
RCP05322,Chole Bhature,Indian,breakfast,False,542,21,69,29,6,416,5.76,10.13
RCP05323,Indian Desserts Special 574,Indian,morning_snack,False,603,6,71,17,14,1342,6.66,5.06
RCP05324,Butter Chicken,Indian,dinner,False,158,36,78,24,14,1258,4.14,11.99
RCP05325,Indian Desserts Special 576,Indian,morning_snack,False,384,24,31,34,4,1020,5.4,13.7
RCP05326,Naan,Indian,breakfast,False,409,12,78,13,7,463,2.52,14.54
RCP05327,Indian Desserts Special 578,Indian,morning_snack,False,174,23,41,26,10,1111,2.52,23.24
RCP05328,Vindaloo,Indian,dinner,False,727,39,54,32,5,858,4.32,15.36
RCP05329,Idli,Indian,breakfast,False,511,48,73,23,14,579,1.8,4.67
RCP05330,Indian Desserts Special 581,Indian,morning_snack,False,661,41,69,15,5,1016,2.7,19.44
RCP05331,Naan,Indian,breakfast,False,171,34,48,21,3,778,1.8,22.98
RCP05332,Gulab Jamun,Indian,morning_snack,False,328,32,56,24,5,323,2.34,10.68
RCP05333,Butter Chicken,Indian,dinner,False,494,24,31,38,2,1391,4.68,6.68
RCP05334,Naan,Indian,breakfast,True,650,19,77,13,3,1477,5.76,15.7
RCP05335,Vindaloo,Indian,dinner,False,753,42,35,27,7,1450,2.52,17.56
RCP05336,Butter Chicken,Indian,dinner,False,403,17,73,29,7,387,3.24,9.81
RCP05337,Paneer Tikka,Indian,morning_snack,False,233,39,46,17,7,1104,5.58,8.51
RCP05338,Biryani,Indian,dinner,False,414,22,32,16,8,1073,2.88,2.72
RCP05339,Gulab Jamun,Indian,morning_snack,False,454,5,45,16,10,337,7.02,3.07
RCP05340,Naan,Indian,breakfast,False,688,46,41,33,11,854,4.68,5.86
RCP05341,Paneer Tikka,Indian,morning_snack,False,225,14,70,29,8,1413,5.76,5.83
RCP05342,Indian Beverages Special 10,Indian,morning_snack,False,494,41,51,21,3,639,4.5,15.61
RCP05343,Dal Tadka,Indian,dinner,True,327,11,77,22,8,1001,2.7,8.1
RCP05344,Indian Beverages Special 12,Indian,morning_snack,False,397,44,38,17,9,998,2.7,24.46
RCP05345,Rogan Josh,Indian,dinner,False,221,37,42,39,2,980,1.98,17.65
RCP05346,Naan,Indian,breakfast,False,428,26,57,21,2,1486,6.84,24.08
RCP05347,Indian Beverages Special 15,Indian,morning_snack,False,170,34,58,26,2,616,6.66,3.34
RCP05348,Indian Beverages Special 16,Indian,morning_snack,False,648,35,70,39,4,1412,5.04,21.8
RCP05349,Indian Beverages Special 17,Indian,morning_snack,False,158,25,78,18,8,449,4.14,23.7
RCP05350,Indian Beverages Special 18,Indian,morning_snack,False,503,44,45,26,11,1446,6.48,7.35
RCP05351,Indian Beverages Special 19,Indian,morning_snack,False,758,29,31,37,12,988,4.32,2.54
RCP05352,Indian Beverages Special 20,Indian,morning_snack,False,280,40,61,24,12,841,4.14,10.38
RCP05353,Dosa,Indian,breakfast,False,220,23,47,20,8,757,2.16,7.24
RCP05354,Masala Dosa,Indian,breakfast,False,680,46,56,36,6,1075,2.52,16.35
RCP05355,Gulab Jamun,Indian,morning_snack,False,462,12,34,28,10,897,2.34,13.64
RCP05356,Masala Dosa,Indian,breakfast,False,579,46,34,38,8,1087,7.02,6.61
RCP05357,Tandoori Chicken,Indian,morning_snack,False,560,7,40,28,10,969,1.98,21.23
RCP05358,Paneer Tikka,Indian,morning_snack,False,722,35,36,19,10,689,4.5,4.82
RCP05359,Rogan Josh,Indian,dinner,False,792,35,47,34,3,895,4.14,14.8
RCP05360,Masala Dosa,Indian,breakfast,False,493,42,35,21,14,656,4.68,4.64
RCP05361,Chole Bhature,Indian,breakfast,False,759,43,37,34,11,1116,4.5,24.81
RCP05362,Naan,Indian,breakfast,False,451,44,74,32,2,1470,5.4,19.13
RCP05363,Indian Beverages Special 31,Indian,morning_snack,True,551,16,58,19,3,1337,3.6,15.08
RCP05364,Vindaloo,Indian,dinner,False,400,14,32,24,9,358,6.84,7.03
RCP05365,Indian Beverages Special 33,Indian,morning_snack,False,180,5,56,13,12,782,4.5,7.73
RCP05366,Naan,Indian,breakfast,False,771,48,69,23,11,918,2.7,23.17
RCP05367,Samosa,Indian,morning_snack,False,520,41,67,15,3,590,4.86,16.03
RCP05368,Indian Beverages Special 36,Indian,morning_snack,False,799,8,67,14,3,489,2.88,5.46
RCP05369,Dal Tadka,Indian,dinner,False,702,24,59,32,2,418,3.42,2.8
RCP05370,Paneer Tikka,Indian,morning_snack,False,281,24,54,22,12,298,1.98,2.11
RCP05371,Tandoori Chicken,Indian,morning_snack,False,302,31,73,34,5,1408,5.76,23.59
RCP05372,Naan,Indian,breakfast,False,175,45,63,30,10,633,3.78,24.44
RCP05373,Masala Dosa,Indian,breakfast,True,179,14,53,24,7,564,6.12,14.02
RCP05374,Naan,Indian,breakfast,False,587,26,47,18,8,668,6.12,16.55
RCP05375,Butter Chicken,Indian,dinner,False,712,7,31,24,5,1089,3.24,9.91
RCP05376,Idli,Indian,breakfast,False,255,21,60,21,6,878,3.78,17.68
RCP05377,Indian Beverages Special 45,Indian,morning_snack,False,606,22,78,33,3,1064,4.14,7.84
RCP05378,Masala Dosa,Indian,breakfast,False,484,43,69,38,12,1413,4.86,16.14
RCP05379,Chole Bhature,Indian,breakfast,True,365,11,54,26,2,1430,4.32,5.25
RCP05380,Masala Dosa,Indian,breakfast,False,349,49,62,24,12,1086,7.02,9.12
RCP05381,Vindaloo,Indian,dinner,False,563,25,43,26,10,1326,3.06,8.48
RCP05382,Indian Beverages Special 50,Indian,morning_snack,False,174,45,77,30,3,1397,5.94,5.96
RCP05383,Vindaloo,Indian,dinner,False,297,49,68,27,13,1337,6.3,9.6
RCP05384,Dosa,Indian,breakfast,False,661,25,77,16,10,356,5.76,10.95
RCP05385,Butter Chicken,Indian,dinner,False,285,40,38,15,3,266,6.48,19.34
RCP05386,Indian Beverages Special 54,Indian,morning_snack,True,719,9,61,27,5,1148,3.24,22.93
RCP05387,Indian Beverages Special 55,Indian,morning_snack,False,315,40,74,18,4,1457,4.86,22.85
RCP05388,Indian Beverages Special 56,Indian,morning_snack,True,741,8,71,24,8,1236,5.22,3.21
RCP05389,Dal Tadka,Indian,dinner,False,418,23,44,29,8,695,2.88,22.51
RCP05390,Dal Tadka,Indian,dinner,False,490,40,35,19,2,869,5.94,6.82
RCP05391,Idli,Indian,breakfast,False,515,49,36,39,14,1107,4.5,23.66
RCP05392,Idli,Indian,breakfast,False,590,49,77,32,6,447,3.78,18.53
RCP05393,Indian Beverages Special 61,Indian,morning_snack,False,541,20,74,23,6,642,5.58,8.46
RCP05394,Dal Tadka,Indian,dinner,True,234,16,49,25,9,873,4.68,6.89
RCP05395,Butter Chicken,Indian,dinner,False,512,17,56,15,14,554,2.88,23.17
RCP05396,Indian Beverages Special 64,Indian,morning_snack,False,634,22,57,35,12,310,2.52,8.24
RCP05397,Indian Beverages Special 65,Indian,morning_snack,False,253,20,67,21,5,1116,5.76,8.15
RCP05398,Butter Chicken,Indian,dinner,False,182,48,33,18,14,634,6.48,5.49
RCP05399,Rogan Josh,Indian,dinner,False,236,20,69,23,7,1385,3.78,8.91
RCP05400,Chole Bhature,Indian,breakfast,False,426,29,53,17,2,960,1.98,10.24
RCP05401,Indian Beverages Special 69,Indian,morning_snack,True,386,15,35,22,3,230,6.84,4.66
RCP05402,Samosa,Indian,morning_snack,False,753,26,58,19,6,925,6.48,12.94
RCP05403,Rogan Josh,Indian,dinner,False,316,24,40,19,9,1006,3.24,10.13
RCP05404,Dosa,Indian,breakfast,False,680,44,47,31,9,668,6.66,12.77
RCP05405,Biryani,Indian,dinner,True,198,14,36,25,13,324,3.42,10.32
RCP05406,Indian Beverages Special 74,Indian,morning_snack,False,393,22,70,27,3,1429,4.14,21.39
RCP05407,Rogan Josh,Indian,dinner,False,332,10,70,25,3,421,6.66,10.47
RCP05408,Naan,Indian,breakfast,False,183,37,73,35,4,1335,6.12,5.49
RCP05409,Indian Beverages Special 77,Indian,morning_snack,True,432,16,36,10,2,436,2.34,2.67
RCP05410,Tandoori Chicken,Indian,morning_snack,False,688,28,60,16,14,510,2.34,2.17
RCP05411,Indian Beverages Special 79,Indian,morning_snack,False,418,47,57,31,4,1496,4.86,12.69
RCP05412,Gulab Jamun,Indian,morning_snack,False,333,38,49,18,2,1331,3.06,13.3
RCP05413,Indian Beverages Special 81,Indian,morning_snack,False,266,13,73,23,14,502,7.02,23.58
RCP05414,Masala Dosa,Indian,breakfast,False,193,27,70,37,8,1164,5.94,13.08
RCP05415,Indian Beverages Special 83,Indian,morning_snack,False,256,43,40,21,12,295,4.14,5.56
RCP05416,Vindaloo,Indian,dinner,False,219,26,40,32,14,589,3.06,4.16
RCP05417,Idli,Indian,breakfast,False,423,34,52,20,12,626,4.32,6.77
RCP05418,Dosa,Indian,breakfast,False,417,43,38,26,5,870,3.06,2.12
RCP05419,Vindaloo,Indian,dinner,False,567,41,58,22,13,899,3.42,23.92
RCP05420,Masala Dosa,Indian,breakfast,True,719,17,58,13,9,1394,5.22,19.07
RCP05421,Vindaloo,Indian,dinner,False,420,6,45,21,12,1044,2.34,6.47
RCP05422,Butter Chicken,Indian,dinner,False,592,32,40,38,10,286,6.66,10.71
RCP05423,Butter Chicken,Indian,dinner,False,623,12,45,19,3,1443,5.4,14.55
RCP05424,Rogan Josh,Indian,dinner,False,201,35,65,15,12,361,5.04,2.03
RCP05425,Gulab Jamun,Indian,morning_snack,True,455,8,63,18,8,859,6.12,15.65
RCP05426,Chole Bhature,Indian,breakfast,False,798,29,39,21,3,1371,2.34,7.5
RCP05427,Idli,Indian,breakfast,True,722,9,44,29,8,639,3.96,17.83
RCP05428,Gulab Jamun,Indian,morning_snack,False,297,24,71,33,9,452,5.22,2.08
RCP05429,Dosa,Indian,breakfast,True,787,19,70,23,10,1252,4.68,18.25
RCP05430,Samosa,Indian,morning_snack,False,533,31,69,33,14,655,1.8,22.71
RCP05431,Dal Tadka,Indian,dinner,False,593,20,47,23,11,234,6.3,6.78
RCP05432,Dal Tadka,Indian,dinner,False,412,47,45,16,12,210,1.8,21.14
RCP05433,Indian Beverages Special 101,Indian,morning_snack,False,638,6,77,19,4,383,5.94,11.06
RCP05434,Dal Tadka,Indian,dinner,False,433,39,73,34,9,1043,3.42,24.04
RCP05435,Samosa,Indian,morning_snack,False,493,23,51,34,2,315,5.4,9.18
RCP05436,Paneer Tikka,Indian,morning_snack,False,232,48,39,15,5,1009,6.3,9.18
RCP05437,Chole Bhature,Indian,breakfast,True,620,19,54,20,9,522,5.22,16.79
RCP05438,Vindaloo,Indian,dinner,False,248,44,46,30,6,1420,6.84,11.18
RCP05439,Vindaloo,Indian,dinner,False,501,45,77,18,11,948,3.42,3.4
RCP05440,Indian Beverages Special 108,Indian,morning_snack,False,731,42,30,20,10,1068,3.96,23.32
RCP05441,Tandoori Chicken,Indian,morning_snack,False,333,9,40,27,6,240,6.12,16.27
RCP05442,Dosa,Indian,breakfast,False,329,45,62,35,7,1291,4.14,12.59
RCP05443,Paneer Tikka,Indian,morning_snack,False,191,41,70,15,6,1296,3.96,12.63
RCP05444,Dal Tadka,Indian,dinner,False,628,45,49,26,14,358,6.3,13.09
RCP05445,Samosa,Indian,morning_snack,False,560,32,68,19,2,599,5.94,19.9
RCP05446,Samosa,Indian,morning_snack,False,596,28,46,25,9,543,4.14,11.28
RCP05447,Dosa,Indian,breakfast,False,511,46,63,28,3,397,5.58,2.36
RCP05448,Chole Bhature,Indian,breakfast,False,481,17,48,11,8,529,1.98,17.86
RCP05449,Gulab Jamun,Indian,morning_snack,False,594,47,70,19,2,685,3.78,8.39
RCP05450,Indian Beverages Special 118,Indian,morning_snack,False,783,26,54,29,3,1359,4.5,24.19
RCP05451,Idli,Indian,breakfast,False,684,43,73,16,4,371,3.42,4.47
RCP05452,Indian Beverages Special 120,Indian,morning_snack,True,786,15,30,12,2,992,5.4,6.59
RCP05453,Gulab Jamun,Indian,morning_snack,False,253,20,79,36,10,262,5.94,14.92
RCP05454,Indian Beverages Special 122,Indian,morning_snack,False,281,6,60,23,5,1496,2.16,19.78
RCP05455,Idli,Indian,breakfast,False,744,35,51,19,9,1339,3.06,19.75
RCP05456,Biryani,Indian,dinner,True,240,6,62,15,4,917,4.32,23.54
RCP05457,Paneer Tikka,Indian,morning_snack,False,793,26,42,21,5,445,4.68,13.48
RCP05458,Indian Beverages Special 126,Indian,morning_snack,False,338,23,57,38,12,1253,4.86,6.63
RCP05459,Indian Beverages Special 127,Indian,morning_snack,False,396,44,60,20,4,564,6.3,14.06
RCP05460,Chole Bhature,Indian,breakfast,False,493,20,63,38,8,805,3.42,13.15
RCP05461,Indian Beverages Special 129,Indian,morning_snack,False,251,39,30,24,14,560,2.7,14.78
RCP05462,Biryani,Indian,dinner,False,430,43,52,37,10,439,4.14,22.82
RCP05463,Indian Beverages Special 131,Indian,morning_snack,True,790,15,79,14,10,1223,4.32,9.19
RCP05464,Indian Beverages Special 132,Indian,morning_snack,False,656,42,54,31,8,1396,6.12,7.78
RCP05465,Indian Beverages Special 133,Indian,morning_snack,False,378,33,78,34,6,505,2.16,17.28
RCP05466,Indian Beverages Special 134,Indian,morning_snack,True,693,13,33,22,14,632,4.68,19.86
RCP05467,Idli,Indian,breakfast,False,323,35,63,27,14,536,3.24,14.07
RCP05468,Vindaloo,Indian,dinner,False,457,13,57,21,14,997,5.94,10.43
RCP05469,Chole Bhature,Indian,breakfast,True,267,19,37,25,6,1165,7.02,21.5
RCP05470,Idli,Indian,breakfast,False,558,42,75,22,2,546,1.98,18.05
RCP05471,Indian Beverages Special 139,Indian,morning_snack,False,713,43,65,25,3,1496,6.48,17.79
RCP05472,Naan,Indian,breakfast,False,204,46,38,24,11,691,6.84,14.73
RCP05473,Vindaloo,Indian,dinner,False,306,11,69,19,10,607,1.98,22.39
RCP05474,Masala Dosa,Indian,breakfast,False,482,37,63,26,9,1093,4.68,6.73
RCP05475,Chole Bhature,Indian,breakfast,False,512,17,50,24,11,555,5.04,14.71
RCP05476,Dosa,Indian,breakfast,False,564,30,43,33,11,571,3.6,21.42
RCP05477,Gulab Jamun,Indian,morning_snack,True,696,17,65,14,8,671,2.34,17.03
RCP05478,Dosa,Indian,breakfast,False,445,40,41,23,12,374,3.06,2.12
RCP05479,Indian Beverages Special 147,Indian,morning_snack,True,290,6,51,14,4,1016,3.42,9.36
RCP05480,Paneer Tikka,Indian,morning_snack,False,232,38,62,34,3,262,1.8,15.16
RCP05481,Indian Beverages Special 149,Indian,morning_snack,False,426,46,62,25,5,501,1.98,4.92
RCP05482,Butter Chicken,Indian,dinner,False,513,48,31,34,9,545,2.16,15.0
RCP05483,Indian Beverages Special 151,Indian,morning_snack,False,150,47,39,24,14,742,6.48,13.0
RCP05484,Indian Beverages Special 152,Indian,morning_snack,True,752,18,58,25,6,1423,6.12,17.12
RCP05485,Vindaloo,Indian,dinner,False,724,47,42,33,10,1397,2.34,11.91
RCP05486,Dosa,Indian,breakfast,False,349,11,44,21,6,881,3.96,2.06
RCP05487,Paneer Tikka,Indian,morning_snack,False,463,35,38,34,10,1383,7.02,10.64
RCP05488,Tandoori Chicken,Indian,morning_snack,False,251,16,40,26,2,651,5.4,16.95
RCP05489,Idli,Indian,breakfast,False,672,47,42,26,4,1072,1.8,10.13
RCP05490,Indian Beverages Special 158,Indian,morning_snack,True,607,7,46,11,10,1001,6.48,14.52
RCP05491,Butter Chicken,Indian,dinner,False,553,8,50,23,4,239,3.96,20.95
RCP05492,Biryani,Indian,dinner,False,466,30,31,22,10,1044,6.12,23.92
RCP05493,Rogan Josh,Indian,dinner,False,716,40,66,34,2,610,3.42,11.35
RCP05494,Masala Dosa,Indian,breakfast,False,612,39,32,33,2,224,3.24,3.18
RCP05495,Butter Chicken,Indian,dinner,False,352,9,43,12,13,558,2.16,6.2
RCP05496,Dal Tadka,Indian,dinner,False,699,19,75,11,4,437,3.24,22.11
RCP05497,Indian Beverages Special 165,Indian,morning_snack,False,503,12,67,18,12,690,2.52,7.18
RCP05498,Butter Chicken,Indian,dinner,False,780,21,60,32,6,1250,3.78,24.56
RCP05499,Indian Beverages Special 167,Indian,morning_snack,False,161,24,55,38,4,1437,2.16,4.36
RCP05500,Paneer Tikka,Indian,morning_snack,False,332,41,51,32,4,813,5.04,6.64
RCP05501,Indian Beverages Special 169,Indian,morning_snack,True,619,9,51,28,6,333,1.98,23.32
RCP05502,Paneer Tikka,Indian,morning_snack,False,624,22,62,23,3,481,3.78,10.77
RCP05503,Indian Beverages Special 171,Indian,morning_snack,False,391,30,75,30,4,556,6.48,9.36
RCP05504,Tandoori Chicken,Indian,morning_snack,False,243,48,62,16,3,1478,5.76,9.76
RCP05505,Rogan Josh,Indian,dinner,False,665,49,58,31,2,1032,3.24,5.29
RCP05506,Dal Tadka,Indian,dinner,False,602,48,69,32,11,786,3.24,2.97
RCP05507,Paneer Tikka,Indian,morning_snack,False,395,43,63,39,10,822,5.4,5.12
RCP05508,Gulab Jamun,Indian,morning_snack,False,159,27,69,28,11,941,6.66,16.18
RCP05509,Biryani,Indian,dinner,True,493,6,37,12,12,857,6.12,3.14
RCP05510,Indian Beverages Special 178,Indian,morning_snack,False,552,38,59,18,8,923,2.52,12.61
RCP05511,Masala Dosa,Indian,breakfast,False,473,28,72,36,10,1290,6.3,8.66
RCP05512,Masala Dosa,Indian,breakfast,False,740,46,64,25,6,385,4.14,22.18
RCP05513,Indian Beverages Special 181,Indian,morning_snack,False,573,10,33,14,14,1052,3.96,19.71
RCP05514,Samosa,Indian,morning_snack,False,298,20,53,28,5,733,3.96,23.06
RCP05515,Rogan Josh,Indian,dinner,False,783,23,73,38,13,450,3.78,21.31
RCP05516,Indian Beverages Special 184,Indian,morning_snack,False,279,45,53,24,6,261,1.8,7.91
RCP05517,Dal Tadka,Indian,dinner,True,579,13,34,15,4,416,3.78,18.57
RCP05518,Indian Beverages Special 186,Indian,morning_snack,True,527,18,37,21,6,531,6.3,10.56
RCP05519,Indian Beverages Special 187,Indian,morning_snack,True,186,6,41,10,14,1275,3.96,20.88
RCP05520,Idli,Indian,breakfast,True,629,7,46,21,14,859,4.14,8.69
RCP05521,Tandoori Chicken,Indian,morning_snack,False,216,5,47,18,7,1300,4.68,4.14
RCP05522,Dal Tadka,Indian,dinner,True,561,6,75,19,8,1145,6.3,11.59
RCP05523,Indian Beverages Special 191,Indian,morning_snack,True,283,13,56,29,14,497,6.48,15.37
RCP05524,Indian Beverages Special 192,Indian,morning_snack,False,655,35,34,39,11,979,4.86,6.39
RCP05525,Indian Beverages Special 193,Indian,morning_snack,False,713,22,60,37,12,814,5.76,6.79
RCP05526,Paneer Tikka,Indian,morning_snack,False,381,18,64,16,3,406,2.16,18.19
RCP05527,Dal Tadka,Indian,dinner,False,231,45,34,32,7,552,2.34,11.11
RCP05528,Rogan Josh,Indian,dinner,False,326,12,43,29,3,443,4.86,11.18
RCP05529,Dosa,Indian,breakfast,False,763,41,44,37,6,444,6.66,16.76
RCP05530,Indian Beverages Special 198,Indian,morning_snack,False,685,33,34,15,3,1444,2.52,19.95
RCP05531,Dal Tadka,Indian,dinner,False,390,42,75,34,6,241,1.8,10.97
RCP05532,Paneer Tikka,Indian,morning_snack,False,585,38,77,30,2,1292,6.3,15.32
RCP05533,Indian Beverages Special 201,Indian,morning_snack,False,446,20,31,21,12,1087,3.6,17.49
RCP05534,Indian Beverages Special 202,Indian,morning_snack,False,785,36,44,23,10,230,4.32,9.54
RCP05535,Gulab Jamun,Indian,morning_snack,False,349,34,73,38,10,440,6.48,14.8
RCP05536,Masala Dosa,Indian,breakfast,False,695,28,58,39,6,1144,4.14,10.02
RCP05537,Indian Beverages Special 205,Indian,morning_snack,False,241,42,44,37,11,493,2.16,13.1
RCP05538,Masala Dosa,Indian,breakfast,False,434,26,78,39,13,1085,3.42,22.68
RCP05539,Samosa,Indian,morning_snack,False,249,5,74,13,10,759,6.48,24.8
RCP05540,Indian Beverages Special 208,Indian,morning_snack,False,794,29,55,28,2,1122,3.42,13.05
RCP05541,Biryani,Indian,dinner,True,345,11,35,20,3,1021,5.04,7.33
RCP05542,Tandoori Chicken,Indian,morning_snack,False,581,11,44,22,2,477,1.8,10.16
RCP05543,Paneer Tikka,Indian,morning_snack,False,716,37,54,16,10,726,5.04,9.66
RCP05544,Samosa,Indian,morning_snack,False,771,18,54,25,8,1424,2.16,24.13
RCP05545,Indian Beverages Special 213,Indian,morning_snack,False,666,37,57,19,5,1139,6.48,15.41
RCP05546,Biryani,Indian,dinner,False,184,26,39,29,3,1275,2.7,9.07
RCP05547,Indian Beverages Special 215,Indian,morning_snack,False,625,13,30,21,11,726,2.52,19.44
RCP05548,Indian Beverages Special 216,Indian,morning_snack,False,424,20,44,36,2,1196,5.76,24.79
RCP05549,Dosa,Indian,breakfast,False,544,27,68,36,6,1080,2.52,14.5
RCP05550,Gulab Jamun,Indian,morning_snack,False,324,26,42,34,4,700,3.6,4.7
RCP05551,Gulab Jamun,Indian,morning_snack,False,186,15,57,17,7,1224,6.84,23.53
RCP05552,Vindaloo,Indian,dinner,False,597,9,39,19,3,1082,6.3,16.62
RCP05553,Indian Beverages Special 221,Indian,morning_snack,False,469,37,38,38,13,913,3.24,5.33
RCP05554,Butter Chicken,Indian,dinner,False,659,22,68,32,12,374,7.02,11.55
RCP05555,Butter Chicken,Indian,dinner,False,571,41,32,22,5,617,5.76,4.8
RCP05556,Indian Beverages Special 224,Indian,morning_snack,False,704,41,77,27,12,1437,5.22,23.15
RCP05557,Vindaloo,Indian,dinner,False,652,38,67,21,2,255,2.16,8.14
RCP05558,Indian Beverages Special 226,Indian,morning_snack,True,693,12,43,14,11,1132,3.24,7.44
RCP05559,Indian Beverages Special 227,Indian,morning_snack,False,560,33,52,25,8,1422,4.68,20.26
RCP05560,Samosa,Indian,morning_snack,False,665,47,71,18,8,539,6.12,3.35
RCP05561,Indian Beverages Special 229,Indian,morning_snack,False,600,35,55,30,6,332,6.12,16.15
RCP05562,Idli,Indian,breakfast,False,693,25,73,35,10,1134,2.7,6.61
RCP05563,Butter Chicken,Indian,dinner,False,434,39,68,34,3,1021,5.22,14.85
RCP05564,Biryani,Indian,dinner,False,452,30,76,33,3,1108,4.14,22.17
RCP05565,Dosa,Indian,breakfast,False,575,29,53,22,14,956,2.52,15.72
RCP05566,Indian Beverages Special 234,Indian,morning_snack,True,244,8,72,26,3,503,1.98,20.38
RCP05567,Rogan Josh,Indian,dinner,False,683,20,72,31,9,1214,7.02,24.85
RCP05568,Biryani,Indian,dinner,True,658,13,48,17,13,1034,5.04,2.62
RCP05569,Indian Beverages Special 237,Indian,morning_snack,False,713,38,65,28,9,1472,2.16,14.6
RCP05570,Dosa,Indian,breakfast,False,677,45,56,24,7,843,5.22,15.95
RCP05571,Indian Beverages Special 239,Indian,morning_snack,False,251,27,61,16,9,1475,6.84,8.79
RCP05572,Butter Chicken,Indian,dinner,False,714,23,51,37,6,1229,5.22,10.33
RCP05573,Dal Tadka,Indian,dinner,False,740,38,30,15,12,1435,6.12,19.83
RCP05574,Biryani,Indian,dinner,False,193,26,62,28,9,630,2.88,12.18
RCP05575,Indian Beverages Special 243,Indian,morning_snack,True,509,17,49,12,14,659,6.84,20.16
RCP05576,Masala Dosa,Indian,breakfast,True,604,8,75,14,10,940,3.24,7.79
RCP05577,Vindaloo,Indian,dinner,False,520,41,69,37,6,1282,5.04,2.01
RCP05578,Gulab Jamun,Indian,morning_snack,False,440,24,67,20,4,906,3.24,10.99
RCP05579,Indian Beverages Special 247,Indian,morning_snack,False,429,42,47,30,3,343,3.42,21.1
RCP05580,Indian Beverages Special 248,Indian,morning_snack,False,594,45,75,38,7,1015,3.42,18.1
RCP05581,Samosa,Indian,morning_snack,False,480,49,36,20,2,1224,6.66,6.48
RCP05582,Indian Beverages Special 250,Indian,morning_snack,False,616,36,38,25,9,508,6.84,17.46
RCP05583,Butter Chicken,Indian,dinner,False,313,27,58,15,12,1393,4.5,3.64
RCP05584,Naan,Indian,breakfast,False,516,29,67,19,4,1444,2.7,5.94
RCP05585,Naan,Indian,breakfast,False,423,14,40,10,7,1093,6.12,18.33
RCP05586,Dosa,Indian,breakfast,False,283,43,46,22,13,1330,1.98,23.74
RCP05587,Biryani,Indian,dinner,False,337,49,57,38,9,733,4.68,10.03
RCP05588,Biryani,Indian,dinner,False,317,44,48,24,7,665,3.42,15.65
RCP05589,Dosa,Indian,breakfast,False,687,16,52,10,14,1119,5.22,5.57
RCP05590,Biryani,Indian,dinner,False,739,32,43,38,12,640,2.34,3.91
RCP05591,Tandoori Chicken,Indian,morning_snack,False,216,27,66,16,10,788,3.42,24.5
RCP05592,Vindaloo,Indian,dinner,False,482,32,58,25,8,1081,3.42,9.27
RCP05593,Dal Tadka,Indian,dinner,False,295,23,72,37,9,447,6.12,20.29
RCP05594,Tandoori Chicken,Indian,morning_snack,False,635,25,33,30,12,961,4.14,20.0
RCP05595,Idli,Indian,breakfast,True,207,16,68,17,13,1433,5.76,2.3
RCP05596,Dosa,Indian,breakfast,False,520,40,53,27,9,772,1.8,7.96
RCP05597,Masala Dosa,Indian,breakfast,False,423,14,75,19,8,280,5.76,8.24
RCP05598,Naan,Indian,breakfast,True,467,19,54,12,3,558,2.52,16.46
RCP05599,Dal Tadka,Indian,dinner,False,309,41,44,22,3,222,5.76,12.05
RCP05600,Samosa,Indian,morning_snack,False,293,48,41,15,12,1445,1.8,18.46
RCP05601,Indian Beverages Special 269,Indian,morning_snack,False,450,20,53,28,9,1297,3.96,2.77
RCP05602,Gulab Jamun,Indian,morning_snack,False,545,37,47,27,8,631,1.8,16.71
RCP05603,Gulab Jamun,Indian,morning_snack,False,557,26,66,22,3,1156,1.8,13.96
RCP05604,Indian Beverages Special 272,Indian,morning_snack,True,654,18,46,27,9,320,4.5,2.71
RCP05605,Chole Bhature,Indian,breakfast,False,487,6,41,15,13,1277,5.4,11.54
RCP05606,Indian Beverages Special 274,Indian,morning_snack,False,673,34,34,23,6,1002,6.66,22.01
RCP05607,Naan,Indian,breakfast,False,529,28,58,28,9,1053,4.68,20.64
RCP05608,Dosa,Indian,breakfast,False,651,19,34,27,5,606,4.68,3.96
RCP05609,Gulab Jamun,Indian,morning_snack,True,366,15,40,14,9,727,3.24,21.81
RCP05610,Indian Beverages Special 278,Indian,morning_snack,True,307,16,44,11,8,1270,3.06,21.47
RCP05611,Idli,Indian,breakfast,False,604,48,73,37,6,1351,3.24,8.56
RCP05612,Samosa,Indian,morning_snack,True,184,12,64,15,8,564,5.58,9.5
RCP05613,Paneer Tikka,Indian,morning_snack,False,235,48,59,17,7,1410,5.22,5.42
RCP05614,Tandoori Chicken,Indian,morning_snack,False,536,19,30,18,14,272,7.02,16.12
RCP05615,Indian Beverages Special 283,Indian,morning_snack,True,483,14,42,13,10,1014,3.24,5.61
RCP05616,Indian Beverages Special 284,Indian,morning_snack,False,236,49,36,36,5,566,4.14,20.72
RCP05617,Indian Beverages Special 285,Indian,morning_snack,False,187,41,77,36,6,520,5.76,4.56
RCP05618,Idli,Indian,breakfast,False,634,49,72,38,7,908,3.96,3.85
RCP05619,Tandoori Chicken,Indian,morning_snack,False,428,48,59,36,7,1127,5.22,11.74
RCP05620,Butter Chicken,Indian,dinner,False,794,5,70,21,6,883,4.14,10.41
RCP05621,Rogan Josh,Indian,dinner,False,679,36,45,39,5,748,2.34,24.69
RCP05622,Indian Beverages Special 290,Indian,morning_snack,False,779,32,69,26,11,223,4.68,5.85
RCP05623,Indian Beverages Special 291,Indian,morning_snack,False,526,30,64,35,5,807,5.76,9.45
RCP05624,Idli,Indian,breakfast,False,579,30,30,39,10,1228,4.14,17.8
RCP05625,Rogan Josh,Indian,dinner,False,674,21,68,22,5,1312,5.22,9.91
RCP05626,Dal Tadka,Indian,dinner,False,157,23,61,39,12,761,6.3,3.86
RCP05627,Butter Chicken,Indian,dinner,False,570,19,38,22,6,282,3.6,2.96
RCP05628,Idli,Indian,breakfast,False,359,40,75,22,5,1078,2.52,13.88
RCP05629,Gulab Jamun,Indian,morning_snack,False,247,33,70,19,4,1309,2.52,12.46
RCP05630,Tandoori Chicken,Indian,morning_snack,False,501,45,37,26,6,876,3.24,10.85
RCP05631,Tandoori Chicken,Indian,morning_snack,False,612,37,31,23,14,808,4.32,21.72
RCP05632,Indian Beverages Special 300,Indian,morning_snack,False,588,43,51,21,5,356,1.8,4.64
RCP05633,Masala Dosa,Indian,breakfast,False,504,45,64,22,12,818,5.04,13.03
RCP05634,Indian Beverages Special 302,Indian,morning_snack,False,284,27,58,28,10,1009,3.6,16.62
RCP05635,Gulab Jamun,Indian,morning_snack,False,517,27,55,21,4,987,3.96,14.38
RCP05636,Chole Bhature,Indian,breakfast,False,266,23,77,15,11,525,6.12,15.52
RCP05637,Indian Beverages Special 305,Indian,morning_snack,True,529,8,73,29,9,473,7.02,5.14
RCP05638,Idli,Indian,breakfast,True,170,7,52,10,13,387,2.52,3.11
RCP05639,Dal Tadka,Indian,dinner,False,522,39,60,31,14,807,5.76,9.26
RCP05640,Dosa,Indian,breakfast,True,659,11,56,18,11,784,2.7,10.24
RCP05641,Samosa,Indian,morning_snack,True,286,6,60,11,4,1161,4.32,23.52
RCP05642,Idli,Indian,breakfast,False,187,12,41,25,9,663,4.14,17.14
RCP05643,Tandoori Chicken,Indian,morning_snack,False,524,36,42,18,5,1331,2.34,16.63
RCP05644,Butter Chicken,Indian,dinner,False,590,24,64,18,5,274,3.06,9.45
RCP05645,Naan,Indian,breakfast,True,692,14,40,27,12,499,5.22,19.8
RCP05646,Paneer Tikka,Indian,morning_snack,False,301,10,47,19,14,1341,5.04,14.48
RCP05647,Indian Beverages Special 315,Indian,morning_snack,False,471,40,68,25,5,1126,2.52,15.38
RCP05648,Indian Beverages Special 316,Indian,morning_snack,False,215,48,65,26,6,1437,6.12,15.69
RCP05649,Indian Beverages Special 317,Indian,morning_snack,True,767,7,75,27,2,1333,3.6,23.17
RCP05650,Indian Beverages Special 318,Indian,morning_snack,False,449,28,61,36,10,1140,6.3,12.87
RCP05651,Indian Beverages Special 319,Indian,morning_snack,False,190,6,46,26,3,934,5.04,19.8
RCP05652,Biryani,Indian,dinner,False,562,43,66,37,8,1378,4.5,21.49
RCP05653,Dal Tadka,Indian,dinner,True,434,13,61,16,8,904,3.6,3.17
RCP05654,Indian Beverages Special 322,Indian,morning_snack,False,494,26,57,33,4,1266,1.98,22.37
RCP05655,Masala Dosa,Indian,breakfast,False,420,22,41,27,14,642,4.68,21.5
RCP05656,Indian Beverages Special 324,Indian,morning_snack,False,641,44,34,18,10,1379,3.6,15.29
RCP05657,Paneer Tikka,Indian,morning_snack,False,498,13,45,19,4,303,4.32,24.43
RCP05658,Indian Beverages Special 326,Indian,morning_snack,False,786,31,64,37,8,922,5.58,20.87
RCP05659,Dal Tadka,Indian,dinner,False,161,24,49,21,2,1250,1.8,20.45
RCP05660,Indian Beverages Special 328,Indian,morning_snack,True,708,11,36,15,5,1044,4.86,8.84
RCP05661,Idli,Indian,breakfast,False,177,29,42,18,2,1029,2.16,23.46
RCP05662,Rogan Josh,Indian,dinner,False,187,16,71,20,6,1229,3.42,14.01
RCP05663,Indian Beverages Special 331,Indian,morning_snack,True,647,12,39,11,2,296,4.5,23.89
RCP05664,Samosa,Indian,morning_snack,False,716,29,64,33,3,463,4.68,22.9
RCP05665,Rogan Josh,Indian,dinner,False,681,32,69,37,10,645,7.02,18.54
RCP05666,Indian Beverages Special 334,Indian,morning_snack,False,783,48,41,25,6,556,4.5,13.82
RCP05667,Indian Beverages Special 335,Indian,morning_snack,True,327,17,33,18,5,1198,3.42,14.7
RCP05668,Biryani,Indian,dinner,False,200,14,48,12,12,1072,3.6,12.51
RCP05669,Butter Chicken,Indian,dinner,False,635,26,78,15,9,471,2.34,19.92
RCP05670,Dal Tadka,Indian,dinner,False,469,32,43,33,14,338,6.3,10.88
RCP05671,Paneer Tikka,Indian,morning_snack,False,496,28,55,21,7,1494,1.98,19.49
RCP05672,Idli,Indian,breakfast,False,173,37,53,18,3,241,1.8,14.58
RCP05673,Naan,Indian,breakfast,False,446,28,43,23,8,1116,4.32,22.62
RCP05674,Butter Chicken,Indian,dinner,False,785,23,31,23,4,1015,4.68,16.09
RCP05675,Indian Beverages Special 343,Indian,morning_snack,False,208,34,56,29,4,1113,6.84,5.82
RCP05676,Naan,Indian,breakfast,False,549,33,64,18,9,1126,6.84,10.85
RCP05677,Indian Beverages Special 345,Indian,morning_snack,False,336,45,41,19,8,928,2.7,16.06
RCP05678,Paneer Tikka,Indian,morning_snack,False,691,18,30,22,11,802,3.6,24.6
RCP05679,Tandoori Chicken,Indian,morning_snack,False,615,10,55,19,13,738,4.68,5.21
RCP05680,Gulab Jamun,Indian,morning_snack,False,381,40,47,21,4,835,3.06,18.86
RCP05681,Biryani,Indian,dinner,False,779,43,35,20,10,935,6.3,10.9
RCP05682,Indian Beverages Special 350,Indian,morning_snack,True,212,19,75,15,13,1413,7.02,8.33
RCP05683,Indian Beverages Special 351,Indian,morning_snack,True,380,16,42,14,7,642,4.32,16.2
RCP05684,Masala Dosa,Indian,breakfast,False,335,23,53,28,12,479,4.68,13.7
RCP05685,Idli,Indian,breakfast,True,714,5,65,22,2,979,3.06,18.1
RCP05686,Samosa,Indian,morning_snack,False,600,46,44,29,13,1458,4.86,11.96
RCP05687,Biryani,Indian,dinner,False,178,28,36,35,9,1271,5.4,19.02
RCP05688,Samosa,Indian,morning_snack,False,293,26,44,21,5,857,5.04,16.33
RCP05689,Biryani,Indian,dinner,False,793,21,35,20,9,529,6.48,20.54
RCP05690,Biryani,Indian,dinner,False,572,47,35,18,4,448,2.34,9.76
RCP05691,Indian Beverages Special 359,Indian,morning_snack,True,733,18,44,13,13,593,2.7,7.4
RCP05692,Indian Beverages Special 360,Indian,morning_snack,False,313,44,62,15,14,968,2.16,13.72
RCP05693,Biryani,Indian,dinner,True,228,9,33,10,4,1024,6.84,21.03
RCP05694,Vindaloo,Indian,dinner,False,610,12,50,26,6,527,4.68,10.14
RCP05695,Indian Beverages Special 363,Indian,morning_snack,False,326,49,43,39,3,777,5.76,9.41
RCP05696,Masala Dosa,Indian,breakfast,False,756,16,74,20,11,814,1.98,4.62
RCP05697,Idli,Indian,breakfast,False,392,31,58,32,7,425,3.78,5.66
RCP05698,Indian Beverages Special 366,Indian,morning_snack,False,228,49,78,26,11,1272,7.02,12.39
RCP05699,Idli,Indian,breakfast,False,537,40,46,25,14,448,3.24,17.07
RCP05700,Indian Beverages Special 368,Indian,morning_snack,False,249,12,46,11,6,579,4.86,16.03
RCP05701,Gulab Jamun,Indian,morning_snack,False,158,42,78,19,6,1146,6.48,15.87
RCP05702,Indian Beverages Special 370,Indian,morning_snack,False,234,46,56,20,10,1176,4.5,6.4
RCP05703,Dal Tadka,Indian,dinner,False,677,13,73,11,12,854,6.3,8.68
RCP05704,Indian Beverages Special 372,Indian,morning_snack,True,559,17,51,22,9,786,4.32,22.93
RCP05705,Biryani,Indian,dinner,False,379,21,32,18,3,470,3.06,12.92
RCP05706,Butter Chicken,Indian,dinner,False,642,48,62,34,3,830,3.78,18.96
RCP05707,Butter Chicken,Indian,dinner,False,719,25,47,26,2,1251,3.42,13.87
RCP05708,Indian Beverages Special 376,Indian,morning_snack,False,458,48,59,25,11,553,4.5,20.93
RCP05709,Paneer Tikka,Indian,morning_snack,False,628,42,77,35,6,1417,4.5,8.44
RCP05710,Dosa,Indian,breakfast,True,240,6,71,18,4,564,4.32,21.02
RCP05711,Indian Beverages Special 379,Indian,morning_snack,False,573,47,48,16,6,398,1.8,12.45
RCP05712,Butter Chicken,Indian,dinner,False,559,37,65,30,3,938,3.24,22.23
RCP05713,Tandoori Chicken,Indian,morning_snack,False,228,8,65,26,6,927,5.4,2.89
RCP05714,Indian Beverages Special 382,Indian,morning_snack,False,765,31,50,23,11,1490,3.6,2.73
RCP05715,Vindaloo,Indian,dinner,False,655,22,47,27,6,1481,2.7,8.61
RCP05716,Butter Chicken,Indian,dinner,False,659,20,56,20,12,992,1.8,17.49
RCP05717,Indian Beverages Special 385,Indian,morning_snack,False,392,40,69,31,13,1437,4.5,24.93
RCP05718,Indian Beverages Special 386,Indian,morning_snack,True,429,17,79,17,3,299,4.86,17.93
RCP05719,Paneer Tikka,Indian,morning_snack,False,756,17,51,12,7,476,1.98,5.66
RCP05720,Indian Beverages Special 388,Indian,morning_snack,False,564,31,33,36,6,946,3.42,14.36
RCP05721,Indian Beverages Special 389,Indian,morning_snack,False,255,29,79,39,9,1016,4.86,15.07
RCP05722,Paneer Tikka,Indian,morning_snack,False,325,33,47,34,10,461,3.96,3.01
RCP05723,Indian Beverages Special 391,Indian,morning_snack,False,569,36,75,34,11,522,3.24,19.99
RCP05724,Dal Tadka,Indian,dinner,False,711,47,46,20,11,248,6.3,17.81
RCP05725,Idli,Indian,breakfast,True,157,16,76,26,3,1217,5.4,21.41
RCP05726,Indian Beverages Special 394,Indian,morning_snack,False,475,39,58,30,9,500,2.7,23.2
RCP05727,Vindaloo,Indian,dinner,False,206,30,45,32,6,959,1.8,16.3
RCP05728,Naan,Indian,breakfast,False,416,13,79,11,2,899,3.24,12.12
RCP05729,Biryani,Indian,dinner,False,643,22,33,19,8,1304,6.12,4.35
RCP05730,Paneer Tikka,Indian,morning_snack,False,309,35,43,27,8,1155,4.68,10.33
RCP05731,Butter Chicken,Indian,dinner,False,738,12,76,27,2,726,3.06,16.52
RCP05732,Chole Bhature,Indian,breakfast,False,507,39,57,22,12,423,3.78,17.8
RCP05733,Chole Bhature,Indian,breakfast,False,609,28,56,33,14,379,3.06,2.78
RCP05734,Masala Dosa,Indian,breakfast,False,215,43,71,24,6,1240,6.48,6.69
RCP05735,Gulab Jamun,Indian,morning_snack,True,219,17,51,28,4,702,3.78,11.66
RCP05736,Samosa,Indian,morning_snack,False,374,26,57,32,10,825,4.68,11.13
RCP05737,Vindaloo,Indian,dinner,False,677,6,37,22,2,1112,5.58,2.07
RCP05738,Vindaloo,Indian,dinner,False,726,36,43,39,11,507,6.84,5.27
RCP05739,Indian Beverages Special 407,Indian,morning_snack,True,170,9,69,16,2,610,5.76,2.68
RCP05740,Samosa,Indian,morning_snack,False,523,49,53,31,9,476,4.86,8.88
RCP05741,Indian Beverages Special 409,Indian,morning_snack,False,312,31,38,34,11,849,1.8,21.21
RCP05742,Dosa,Indian,breakfast,True,188,16,77,18,12,1330,4.32,5.69
RCP05743,Indian Beverages Special 411,Indian,morning_snack,True,621,7,58,18,5,1144,6.84,7.28
RCP05744,Gulab Jamun,Indian,morning_snack,True,594,7,52,13,5,1443,4.86,15.96
RCP05745,Butter Chicken,Indian,dinner,False,742,14,31,12,2,609,1.8,10.63
RCP05746,Dosa,Indian,breakfast,True,527,19,38,28,2,1350,3.42,20.06
RCP05747,Naan,Indian,breakfast,False,247,26,57,28,9,316,3.96,3.46
RCP05748,Biryani,Indian,dinner,False,286,29,67,27,13,202,4.68,16.59
RCP05749,Butter Chicken,Indian,dinner,False,527,7,35,17,11,243,3.78,7.46
RCP05750,Naan,Indian,breakfast,True,638,5,46,21,9,1111,3.96,9.25
RCP05751,Paneer Tikka,Indian,morning_snack,False,389,48,30,23,3,940,2.16,24.31
RCP05752,Paneer Tikka,Indian,morning_snack,False,763,36,41,19,7,617,4.86,5.37
RCP05753,Biryani,Indian,dinner,False,313,34,44,29,10,801,1.8,15.51
RCP05754,Vindaloo,Indian,dinner,False,193,7,77,18,9,773,5.58,2.71
RCP05755,Vindaloo,Indian,dinner,False,171,19,53,17,8,307,4.5,21.77
RCP05756,Vindaloo,Indian,dinner,False,211,22,65,27,14,664,6.84,7.49
RCP05757,Rogan Josh,Indian,dinner,False,481,24,30,39,6,574,2.34,12.63
RCP05758,Masala Dosa,Indian,breakfast,True,606,14,50,24,9,1479,4.68,3.26
RCP05759,Indian Beverages Special 427,Indian,morning_snack,False,632,39,43,28,3,386,1.8,20.87
RCP05760,Paneer Tikka,Indian,morning_snack,False,620,25,72,19,8,1395,4.86,19.94
RCP05761,Tandoori Chicken,Indian,morning_snack,False,661,39,71,39,2,1049,2.88,12.91
RCP05762,Idli,Indian,breakfast,False,524,33,59,19,12,417,5.04,17.85
RCP05763,Rogan Josh,Indian,dinner,False,514,38,73,39,9,869,5.58,14.96
RCP05764,Biryani,Indian,dinner,False,542,31,53,33,12,881,6.66,19.45
RCP05765,Idli,Indian,breakfast,False,301,5,56,16,9,786,3.6,21.29
RCP05766,Indian Beverages Special 434,Indian,morning_snack,False,715,23,32,38,7,1469,6.84,24.21
RCP05767,Indian Beverages Special 435,Indian,morning_snack,False,263,38,51,26,6,440,2.88,22.54
RCP05768,Idli,Indian,breakfast,True,507,18,69,19,12,912,7.02,8.39
RCP05769,Tandoori Chicken,Indian,morning_snack,False,758,41,52,35,2,1496,4.68,3.78
RCP05770,Samosa,Indian,morning_snack,False,550,9,54,10,5,950,4.32,4.75
RCP05771,Gulab Jamun,Indian,morning_snack,False,233,16,44,11,8,379,2.88,23.99
RCP05772,Chole Bhature,Indian,breakfast,False,293,41,68,16,4,970,6.48,6.33
RCP05773,Butter Chicken,Indian,dinner,False,395,13,44,12,13,1468,5.76,9.7
RCP05774,Dal Tadka,Indian,dinner,False,314,26,55,37,5,279,2.34,21.4
RCP05775,Indian Beverages Special 443,Indian,morning_snack,False,706,11,38,17,7,238,6.3,15.42
RCP05776,Indian Beverages Special 444,Indian,morning_snack,False,523,49,52,28,5,1017,3.6,6.69
RCP05777,Dal Tadka,Indian,dinner,False,276,38,35,34,10,243,2.34,10.13
RCP05778,Masala Dosa,Indian,breakfast,False,373,20,40,20,10,751,3.96,8.63
RCP05779,Samosa,Indian,morning_snack,False,597,22,58,20,5,1138,2.52,2.57
RCP05780,Vindaloo,Indian,dinner,False,483,10,30,19,10,1250,5.4,18.35
RCP05781,Naan,Indian,breakfast,False,617,30,32,21,9,1119,6.48,19.24
RCP05782,Indian Beverages Special 450,Indian,morning_snack,False,755,43,51,24,12,217,2.16,4.87
RCP05783,Chole Bhature,Indian,breakfast,False,476,27,78,29,13,375,5.58,9.85
RCP05784,Indian Beverages Special 452,Indian,morning_snack,False,317,36,43,16,12,979,5.94,21.52
RCP05785,Paneer Tikka,Indian,morning_snack,False,632,30,35,19,5,1362,2.16,19.65
RCP05786,Idli,Indian,breakfast,False,615,31,77,35,10,1082,3.78,13.41
RCP05787,Indian Beverages Special 455,Indian,morning_snack,False,482,29,57,27,13,209,3.42,9.67
RCP05788,Biryani,Indian,dinner,False,698,36,59,32,6,1103,4.68,11.88
RCP05789,Indian Beverages Special 457,Indian,morning_snack,True,192,16,51,20,12,1056,2.34,2.15
RCP05790,Masala Dosa,Indian,breakfast,False,430,9,74,28,5,820,3.24,8.4
RCP05791,Gulab Jamun,Indian,morning_snack,True,462,11,63,25,2,489,5.4,23.08
RCP05792,Indian Beverages Special 460,Indian,morning_snack,False,311,21,50,21,10,994,3.06,5.54
RCP05793,Dosa,Indian,breakfast,False,388,38,73,25,12,1259,6.12,6.98
RCP05794,Dal Tadka,Indian,dinner,False,251,47,30,17,2,921,4.32,16.4
RCP05795,Samosa,Indian,morning_snack,False,428,40,64,21,4,1160,3.78,18.07
RCP05796,Idli,Indian,breakfast,False,526,36,61,27,10,639,6.66,4.2
RCP05797,Tandoori Chicken,Indian,morning_snack,False,671,41,77,20,11,640,4.86,20.82
RCP05798,Dal Tadka,Indian,dinner,False,443,36,65,30,3,548,3.6,22.8
RCP05799,Butter Chicken,Indian,dinner,False,391,25,33,34,3,836,3.78,17.93
RCP05800,Butter Chicken,Indian,dinner,False,690,37,53,20,6,1151,5.94,10.14
RCP05801,Biryani,Indian,dinner,False,430,23,34,20,7,706,4.5,8.84
RCP05802,Paneer Tikka,Indian,morning_snack,False,641,11,43,25,13,289,3.6,4.03
RCP05803,Chole Bhature,Indian,breakfast,False,764,23,78,24,10,549,3.96,11.94
RCP05804,Dosa,Indian,breakfast,False,771,31,76,20,6,1047,4.68,6.67
RCP05805,Vindaloo,Indian,dinner,False,580,26,47,19,7,725,3.42,2.59
RCP05806,Rogan Josh,Indian,dinner,False,796,40,79,16,14,1499,5.94,11.99
RCP05807,Indian Beverages Special 475,Indian,morning_snack,False,418,34,64,19,12,880,5.94,14.9
RCP05808,Indian Beverages Special 476,Indian,morning_snack,True,244,5,69,20,9,903,1.98,12.77
RCP05809,Gulab Jamun,Indian,morning_snack,False,757,22,49,36,7,721,4.5,13.79
RCP05810,Biryani,Indian,dinner,False,369,17,55,28,10,270,1.98,15.42
RCP05811,Rogan Josh,Indian,dinner,False,454,46,43,34,9,722,1.8,3.85
RCP05812,Idli,Indian,breakfast,False,372,23,40,25,2,726,6.3,21.61
RCP05813,Indian Beverages Special 481,Indian,morning_snack,True,785,19,70,18,3,1440,7.02,4.25
RCP05814,Naan,Indian,breakfast,False,491,31,56,27,14,522,5.76,8.66
RCP05815,Indian Beverages Special 483,Indian,morning_snack,False,353,24,71,21,3,549,7.02,19.58
RCP05816,Biryani,Indian,dinner,False,593,48,46,37,5,1288,3.78,10.82
RCP05817,Dal Tadka,Indian,dinner,False,332,27,37,32,11,1403,5.58,5.92
RCP05818,Indian Beverages Special 486,Indian,morning_snack,False,549,37,68,36,10,1326,3.96,3.27
RCP05819,Idli,Indian,breakfast,False,669,35,32,21,12,1134,6.12,12.71
RCP05820,Butter Chicken,Indian,dinner,False,249,6,64,15,3,584,3.42,4.97
RCP05821,Indian Beverages Special 489,Indian,morning_snack,False,197,24,78,16,2,660,4.68,23.52
RCP05822,Indian Beverages Special 490,Indian,morning_snack,False,214,21,30,35,6,1447,6.48,12.95
RCP05823,Indian Beverages Special 491,Indian,morning_snack,False,508,47,59,33,10,1137,6.3,18.98
RCP05824,Dosa,Indian,breakfast,True,521,12,32,23,4,267,5.58,24.72
RCP05825,Masala Dosa,Indian,breakfast,False,226,34,50,19,8,834,4.86,21.22
RCP05826,Biryani,Indian,dinner,False,533,33,62,19,9,1020,1.98,10.65
RCP05827,Idli,Indian,breakfast,False,160,49,38,26,8,673,6.3,15.6
RCP05828,Dosa,Indian,breakfast,False,755,24,73,32,9,1054,3.6,10.69
RCP05829,Gulab Jamun,Indian,morning_snack,False,431,8,55,17,5,1247,4.14,12.12
RCP05830,Masala Dosa,Indian,breakfast,False,426,14,63,15,2,1007,5.76,22.42
RCP05831,Gulab Jamun,Indian,morning_snack,False,678,35,51,17,4,388,3.78,19.48
RCP05832,Rogan Josh,Indian,dinner,False,762,30,69,38,13,823,2.34,11.62
RCP05833,Indian Beverages Special 501,Indian,morning_snack,False,375,7,67,28,2,1052,6.3,10.46
RCP05834,Dosa,Indian,breakfast,False,730,20,44,38,5,880,5.22,24.29
RCP05835,Samosa,Indian,morning_snack,False,258,36,51,24,5,794,6.66,22.6
RCP05836,Indian Beverages Special 504,Indian,morning_snack,True,157,9,50,22,12,1180,4.32,18.5
RCP05837,Indian Beverages Special 505,Indian,morning_snack,False,220,32,51,20,14,1175,5.76,20.69
RCP05838,Indian Beverages Special 506,Indian,morning_snack,False,158,27,70,22,5,993,2.88,8.68
RCP05839,Rogan Josh,Indian,dinner,False,712,43,74,31,5,566,2.34,2.76
RCP05840,Dosa,Indian,breakfast,False,629,25,47,21,10,1423,5.94,14.33
RCP05841,Indian Beverages Special 509,Indian,morning_snack,False,310,7,32,15,2,1000,6.66,24.51
RCP05842,Samosa,Indian,morning_snack,False,698,36,49,22,12,800,6.84,9.84
RCP05843,Naan,Indian,breakfast,False,290,48,78,27,10,824,6.48,2.41
RCP05844,Dal Tadka,Indian,dinner,False,309,12,34,28,5,513,2.52,21.05
RCP05845,Dal Tadka,Indian,dinner,False,592,41,78,15,4,476,3.24,3.22
RCP05846,Dal Tadka,Indian,dinner,True,610,16,46,19,9,972,4.86,7.73
RCP05847,Vindaloo,Indian,dinner,False,167,17,56,13,3,395,4.14,20.57
RCP05848,Tandoori Chicken,Indian,morning_snack,False,430,16,36,20,4,692,6.48,2.72
RCP05849,Indian Beverages Special 517,Indian,morning_snack,False,694,29,31,33,14,1147,3.06,9.86
RCP05850,Indian Beverages Special 518,Indian,morning_snack,False,631,21,66,19,14,854,2.7,4.94
RCP05851,Indian Beverages Special 519,Indian,morning_snack,False,503,48,67,15,6,1199,6.3,5.73
RCP05852,Rogan Josh,Indian,dinner,False,238,5,46,23,14,1128,7.02,14.19
RCP05853,Idli,Indian,breakfast,False,745,25,66,31,7,533,2.16,3.89
RCP05854,Indian Beverages Special 522,Indian,morning_snack,True,191,7,50,22,3,1289,6.12,11.6
RCP05855,Dosa,Indian,breakfast,False,482,38,33,37,6,965,4.5,15.7
RCP05856,Indian Beverages Special 524,Indian,morning_snack,False,783,47,58,30,10,389,2.16,19.86
RCP05857,Indian Beverages Special 525,Indian,morning_snack,True,154,7,34,13,10,1210,7.02,8.85
RCP05858,Indian Beverages Special 526,Indian,morning_snack,False,213,17,33,22,9,993,3.42,16.69
RCP05859,Indian Beverages Special 527,Indian,morning_snack,False,213,24,36,34,14,391,4.68,24.43
RCP05860,Paneer Tikka,Indian,morning_snack,False,786,15,31,20,3,1424,4.32,3.8
RCP05861,Chole Bhature,Indian,breakfast,False,555,44,70,18,3,737,3.24,6.0
RCP05862,Tandoori Chicken,Indian,morning_snack,False,269,46,59,20,5,1196,6.66,22.48
RCP05863,Paneer Tikka,Indian,morning_snack,False,764,16,78,16,12,955,2.88,17.56
RCP05864,Idli,Indian,breakfast,False,499,21,58,30,2,562,5.04,10.67
RCP05865,Indian Beverages Special 533,Indian,morning_snack,False,187,31,40,31,7,318,4.14,7.52
RCP05866,Vindaloo,Indian,dinner,False,420,34,56,38,13,460,3.96,3.96
RCP05867,Indian Beverages Special 535,Indian,morning_snack,False,158,24,49,39,12,1006,2.52,10.88
RCP05868,Vindaloo,Indian,dinner,False,223,48,75,31,11,277,6.48,9.59
RCP05869,Indian Beverages Special 537,Indian,morning_snack,False,341,21,69,31,13,1494,4.5,14.51
RCP05870,Vindaloo,Indian,dinner,False,611,17,56,24,4,563,6.48,20.55
RCP05871,Indian Beverages Special 539,Indian,morning_snack,False,584,15,51,25,12,1221,1.98,18.35
RCP05872,Indian Beverages Special 540,Indian,morning_snack,False,790,24,58,20,3,405,5.58,18.29
RCP05873,Chole Bhature,Indian,breakfast,False,402,22,74,30,3,395,2.16,14.77
RCP05874,Vindaloo,Indian,dinner,False,444,40,50,16,14,1103,2.52,9.58
RCP05875,Samosa,Indian,morning_snack,True,484,6,64,25,9,482,4.86,8.12
RCP05876,Tandoori Chicken,Indian,morning_snack,False,566,25,69,28,9,393,4.86,21.36
RCP05877,Vindaloo,Indian,dinner,False,511,8,79,15,12,603,3.06,19.07
RCP05878,Indian Beverages Special 546,Indian,morning_snack,False,521,30,51,23,13,1029,4.86,12.66
RCP05879,Chole Bhature,Indian,breakfast,True,485,12,66,12,7,1441,4.86,4.41
RCP05880,Indian Beverages Special 548,Indian,morning_snack,False,797,47,34,21,4,1044,5.22,22.0
RCP05881,Tandoori Chicken,Indian,morning_snack,False,217,43,30,36,4,258,4.32,20.54
RCP05882,Indian Beverages Special 550,Indian,morning_snack,False,368,30,70,21,12,726,6.3,14.29
RCP05883,Idli,Indian,breakfast,False,251,31,43,23,5,1365,4.14,13.57
RCP05884,Indian Beverages Special 552,Indian,morning_snack,False,175,27,66,26,11,1363,4.14,8.44
RCP05885,Rogan Josh,Indian,dinner,False,587,13,54,28,11,1084,4.32,2.4
RCP05886,Indian Beverages Special 554,Indian,morning_snack,False,431,13,42,11,13,1067,6.12,11.63
RCP05887,Samosa,Indian,morning_snack,False,365,20,62,37,4,972,7.02,21.46
RCP05888,Dosa,Indian,breakfast,False,702,10,45,15,9,1025,2.34,24.55
RCP05889,Indian Beverages Special 557,Indian,morning_snack,False,637,47,66,23,13,664,3.6,20.84
RCP05890,Samosa,Indian,morning_snack,True,240,11,36,16,11,905,3.78,13.01
RCP05891,Samosa,Indian,morning_snack,False,452,6,65,28,2,1068,5.22,15.09
RCP05892,Indian Beverages Special 560,Indian,morning_snack,False,634,42,39,38,5,815,3.06,22.33
RCP05893,Vindaloo,Indian,dinner,False,657,31,42,31,5,1397,3.96,23.69
RCP05894,Dal Tadka,Indian,dinner,True,212,7,38,17,6,615,2.16,16.01
RCP05895,Chole Bhature,Indian,breakfast,False,479,22,41,15,9,1243,4.86,5.82
RCP05896,Indian Beverages Special 564,Indian,morning_snack,False,431,32,49,27,11,1298,6.48,23.0
RCP05897,Gulab Jamun,Indian,morning_snack,False,343,17,60,23,14,1496,2.34,7.83
RCP05898,Dal Tadka,Indian,dinner,False,727,35,73,26,11,407,3.24,20.02
RCP05899,Indian Beverages Special 567,Indian,morning_snack,True,170,11,30,25,10,1487,4.5,2.29
RCP05900,Indian Beverages Special 568,Indian,morning_snack,False,395,28,57,38,13,1013,3.42,24.32
RCP05901,Samosa,Indian,morning_snack,False,514,28,67,29,14,1193,5.94,2.6
RCP05902,Dosa,Indian,breakfast,False,673,37,56,33,7,771,3.96,16.38
RCP05903,Gulab Jamun,Indian,morning_snack,True,556,19,34,27,5,734,2.7,19.22
RCP05904,Dal Tadka,Indian,dinner,False,590,24,60,21,3,1237,7.02,24.01
RCP05905,Gulab Jamun,Indian,morning_snack,False,270,28,37,31,4,1114,6.3,2.26
RCP05906,Indian Beverages Special 574,Indian,morning_snack,False,425,10,56,15,4,1407,6.66,11.36
RCP05907,Chole Bhature,Indian,breakfast,True,652,14,79,15,14,1194,5.76,13.46
RCP05908,Naan,Indian,breakfast,False,339,48,37,30,3,452,7.02,24.04
RCP05909,Gulab Jamun,Indian,morning_snack,False,412,44,64,16,11,210,3.42,15.46
RCP05910,Indian Beverages Special 578,Indian,morning_snack,False,426,41,66,27,10,273,5.58,7.16
RCP05911,Gulab Jamun,Indian,morning_snack,False,679,33,49,33,4,1059,4.68,18.99
RCP05912,Samosa,Indian,morning_snack,False,688,20,55,18,6,1396,5.58,18.26
RCP05913,Indian Beverages Special 581,Indian,morning_snack,False,357,40,37,24,13,870,4.32,20.68
RCP05914,Indian Beverages Special 582,Indian,morning_snack,True,433,10,71,23,10,823,6.3,5.55
RCP05915,Masala Dosa,Indian,breakfast,False,181,32,33,28,10,1229,4.86,12.96
RCP05916,Masala Dosa,Indian,breakfast,False,283,9,45,20,5,818,5.94,5.33
RCP05917,Indian Snacks Special 2,Indian,morning_snack,False,707,18,57,27,4,1115,5.76,12.04
RCP05918,Idli,Indian,breakfast,True,261,15,63,29,7,435,2.7,3.46
RCP05919,Indian Snacks Special 4,Indian,morning_snack,True,301,15,70,12,9,473,3.96,16.48
RCP05920,Indian Snacks Special 5,Indian,morning_snack,True,577,13,59,24,13,637,3.24,16.73
RCP05921,Gulab Jamun,Indian,morning_snack,False,734,5,51,24,11,374,3.42,11.27
RCP05922,Idli,Indian,breakfast,False,681,12,60,21,10,891,1.98,7.48
RCP05923,Vindaloo,Indian,dinner,False,464,13,70,22,5,1243,3.6,24.45
RCP05924,Naan,Indian,breakfast,True,269,8,76,18,13,356,4.32,18.66
RCP05925,Dal Tadka,Indian,dinner,True,614,6,58,20,2,268,4.86,13.04
RCP05926,Indian Snacks Special 11,Indian,morning_snack,True,678,12,39,21,2,317,5.04,10.36
RCP05927,Indian Snacks Special 12,Indian,morning_snack,True,661,19,70,28,3,565,5.22,13.47
RCP05928,Tandoori Chicken,Indian,morning_snack,False,589,15,56,19,7,1486,4.5,14.33
RCP05929,Samosa,Indian,morning_snack,False,733,18,68,25,9,375,6.48,20.64
RCP05930,Dal Tadka,Indian,dinner,True,374,7,71,26,12,1243,6.66,23.55
RCP05931,Rogan Josh,Indian,dinner,False,397,14,69,24,4,238,5.58,6.86
RCP05932,Masala Dosa,Indian,breakfast,False,408,6,42,10,5,1427,4.32,19.66
RCP05933,Masala Dosa,Indian,breakfast,False,633,5,63,22,4,692,1.98,21.96
RCP05934,Paneer Tikka,Indian,morning_snack,False,629,9,68,13,10,699,2.7,24.58
RCP05935,Samosa,Indian,morning_snack,False,673,8,75,16,3,946,3.6,19.56
RCP05936,Indian Snacks Special 21,Indian,morning_snack,True,560,10,67,18,12,893,6.66,11.51
RCP05937,Masala Dosa,Indian,breakfast,True,446,14,52,15,11,612,4.5,24.08
RCP05938,Idli,Indian,breakfast,False,535,16,63,19,11,423,5.58,15.48
RCP05939,Rogan Josh,Indian,dinner,False,635,18,78,29,2,368,2.88,14.01
RCP05940,Samosa,Indian,morning_snack,False,505,11,70,27,7,907,3.78,14.97
RCP05941,Indian Snacks Special 26,Indian,morning_snack,True,708,7,62,29,11,308,6.48,4.43
RCP05942,Indian Snacks Special 27,Indian,morning_snack,False,555,18,47,17,10,1087,5.4,22.5
RCP05943,Indian Snacks Special 28,Indian,morning_snack,True,387,15,68,19,8,519,2.52,6.27
RCP05944,Chole Bhature,Indian,breakfast,True,481,13,47,25,5,474,6.3,13.55
RCP05945,Indian Snacks Special 30,Indian,morning_snack,False,788,6,30,28,3,1064,2.7,10.79
RCP05946,Indian Snacks Special 31,Indian,morning_snack,True,645,18,30,20,2,1342,4.14,23.17
RCP05947,Indian Snacks Special 32,Indian,morning_snack,True,298,10,58,28,2,249,4.68,3.27
RCP05948,Tandoori Chicken,Indian,morning_snack,False,789,5,57,12,10,484,3.6,13.46
RCP05949,Indian Snacks Special 34,Indian,morning_snack,False,480,14,72,20,11,585,7.02,5.97
RCP05950,Dal Tadka,Indian,dinner,True,199,12,55,27,2,1461,3.96,8.3
RCP05951,Samosa,Indian,morning_snack,True,368,5,34,10,2,828,5.94,11.02
RCP05952,Naan,Indian,breakfast,True,793,5,51,20,4,1156,3.42,14.51
RCP05953,Indian Snacks Special 38,Indian,morning_snack,False,697,15,66,11,11,414,2.34,3.52
RCP05954,Naan,Indian,breakfast,False,429,14,76,12,11,578,3.78,4.86
RCP05955,Indian Snacks Special 40,Indian,morning_snack,False,360,11,41,19,13,389,3.24,2.76
RCP05956,Indian Snacks Special 41,Indian,morning_snack,True,619,10,59,27,12,1033,2.34,9.0
RCP05957,Rogan Josh,Indian,dinner,False,397,15,49,14,14,270,5.76,20.39
RCP05958,Rogan Josh,Indian,dinner,False,485,8,31,12,5,575,4.86,9.08
RCP05959,Biryani,Indian,dinner,False,400,12,66,27,14,1416,5.22,5.16
RCP05960,Indian Snacks Special 45,Indian,morning_snack,True,442,7,67,13,5,1329,5.04,4.89
RCP05961,Indian Snacks Special 46,Indian,morning_snack,False,476,8,78,25,9,345,5.04,15.23
RCP05962,Indian Snacks Special 47,Indian,morning_snack,False,253,9,73,29,10,1268,5.94,15.94
RCP05963,Dosa,Indian,breakfast,True,216,5,78,18,6,984,2.52,17.67
RCP05964,Gulab Jamun,Indian,morning_snack,True,445,17,68,10,13,667,2.34,21.43
RCP05965,Indian Snacks Special 50,Indian,morning_snack,False,485,16,54,25,9,722,2.16,11.67
RCP05966,Gulab Jamun,Indian,morning_snack,False,187,10,32,21,5,223,4.32,23.34
RCP05967,Indian Snacks Special 52,Indian,morning_snack,False,598,11,77,16,3,983,3.42,16.98
RCP05968,Tandoori Chicken,Indian,morning_snack,False,690,16,30,22,13,741,4.68,7.33
RCP05969,Indian Snacks Special 54,Indian,morning_snack,True,701,18,53,25,14,1380,2.34,2.79
RCP05970,Indian Snacks Special 55,Indian,morning_snack,False,516,17,62,25,13,933,6.66,11.97
RCP05971,Idli,Indian,breakfast,True,658,17,47,10,12,1121,4.5,18.03
RCP05972,Vindaloo,Indian,dinner,False,679,5,67,29,9,809,6.66,3.77
RCP05973,Indian Snacks Special 58,Indian,morning_snack,True,582,14,33,18,14,296,6.66,7.95
RCP05974,Indian Snacks Special 59,Indian,morning_snack,True,280,8,34,13,2,1351,2.7,6.57
RCP05975,Indian Snacks Special 60,Indian,morning_snack,True,789,7,53,18,11,964,3.6,24.02
RCP05976,Butter Chicken,Indian,dinner,False,292,17,36,18,14,1304,5.4,10.49
RCP05977,Tandoori Chicken,Indian,morning_snack,False,566,6,50,19,8,525,5.76,9.11
RCP05978,Indian Snacks Special 63,Indian,morning_snack,False,596,12,75,24,9,997,6.84,16.45
RCP05979,Dal Tadka,Indian,dinner,True,672,11,63,20,8,342,3.96,24.5
RCP05980,Indian Snacks Special 65,Indian,morning_snack,True,595,5,55,17,3,1242,5.04,9.83
RCP05981,Indian Snacks Special 66,Indian,morning_snack,True,557,8,39,10,5,583,6.3,7.7
RCP05982,Indian Snacks Special 67,Indian,morning_snack,True,520,17,45,20,12,1027,1.8,17.57
RCP05983,Paneer Tikka,Indian,morning_snack,False,500,9,57,12,6,1284,4.5,24.66
RCP05984,Biryani,Indian,dinner,False,431,5,67,25,13,459,1.98,14.45
RCP05985,Samosa,Indian,morning_snack,True,708,5,33,13,5,1436,3.24,5.71
RCP05986,Butter Chicken,Indian,dinner,False,505,6,75,11,6,649,4.68,15.12
RCP05987,Indian Snacks Special 72,Indian,morning_snack,True,646,9,76,14,8,293,2.88,16.04
RCP05988,Dal Tadka,Indian,dinner,True,165,17,78,25,9,1086,4.32,24.34
RCP05989,Gulab Jamun,Indian,morning_snack,True,485,15,47,23,14,267,4.86,17.33
RCP05990,Masala Dosa,Indian,breakfast,True,585,8,38,15,6,957,3.6,24.13
RCP05991,Indian Snacks Special 76,Indian,morning_snack,True,791,5,41,12,12,836,2.88,11.46
RCP05992,Indian Snacks Special 77,Indian,morning_snack,False,756,11,56,28,3,714,4.32,22.92
RCP05993,Indian Snacks Special 78,Indian,morning_snack,False,649,15,71,20,9,1038,4.32,2.96
RCP05994,Indian Snacks Special 79,Indian,morning_snack,False,401,15,60,22,5,666,5.76,4.3
RCP05995,Indian Snacks Special 80,Indian,morning_snack,True,633,12,70,24,10,1322,4.86,9.7
RCP05996,Indian Snacks Special 81,Indian,morning_snack,True,435,18,65,22,6,984,4.14,6.08
RCP05997,Paneer Tikka,Indian,morning_snack,False,188,6,47,26,5,822,5.4,6.16
RCP05998,Gulab Jamun,Indian,morning_snack,False,290,19,32,28,14,357,2.34,9.51
RCP05999,Vindaloo,Indian,dinner,False,364,11,38,14,14,1124,4.5,6.45
RCP06000,Vindaloo,Indian,dinner,False,798,8,58,21,14,884,2.88,7.74
RCP06001,Indian Snacks Special 86,Indian,morning_snack,True,497,12,53,19,6,952,5.04,18.42
RCP06002,Indian Snacks Special 87,Indian,morning_snack,True,568,14,53,13,9,1211,2.16,20.34
RCP06003,Butter Chicken,Indian,dinner,False,513,5,57,26,5,261,4.14,23.45
RCP06004,Dal Tadka,Indian,dinner,True,677,14,76,10,4,1177,5.04,12.2
RCP06005,Rogan Josh,Indian,dinner,False,682,9,35,18,14,941,3.78,17.31
RCP06006,Biryani,Indian,dinner,False,412,7,37,10,10,998,5.4,23.49
RCP06007,Biryani,Indian,dinner,True,740,7,70,24,7,334,3.96,22.28
RCP06008,Butter Chicken,Indian,dinner,False,695,17,48,20,12,469,4.14,19.44
RCP06009,Indian Snacks Special 94,Indian,morning_snack,True,680,13,51,28,13,442,1.98,8.55
RCP06010,Naan,Indian,breakfast,False,538,19,41,12,14,1226,3.24,11.32
RCP06011,Indian Snacks Special 96,Indian,morning_snack,False,540,14,41,22,10,955,6.84,6.92
RCP06012,Masala Dosa,Indian,breakfast,True,560,16,43,16,7,1036,1.98,3.55
RCP06013,Chole Bhature,Indian,breakfast,True,645,6,58,29,6,306,6.48,8.13
RCP06014,Indian Snacks Special 99,Indian,morning_snack,True,476,17,56,11,4,1093,2.34,20.49
RCP06015,Rogan Josh,Indian,dinner,False,389,6,62,29,12,1099,5.76,6.72
RCP06016,Indian Snacks Special 101,Indian,morning_snack,True,693,18,43,20,8,718,4.32,2.16
RCP06017,Masala Dosa,Indian,breakfast,True,195,5,37,18,7,318,5.76,24.89
RCP06018,Indian Snacks Special 103,Indian,morning_snack,True,534,6,52,15,2,1391,5.22,18.18
RCP06019,Paneer Tikka,Indian,morning_snack,False,421,10,53,20,11,1004,5.58,3.78
RCP06020,Biryani,Indian,dinner,False,290,5,78,24,14,957,5.4,17.41
RCP06021,Idli,Indian,breakfast,True,202,15,47,16,4,761,4.86,10.17
RCP06022,Indian Snacks Special 107,Indian,morning_snack,True,356,9,43,23,5,705,4.68,4.33
RCP06023,Indian Snacks Special 108,Indian,morning_snack,True,350,11,70,10,7,548,3.6,13.17
RCP06024,Rogan Josh,Indian,dinner,False,153,5,53,26,10,867,2.52,9.44
RCP06025,Butter Chicken,Indian,dinner,False,357,19,68,18,11,852,5.04,16.21
RCP06026,Indian Snacks Special 111,Indian,morning_snack,False,784,6,55,27,8,1125,2.88,18.85
RCP06027,Samosa,Indian,morning_snack,True,760,15,72,14,10,1018,6.3,7.83
RCP06028,Vindaloo,Indian,dinner,False,524,13,75,28,13,757,4.32,5.69
RCP06029,Indian Snacks Special 114,Indian,morning_snack,True,223,5,62,26,11,1312,4.86,18.75
RCP06030,Biryani,Indian,dinner,True,390,14,71,14,11,431,5.04,18.19
RCP06031,Dal Tadka,Indian,dinner,False,797,15,62,16,14,731,6.12,9.5
RCP06032,Samosa,Indian,morning_snack,True,240,6,59,22,10,1262,5.58,21.45
RCP06033,Tandoori Chicken,Indian,morning_snack,False,594,19,35,26,4,390,3.42,16.23
RCP06034,Indian Snacks Special 119,Indian,morning_snack,True,310,14,69,22,3,669,5.94,21.04
RCP06035,Biryani,Indian,dinner,False,754,14,37,16,2,593,5.58,8.58
RCP06036,Indian Snacks Special 121,Indian,morning_snack,True,512,17,47,12,14,1254,2.34,10.25
RCP06037,Masala Dosa,Indian,breakfast,True,522,15,71,18,10,1027,5.58,15.31
RCP06038,Paneer Tikka,Indian,morning_snack,False,771,14,63,29,7,482,4.86,19.23
RCP06039,Indian Snacks Special 124,Indian,morning_snack,True,642,11,35,13,9,1442,6.48,13.15
RCP06040,Tandoori Chicken,Indian,morning_snack,False,686,6,42,13,11,1319,3.6,18.16
RCP06041,Butter Chicken,Indian,dinner,False,790,12,48,12,8,1152,3.6,11.77
RCP06042,Indian Snacks Special 127,Indian,morning_snack,True,378,8,58,27,2,848,3.06,13.1
RCP06043,Dosa,Indian,breakfast,True,357,14,33,13,10,1139,6.84,14.01
RCP06044,Idli,Indian,breakfast,True,408,12,39,18,8,585,3.42,11.81
RCP06045,Idli,Indian,breakfast,True,458,9,49,13,10,985,4.32,16.72
RCP06046,Indian Snacks Special 131,Indian,morning_snack,True,343,8,44,20,5,570,4.32,17.24
RCP06047,Tandoori Chicken,Indian,morning_snack,False,340,14,77,25,5,1122,4.86,12.79
RCP06048,Naan,Indian,breakfast,False,378,6,64,28,9,1464,4.14,20.33
RCP06049,Paneer Tikka,Indian,morning_snack,False,635,6,38,28,11,644,1.98,3.24
RCP06050,Gulab Jamun,Indian,morning_snack,True,405,9,65,17,11,866,5.76,15.86
RCP06051,Biryani,Indian,dinner,True,634,6,34,29,14,432,4.14,9.13
RCP06052,Chole Bhature,Indian,breakfast,True,652,10,32,23,8,1393,5.58,7.73
RCP06053,Gulab Jamun,Indian,morning_snack,True,282,18,50,13,13,1443,6.84,15.79
RCP06054,Gulab Jamun,Indian,morning_snack,False,589,8,54,25,2,203,2.52,7.62
RCP06055,Indian Snacks Special 140,Indian,morning_snack,True,477,12,47,21,3,402,7.02,6.25
RCP06056,Indian Snacks Special 141,Indian,morning_snack,True,275,18,42,22,6,1083,4.68,3.83
RCP06057,Chole Bhature,Indian,breakfast,False,306,14,47,12,6,1457,6.12,3.22
RCP06058,Chole Bhature,Indian,breakfast,False,411,17,67,21,2,299,1.8,19.77
RCP06059,Indian Snacks Special 144,Indian,morning_snack,False,473,14,78,15,5,315,6.66,20.24
RCP06060,Paneer Tikka,Indian,morning_snack,False,650,16,55,16,2,604,2.52,2.81
RCP06061,Dal Tadka,Indian,dinner,False,297,10,42,11,3,1257,2.52,19.86
RCP06062,Chole Bhature,Indian,breakfast,True,680,11,55,18,2,606,6.3,24.61
RCP06063,Tandoori Chicken,Indian,morning_snack,False,205,13,72,29,5,1211,6.48,21.73
RCP06064,Indian Snacks Special 149,Indian,morning_snack,True,658,16,40,10,9,1359,5.76,11.64
RCP06065,Dal Tadka,Indian,dinner,True,337,16,63,22,7,1175,5.94,6.5
RCP06066,Idli,Indian,breakfast,False,593,12,59,14,12,917,5.22,24.73
RCP06067,Gulab Jamun,Indian,morning_snack,True,380,6,66,13,3,1078,4.68,15.5
RCP06068,Indian Snacks Special 153,Indian,morning_snack,True,747,11,41,26,7,649,6.66,20.2
RCP06069,Masala Dosa,Indian,breakfast,True,206,18,48,20,13,362,5.58,13.45
RCP06070,Indian Snacks Special 155,Indian,morning_snack,True,419,9,30,10,9,1384,5.04,17.95
RCP06071,Biryani,Indian,dinner,False,540,5,31,17,3,997,6.3,20.44
RCP06072,Indian Snacks Special 157,Indian,morning_snack,True,290,8,62,15,14,1210,4.86,14.53
RCP06073,Vindaloo,Indian,dinner,False,341,6,30,27,8,888,4.14,11.6
RCP06074,Biryani,Indian,dinner,True,310,15,39,17,11,1110,7.02,20.23
RCP06075,Butter Chicken,Indian,dinner,False,267,15,34,21,7,1159,4.14,16.34
RCP06076,Indian Snacks Special 161,Indian,morning_snack,True,339,13,49,23,8,1167,2.52,10.59
RCP06077,Butter Chicken,Indian,dinner,False,480,14,67,20,9,1255,7.02,5.42
RCP06078,Butter Chicken,Indian,dinner,False,239,13,69,19,14,354,7.02,4.73
RCP06079,Biryani,Indian,dinner,True,211,19,75,17,13,800,4.5,12.76
RCP06080,Dal Tadka,Indian,dinner,True,647,9,51,22,10,1355,1.8,12.02
RCP06081,Indian Snacks Special 166,Indian,morning_snack,True,697,5,51,22,5,743,2.7,10.94
RCP06082,Biryani,Indian,dinner,True,215,10,66,12,5,1188,6.66,4.52
RCP06083,Biryani,Indian,dinner,True,759,14,39,20,9,602,1.8,16.23
RCP06084,Dosa,Indian,breakfast,True,316,10,57,29,14,984,5.04,23.43
RCP06085,Tandoori Chicken,Indian,morning_snack,False,702,8,73,23,14,774,4.32,3.22
RCP06086,Indian Snacks Special 171,Indian,morning_snack,True,273,13,69,16,13,447,3.06,6.48
RCP06087,Indian Snacks Special 172,Indian,morning_snack,True,582,15,43,13,7,1492,3.42,7.71
RCP06088,Indian Snacks Special 173,Indian,morning_snack,True,407,18,33,16,5,385,7.02,20.09
RCP06089,Idli,Indian,breakfast,True,235,13,79,11,11,1296,5.04,17.05
RCP06090,Idli,Indian,breakfast,True,239,8,74,27,3,893,5.04,21.1
RCP06091,Indian Snacks Special 176,Indian,morning_snack,False,571,6,67,19,10,1182,2.34,19.23
RCP06092,Masala Dosa,Indian,breakfast,True,482,12,59,29,5,404,4.68,7.2
RCP06093,Chole Bhature,Indian,breakfast,True,152,14,35,15,14,201,4.5,16.4
RCP06094,Indian Snacks Special 179,Indian,morning_snack,False,515,17,71,29,13,1042,2.7,18.92
RCP06095,Naan,Indian,breakfast,True,415,8,34,11,11,839,3.6,5.59
RCP06096,Dal Tadka,Indian,dinner,True,496,18,72,28,9,738,2.88,2.29
RCP06097,Indian Snacks Special 182,Indian,morning_snack,True,644,19,79,20,5,1011,4.5,16.94
RCP06098,Dosa,Indian,breakfast,True,546,6,51,26,14,1266,3.24,13.6
RCP06099,Rogan Josh,Indian,dinner,False,509,7,31,14,2,738,7.02,9.41
RCP06100,Rogan Josh,Indian,dinner,False,361,5,43,14,6,1356,7.02,11.83
RCP06101,Indian Snacks Special 186,Indian,morning_snack,False,210,17,43,24,14,1475,3.78,11.75
RCP06102,Indian Snacks Special 187,Indian,morning_snack,False,201,10,37,14,2,1126,4.14,18.53
RCP06103,Dal Tadka,Indian,dinner,True,609,12,69,24,7,263,6.84,8.43
RCP06104,Paneer Tikka,Indian,morning_snack,False,707,17,47,21,4,666,2.7,20.22
RCP06105,Masala Dosa,Indian,breakfast,True,552,13,47,25,11,626,1.98,7.53
RCP06106,Indian Snacks Special 191,Indian,morning_snack,True,185,7,78,19,8,480,5.58,22.12
RCP06107,Indian Snacks Special 192,Indian,morning_snack,False,765,15,48,29,9,520,3.6,23.58
RCP06108,Biryani,Indian,dinner,True,559,6,47,27,13,679,1.8,6.39
RCP06109,Indian Snacks Special 194,Indian,morning_snack,True,646,14,74,13,3,774,5.94,23.51
RCP06110,Indian Snacks Special 195,Indian,morning_snack,True,295,7,78,23,13,1417,6.12,24.39
RCP06111,Chole Bhature,Indian,breakfast,True,358,16,50,17,2,729,4.68,21.64
RCP06112,Indian Snacks Special 197,Indian,morning_snack,True,764,6,69,17,2,532,4.14,5.53
RCP06113,Indian Snacks Special 198,Indian,morning_snack,True,408,10,67,25,4,1172,3.42,14.69
RCP06114,Indian Snacks Special 199,Indian,morning_snack,True,789,18,53,20,7,1162,7.02,19.87
RCP06115,Paneer Tikka,Indian,morning_snack,False,482,18,53,28,8,370,1.8,8.58
RCP06116,Naan,Indian,breakfast,True,223,17,60,27,9,974,5.58,10.64
RCP06117,Biryani,Indian,dinner,False,387,13,59,11,4,1102,5.4,10.1
RCP06118,Vindaloo,Indian,dinner,False,547,7,60,14,14,1130,2.34,7.08
RCP06119,Idli,Indian,breakfast,False,502,9,30,29,7,627,3.6,21.47
RCP06120,Indian Snacks Special 205,Indian,morning_snack,False,455,5,55,29,4,506,4.68,15.24
RCP06121,Biryani,Indian,dinner,True,154,6,38,19,2,585,5.22,8.28
RCP06122,Gulab Jamun,Indian,morning_snack,True,407,5,49,27,9,557,7.02,8.49
RCP06123,Indian Snacks Special 208,Indian,morning_snack,True,460,13,58,24,13,636,2.88,19.8
RCP06124,Indian Snacks Special 209,Indian,morning_snack,True,749,14,60,27,2,846,6.66,6.74
RCP06125,Biryani,Indian,dinner,False,250,19,37,25,8,448,4.5,16.68
RCP06126,Dosa,Indian,breakfast,True,519,19,48,12,3,693,4.86,8.32
RCP06127,Tandoori Chicken,Indian,morning_snack,False,585,8,42,23,2,1314,2.16,21.84
RCP06128,Rogan Josh,Indian,dinner,False,731,8,30,22,14,1253,3.96,21.31
RCP06129,Indian Snacks Special 214,Indian,morning_snack,True,332,16,55,17,3,334,4.86,18.79
RCP06130,Butter Chicken,Indian,dinner,False,614,7,62,12,4,495,5.22,9.8
RCP06131,Tandoori Chicken,Indian,morning_snack,False,259,10,72,17,12,1371,2.34,14.74
RCP06132,Masala Dosa,Indian,breakfast,True,394,7,52,11,13,736,3.42,15.56
RCP06133,Indian Snacks Special 218,Indian,morning_snack,True,235,5,59,18,9,699,6.66,8.72
RCP06134,Butter Chicken,Indian,dinner,False,553,9,74,16,9,714,6.48,3.24
RCP06135,Chole Bhature,Indian,breakfast,True,319,11,72,13,5,1455,5.22,13.04
RCP06136,Indian Snacks Special 221,Indian,morning_snack,True,161,19,39,28,12,1325,6.66,5.58
RCP06137,Indian Snacks Special 222,Indian,morning_snack,True,295,18,53,14,12,394,3.6,8.64
RCP06138,Indian Snacks Special 223,Indian,morning_snack,True,524,15,39,13,14,485,6.66,11.4
RCP06139,Indian Snacks Special 224,Indian,morning_snack,True,215,19,55,12,2,290,3.96,8.8
RCP06140,Indian Snacks Special 225,Indian,morning_snack,True,533,12,42,14,5,621,2.34,6.76
RCP06141,Gulab Jamun,Indian,morning_snack,False,637,13,47,21,12,1012,2.16,9.83
RCP06142,Dosa,Indian,breakfast,False,498,6,74,17,5,828,4.32,5.31
RCP06143,Indian Snacks Special 228,Indian,morning_snack,True,764,16,53,12,8,808,2.52,24.54
RCP06144,Indian Snacks Special 229,Indian,morning_snack,True,463,8,39,12,10,438,4.86,7.25
RCP06145,Butter Chicken,Indian,dinner,False,631,8,62,14,7,318,3.6,10.42
RCP06146,Biryani,Indian,dinner,True,429,12,53,24,8,1301,3.96,19.76
RCP06147,Tandoori Chicken,Indian,morning_snack,False,697,5,55,11,4,867,5.04,7.75
RCP06148,Indian Snacks Special 233,Indian,morning_snack,False,696,17,71,13,5,1001,3.42,24.03
RCP06149,Idli,Indian,breakfast,True,558,17,70,14,8,327,4.68,14.73
RCP06150,Vindaloo,Indian,dinner,False,389,5,34,18,8,208,6.84,21.15
RCP06151,Chole Bhature,Indian,breakfast,True,465,19,65,20,14,431,2.52,10.22
RCP06152,Biryani,Indian,dinner,False,545,13,32,23,12,1458,5.04,10.98
RCP06153,Chole Bhature,Indian,breakfast,True,795,5,79,15,11,451,6.3,23.08
RCP06154,Samosa,Indian,morning_snack,True,456,19,54,10,7,1273,4.86,17.61
RCP06155,Indian Snacks Special 240,Indian,morning_snack,True,580,19,61,22,13,531,5.76,24.7
RCP06156,Indian Snacks Special 241,Indian,morning_snack,True,741,13,60,16,10,651,5.04,10.76
RCP06157,Biryani,Indian,dinner,False,693,13,49,15,10,462,5.4,23.61
RCP06158,Butter Chicken,Indian,dinner,False,778,16,76,16,13,1221,4.14,5.03
RCP06159,Chole Bhature,Indian,breakfast,True,712,11,72,22,8,934,1.98,13.59
RCP06160,Chole Bhature,Indian,breakfast,True,523,9,52,11,2,1137,1.8,9.88
RCP06161,Indian Snacks Special 246,Indian,morning_snack,True,622,11,37,14,5,318,4.86,6.7
RCP06162,Indian Snacks Special 247,Indian,morning_snack,True,291,14,40,17,4,1157,5.22,12.88
RCP06163,Indian Snacks Special 248,Indian,morning_snack,False,783,14,33,29,12,846,4.68,17.25
RCP06164,Indian Snacks Special 249,Indian,morning_snack,False,249,10,65,22,14,986,3.24,23.36
RCP06165,Butter Chicken,Indian,dinner,False,313,15,65,25,10,1492,5.22,15.33
RCP06166,Indian Snacks Special 251,Indian,morning_snack,True,485,19,73,10,2,1104,4.5,22.52
RCP06167,Naan,Indian,breakfast,False,566,8,78,22,8,1328,6.48,20.02
RCP06168,Idli,Indian,breakfast,True,519,16,42,20,4,1002,5.22,10.25
RCP06169,Idli,Indian,breakfast,False,213,14,75,14,10,526,4.5,12.85
RCP06170,Tandoori Chicken,Indian,morning_snack,False,479,19,47,23,4,568,5.22,11.39
RCP06171,Indian Snacks Special 256,Indian,morning_snack,True,178,17,37,12,2,713,1.98,16.65
RCP06172,Paneer Tikka,Indian,morning_snack,False,178,15,55,28,11,1141,4.32,5.85
RCP06173,Biryani,Indian,dinner,True,186,6,54,24,8,541,6.48,4.17
RCP06174,Butter Chicken,Indian,dinner,False,754,14,68,13,6,611,6.12,9.62
RCP06175,Masala Dosa,Indian,breakfast,False,425,19,77,19,5,716,7.02,19.15
RCP06176,Indian Snacks Special 261,Indian,morning_snack,True,459,17,72,21,14,1377,2.16,23.24
RCP06177,Samosa,Indian,morning_snack,False,169,12,50,16,5,948,3.96,21.93
RCP06178,Indian Snacks Special 263,Indian,morning_snack,False,737,8,61,18,9,584,2.52,12.44
RCP06179,Indian Snacks Special 264,Indian,morning_snack,False,635,8,43,10,5,239,6.3,4.65
RCP06180,Dosa,Indian,breakfast,True,226,18,51,12,11,416,5.94,5.95
RCP06181,Chole Bhature,Indian,breakfast,False,213,8,58,10,6,1338,4.32,18.34
RCP06182,Samosa,Indian,morning_snack,True,789,12,34,27,7,326,2.16,17.74
RCP06183,Indian Snacks Special 268,Indian,morning_snack,False,160,8,48,16,4,598,5.76,8.55
RCP06184,Tandoori Chicken,Indian,morning_snack,False,275,15,67,27,3,880,4.14,8.09
RCP06185,Naan,Indian,breakfast,True,543,6,76,17,2,991,4.32,14.95
RCP06186,Gulab Jamun,Indian,morning_snack,True,472,5,48,18,11,651,6.48,12.83
RCP06187,Paneer Tikka,Indian,morning_snack,False,536,14,79,22,7,778,4.14,15.81
RCP06188,Chole Bhature,Indian,breakfast,False,383,10,62,12,2,400,3.06,13.85
RCP06189,Dosa,Indian,breakfast,True,570,9,59,21,10,1000,4.32,20.04
RCP06190,Indian Snacks Special 275,Indian,morning_snack,False,192,10,44,19,12,979,3.06,5.07
RCP06191,Indian Snacks Special 276,Indian,morning_snack,True,348,13,39,16,13,1484,1.8,17.1
RCP06192,Naan,Indian,breakfast,False,473,19,51,23,6,1194,5.4,24.5
RCP06193,Naan,Indian,breakfast,True,180,15,73,20,2,642,6.48,16.81
RCP06194,Indian Snacks Special 279,Indian,morning_snack,True,534,10,68,23,13,371,4.14,24.95
RCP06195,Indian Snacks Special 280,Indian,morning_snack,False,629,5,35,20,10,657,1.8,19.15
RCP06196,Idli,Indian,breakfast,True,236,13,78,16,10,925,7.02,24.63
RCP06197,Indian Snacks Special 282,Indian,morning_snack,True,353,13,38,23,6,299,5.76,19.46
RCP06198,Indian Snacks Special 283,Indian,morning_snack,False,223,17,36,21,3,1150,5.22,24.55
RCP06199,Gulab Jamun,Indian,morning_snack,False,380,6,47,11,4,265,4.86,20.61
RCP06200,Masala Dosa,Indian,breakfast,True,559,19,72,15,11,1328,3.96,15.44
RCP06201,Samosa,Indian,morning_snack,True,715,7,71,27,6,1389,3.06,24.42
RCP06202,Butter Chicken,Indian,dinner,False,590,10,33,14,5,758,3.6,12.28
RCP06203,Indian Snacks Special 288,Indian,morning_snack,False,608,18,72,28,3,836,2.16,6.44
RCP06204,Paneer Tikka,Indian,morning_snack,False,263,18,63,21,10,342,3.06,15.69
RCP06205,Paneer Tikka,Indian,morning_snack,False,279,12,53,25,2,599,3.24,18.95
RCP06206,Chole Bhature,Indian,breakfast,True,702,17,32,15,6,665,2.88,5.66
RCP06207,Dosa,Indian,breakfast,True,784,11,46,24,13,1201,2.88,6.79
RCP06208,Indian Snacks Special 293,Indian,morning_snack,False,658,5,33,29,5,670,2.88,20.39
RCP06209,Indian Snacks Special 294,Indian,morning_snack,True,276,18,30,28,9,323,2.52,16.02
RCP06210,Paneer Tikka,Indian,morning_snack,False,522,11,68,24,6,479,4.14,2.88
RCP06211,Indian Snacks Special 296,Indian,morning_snack,True,358,14,71,21,8,828,3.42,20.15
RCP06212,Indian Snacks Special 297,Indian,morning_snack,True,652,9,31,26,10,316,4.86,12.29
RCP06213,Naan,Indian,breakfast,False,681,5,65,15,14,558,2.34,10.18
RCP06214,Paneer Tikka,Indian,morning_snack,False,321,17,59,26,11,932,6.66,19.89
RCP06215,Dal Tadka,Indian,dinner,True,786,15,52,21,13,549,3.78,15.28
RCP06216,Vindaloo,Indian,dinner,False,537,9,43,25,3,1474,4.86,10.47
RCP06217,Tandoori Chicken,Indian,morning_snack,False,553,9,59,22,10,785,5.4,15.05
RCP06218,Masala Dosa,Indian,breakfast,True,653,19,60,20,2,1044,2.7,14.49
RCP06219,Dosa,Indian,breakfast,True,596,7,42,28,9,1471,5.22,21.46
RCP06220,Masala Dosa,Indian,breakfast,True,761,13,36,14,11,1198,4.86,6.23
RCP06221,Indian Snacks Special 306,Indian,morning_snack,True,160,13,34,12,14,1403,5.94,16.37
RCP06222,Chole Bhature,Indian,breakfast,False,372,11,39,10,11,1008,1.98,11.72
RCP06223,Biryani,Indian,dinner,True,618,18,73,27,4,1086,6.3,8.1
RCP06224,Dal Tadka,Indian,dinner,True,607,10,68,19,5,1362,3.96,12.65
RCP06225,Vindaloo,Indian,dinner,False,155,9,48,26,6,887,6.48,22.71
RCP06226,Indian Snacks Special 311,Indian,morning_snack,False,611,12,78,10,12,1280,6.66,23.67
RCP06227,Indian Snacks Special 312,Indian,morning_snack,True,434,14,50,21,2,968,5.76,23.69
RCP06228,Butter Chicken,Indian,dinner,False,328,18,32,16,12,460,3.24,22.36
RCP06229,Chole Bhature,Indian,breakfast,True,449,17,37,15,5,533,4.5,4.64
RCP06230,Indian Snacks Special 315,Indian,morning_snack,True,299,6,72,12,6,921,2.52,4.76
RCP06231,Paneer Tikka,Indian,morning_snack,False,434,7,64,19,6,294,5.4,14.88
RCP06232,Chole Bhature,Indian,breakfast,False,206,8,56,26,12,1056,6.48,3.05
RCP06233,Vindaloo,Indian,dinner,False,363,14,30,23,4,1267,4.86,15.68
RCP06234,Idli,Indian,breakfast,True,165,10,52,28,6,692,3.96,8.49
RCP06235,Indian Snacks Special 320,Indian,morning_snack,True,444,11,61,11,5,460,3.42,15.6
RCP06236,Dal Tadka,Indian,dinner,True,584,14,49,11,4,483,4.68,8.02
RCP06237,Dal Tadka,Indian,dinner,True,355,11,71,14,11,818,5.94,9.36
RCP06238,Paneer Tikka,Indian,morning_snack,False,485,18,63,13,14,1246,5.94,20.68
RCP06239,Indian Snacks Special 324,Indian,morning_snack,True,279,11,39,18,7,567,3.42,11.17
RCP06240,Indian Snacks Special 325,Indian,morning_snack,True,351,9,34,10,12,1481,3.06,16.13
RCP06241,Dal Tadka,Indian,dinner,True,756,15,64,20,8,880,4.14,5.13
RCP06242,Indian Snacks Special 327,Indian,morning_snack,True,566,5,71,10,5,756,5.76,12.43
RCP06243,Paneer Tikka,Indian,morning_snack,False,315,16,77,17,6,1469,3.42,19.19
RCP06244,Butter Chicken,Indian,dinner,False,446,13,50,26,5,440,3.96,18.21
RCP06245,Paneer Tikka,Indian,morning_snack,False,504,16,46,24,8,918,5.04,11.36
RCP06246,Idli,Indian,breakfast,True,555,18,78,21,13,202,6.66,21.6
RCP06247,Vindaloo,Indian,dinner,False,302,7,68,17,5,1197,2.34,3.14
RCP06248,Samosa,Indian,morning_snack,True,445,6,38,11,3,1353,6.12,12.81
RCP06249,Biryani,Indian,dinner,True,184,9,34,22,14,1386,5.22,11.5
RCP06250,Biryani,Indian,dinner,True,744,10,49,13,13,727,3.6,8.72
RCP06251,Naan,Indian,breakfast,True,533,15,77,27,3,953,1.8,23.73
RCP06252,Indian Snacks Special 337,Indian,morning_snack,False,223,8,47,26,4,721,4.86,7.82
RCP06253,Tandoori Chicken,Indian,morning_snack,False,359,14,47,20,2,949,6.48,22.73
RCP06254,Indian Snacks Special 339,Indian,morning_snack,True,272,14,45,14,4,467,6.48,2.34
RCP06255,Indian Snacks Special 340,Indian,morning_snack,True,575,7,44,27,12,1209,6.66,18.94
RCP06256,Indian Snacks Special 341,Indian,morning_snack,True,428,13,75,14,12,1014,6.3,17.21
RCP06257,Gulab Jamun,Indian,morning_snack,False,648,14,77,10,10,1469,6.3,4.55
RCP06258,Indian Snacks Special 343,Indian,morning_snack,True,615,5,36,22,10,1479,1.8,20.47
RCP06259,Vindaloo,Indian,dinner,False,630,14,62,25,2,685,7.02,12.51
RCP06260,Naan,Indian,breakfast,True,744,12,31,27,2,1248,5.58,18.78
RCP06261,Indian Snacks Special 346,Indian,morning_snack,True,555,7,39,26,7,778,3.96,12.67
RCP06262,Vindaloo,Indian,dinner,False,607,17,74,12,4,874,4.5,12.97
RCP06263,Indian Snacks Special 348,Indian,morning_snack,False,316,13,37,14,14,714,4.68,9.42
RCP06264,Indian Snacks Special 349,Indian,morning_snack,True,442,10,65,25,3,506,5.22,16.65
RCP06265,Indian Snacks Special 350,Indian,morning_snack,False,797,18,41,23,8,529,6.12,16.25
RCP06266,Dosa,Indian,breakfast,True,495,15,75,12,2,338,6.12,9.42
RCP06267,Chole Bhature,Indian,breakfast,False,743,18,68,21,13,798,2.34,10.56
RCP06268,Dal Tadka,Indian,dinner,False,438,16,33,15,10,1430,2.16,23.07
RCP06269,Rogan Josh,Indian,dinner,False,158,10,52,26,7,990,6.66,8.45
RCP06270,Vindaloo,Indian,dinner,False,154,12,71,15,7,626,5.76,15.12
RCP06271,Dosa,Indian,breakfast,False,382,15,34,16,13,1069,7.02,11.01
RCP06272,Naan,Indian,breakfast,True,649,9,30,18,4,1161,7.02,12.5
RCP06273,Chole Bhature,Indian,breakfast,True,269,18,45,17,6,627,2.16,9.54
RCP06274,Dosa,Indian,breakfast,True,541,14,39,22,5,1248,5.58,18.64
RCP06275,Biryani,Indian,dinner,True,577,15,71,13,6,1114,3.42,3.51
RCP06276,Dosa,Indian,breakfast,True,382,10,77,20,2,571,4.14,13.14
RCP06277,Biryani,Indian,dinner,True,351,17,59,28,12,646,5.94,2.33
RCP06278,Rogan Josh,Indian,dinner,False,347,10,49,18,6,1485,4.5,3.59
RCP06279,Indian Snacks Special 364,Indian,morning_snack,True,444,11,78,27,8,241,3.06,23.81
RCP06280,Paneer Tikka,Indian,morning_snack,False,597,11,34,15,9,814,4.32,9.75
RCP06281,Gulab Jamun,Indian,morning_snack,True,177,12,56,25,11,562,6.3,13.72
RCP06282,Chole Bhature,Indian,breakfast,False,785,5,39,14,12,1353,3.42,20.61
RCP06283,Indian Snacks Special 368,Indian,morning_snack,True,723,6,59,17,8,930,6.48,24.01
RCP06284,Dal Tadka,Indian,dinner,True,178,19,47,19,11,430,2.16,15.56
RCP06285,Dosa,Indian,breakfast,False,340,12,64,22,7,1214,3.6,15.46
RCP06286,Rogan Josh,Indian,dinner,False,249,11,76,27,9,208,7.02,21.23
RCP06287,Idli,Indian,breakfast,True,778,15,33,21,4,1321,6.48,9.32
RCP06288,Indian Snacks Special 373,Indian,morning_snack,True,787,18,55,18,13,283,5.76,23.11
RCP06289,Masala Dosa,Indian,breakfast,True,589,15,30,17,12,985,3.06,20.85
RCP06290,Dosa,Indian,breakfast,True,661,17,55,14,8,827,4.14,8.9
RCP06291,Samosa,Indian,morning_snack,False,469,7,59,14,5,1035,4.86,15.26
RCP06292,Vindaloo,Indian,dinner,False,324,11,56,10,14,851,6.12,11.07
RCP06293,Indian Snacks Special 378,Indian,morning_snack,False,320,10,55,29,11,763,2.7,11.18
RCP06294,Naan,Indian,breakfast,False,236,19,50,12,10,1080,3.6,8.4
RCP06295,Idli,Indian,breakfast,False,210,6,42,24,13,1324,3.24,7.99
RCP06296,Indian Snacks Special 381,Indian,morning_snack,True,481,9,61,17,3,1198,3.6,10.03
RCP06297,Indian Snacks Special 382,Indian,morning_snack,False,528,12,75,29,7,1069,3.78,13.98
RCP06298,Samosa,Indian,morning_snack,True,456,13,74,17,5,1467,3.96,13.14
RCP06299,Indian Snacks Special 384,Indian,morning_snack,True,796,10,64,22,6,1434,5.04,20.44
RCP06300,Chole Bhature,Indian,breakfast,True,160,6,42,26,8,1087,4.68,24.14
RCP06301,Chole Bhature,Indian,breakfast,True,255,7,61,21,9,570,5.22,23.28
RCP06302,Vindaloo,Indian,dinner,False,371,13,60,22,9,557,2.34,18.69
RCP06303,Dosa,Indian,breakfast,True,302,18,61,27,14,1158,3.6,7.67
RCP06304,Indian Snacks Special 389,Indian,morning_snack,True,454,19,79,24,8,465,2.7,19.52
RCP06305,Tandoori Chicken,Indian,morning_snack,False,248,13,34,29,8,1261,4.86,9.72
RCP06306,Samosa,Indian,morning_snack,False,336,17,57,25,6,414,3.96,6.07
RCP06307,Indian Snacks Special 392,Indian,morning_snack,True,346,14,71,29,2,1307,4.86,6.9
RCP06308,Dosa,Indian,breakfast,True,540,13,71,29,8,475,2.34,11.33
RCP06309,Chole Bhature,Indian,breakfast,True,509,5,38,24,11,1275,6.12,11.14
RCP06310,Indian Snacks Special 395,Indian,morning_snack,True,440,18,56,11,10,1076,5.76,8.57
RCP06311,Indian Snacks Special 396,Indian,morning_snack,False,492,11,63,24,13,605,6.3,15.01
RCP06312,Indian Snacks Special 397,Indian,morning_snack,True,655,17,72,13,6,1142,4.68,3.02
RCP06313,Indian Snacks Special 398,Indian,morning_snack,False,627,5,73,29,14,1402,5.04,21.22
RCP06314,Naan,Indian,breakfast,True,218,18,46,29,7,536,2.34,6.24
RCP06315,Vindaloo,Indian,dinner,False,241,14,62,24,5,1370,4.5,21.35
RCP06316,Indian Snacks Special 401,Indian,morning_snack,False,310,6,71,11,8,699,1.98,9.92
RCP06317,Chole Bhature,Indian,breakfast,True,500,18,61,13,10,1372,3.42,3.2
RCP06318,Indian Snacks Special 403,Indian,morning_snack,True,741,6,55,28,7,655,5.04,3.12
RCP06319,Masala Dosa,Indian,breakfast,True,692,9,37,25,9,556,3.06,23.21
RCP06320,Dosa,Indian,breakfast,False,534,13,51,15,11,1224,4.86,18.48
RCP06321,Chole Bhature,Indian,breakfast,True,287,17,33,18,12,346,6.66,21.35
RCP06322,Indian Snacks Special 407,Indian,morning_snack,True,572,19,61,24,11,648,2.34,23.28
RCP06323,Butter Chicken,Indian,dinner,False,448,7,70,25,14,224,3.96,13.85
RCP06324,Rogan Josh,Indian,dinner,False,171,15,60,16,14,373,2.88,9.55
RCP06325,Naan,Indian,breakfast,False,695,12,76,15,9,1291,4.32,19.67
RCP06326,Indian Snacks Special 411,Indian,morning_snack,False,532,7,56,25,13,350,6.66,12.25
RCP06327,Naan,Indian,breakfast,True,153,12,69,19,2,1158,6.3,18.08
RCP06328,Vindaloo,Indian,dinner,False,421,16,62,27,12,952,5.22,2.87
RCP06329,Idli,Indian,breakfast,True,490,9,72,24,5,1263,4.32,19.7
RCP06330,Butter Chicken,Indian,dinner,False,578,17,72,15,6,893,5.04,21.82
RCP06331,Samosa,Indian,morning_snack,True,290,7,79,26,3,778,4.86,8.22
RCP06332,Dal Tadka,Indian,dinner,True,550,5,77,17,14,1436,7.02,14.26
RCP06333,Paneer Tikka,Indian,morning_snack,False,632,19,65,18,2,829,3.06,14.76
RCP06334,Masala Dosa,Indian,breakfast,True,778,6,38,28,7,1189,5.4,7.82
RCP06335,Rogan Josh,Indian,dinner,False,177,19,55,13,6,431,3.42,20.73
RCP06336,Butter Chicken,Indian,dinner,False,612,16,44,28,7,496,3.42,20.9
RCP06337,Dal Tadka,Indian,dinner,True,502,13,56,10,14,653,2.88,14.4
RCP06338,Paneer Tikka,Indian,morning_snack,False,165,12,56,24,10,497,4.32,19.27
RCP06339,Rogan Josh,Indian,dinner,False,581,6,37,23,13,1341,4.86,4.21
RCP06340,Masala Dosa,Indian,breakfast,True,631,14,61,17,14,965,3.24,9.5
RCP06341,Rogan Josh,Indian,dinner,False,721,10,76,29,3,1162,1.8,23.83
RCP06342,Chole Bhature,Indian,breakfast,True,392,13,37,13,13,1183,4.68,15.01
RCP06343,Biryani,Indian,dinner,False,326,13,50,16,13,645,3.42,17.67
RCP06344,Indian Snacks Special 429,Indian,morning_snack,True,242,13,50,16,11,235,3.42,9.59
RCP06345,Indian Snacks Special 430,Indian,morning_snack,False,636,10,65,10,3,1360,4.5,16.84
RCP06346,Indian Snacks Special 431,Indian,morning_snack,True,204,18,55,10,3,619,5.04,8.43
RCP06347,Biryani,Indian,dinner,True,152,12,72,27,6,473,6.12,4.9
RCP06348,Samosa,Indian,morning_snack,False,472,12,38,29,4,1340,2.88,17.95
RCP06349,Naan,Indian,breakfast,True,408,11,39,15,10,1397,2.16,22.63
RCP06350,Idli,Indian,breakfast,True,762,17,50,15,3,775,3.6,12.91
RCP06351,Dosa,Indian,breakfast,False,556,8,78,21,14,1056,2.88,3.28
RCP06352,Indian Snacks Special 437,Indian,morning_snack,True,379,5,58,20,7,845,3.6,17.61
RCP06353,Indian Snacks Special 438,Indian,morning_snack,True,290,16,64,25,9,610,1.8,4.82
RCP06354,Indian Snacks Special 439,Indian,morning_snack,False,715,9,72,19,6,877,3.42,12.36
RCP06355,Chole Bhature,Indian,breakfast,True,356,7,47,22,12,319,5.04,10.83
RCP06356,Dosa,Indian,breakfast,True,741,17,38,28,8,1217,5.22,2.76
RCP06357,Masala Dosa,Indian,breakfast,True,436,18,67,18,14,812,2.7,3.61
RCP06358,Indian Snacks Special 443,Indian,morning_snack,True,200,18,47,23,6,1007,2.88,6.5
RCP06359,Gulab Jamun,Indian,morning_snack,True,316,17,38,14,8,821,6.66,22.44
RCP06360,Gulab Jamun,Indian,morning_snack,True,298,13,65,11,8,303,4.32,13.43
RCP06361,Indian Snacks Special 446,Indian,morning_snack,False,346,16,71,23,13,1377,2.16,14.4
RCP06362,Paneer Tikka,Indian,morning_snack,False,331,10,59,13,6,516,5.94,23.86
RCP06363,Dosa,Indian,breakfast,True,311,10,71,16,11,1386,4.14,18.83
RCP06364,Dosa,Indian,breakfast,False,766,18,57,27,8,1335,7.02,13.43
RCP06365,Indian Snacks Special 450,Indian,morning_snack,False,454,19,73,18,14,1312,3.78,18.29
RCP06366,Indian Snacks Special 451,Indian,morning_snack,True,398,18,42,28,12,1222,6.3,14.61
RCP06367,Vindaloo,Indian,dinner,False,397,13,35,20,11,1117,6.48,13.02
RCP06368,Masala Dosa,Indian,breakfast,True,513,6,61,28,2,929,5.58,21.66
RCP06369,Indian Snacks Special 454,Indian,morning_snack,False,200,14,56,23,9,1150,4.5,16.5
RCP06370,Gulab Jamun,Indian,morning_snack,True,278,7,49,12,8,1123,6.3,22.51
RCP06371,Rogan Josh,Indian,dinner,False,375,19,35,20,4,856,4.68,2.02
RCP06372,Paneer Tikka,Indian,morning_snack,False,331,13,76,16,9,1256,5.94,19.9
RCP06373,Indian Snacks Special 458,Indian,morning_snack,True,524,11,70,28,2,1179,5.04,19.87
RCP06374,Chole Bhature,Indian,breakfast,True,756,10,50,23,9,885,5.4,10.24
RCP06375,Indian Snacks Special 460,Indian,morning_snack,True,703,5,71,17,11,1333,5.22,5.24
RCP06376,Paneer Tikka,Indian,morning_snack,False,558,11,43,25,9,1326,6.3,2.38
RCP06377,Rogan Josh,Indian,dinner,False,758,17,56,23,12,411,4.5,23.7
RCP06378,Dal Tadka,Indian,dinner,False,391,7,42,23,3,1445,3.06,2.58
RCP06379,Indian Snacks Special 464,Indian,morning_snack,True,442,19,50,22,5,959,3.24,21.76
RCP06380,Masala Dosa,Indian,breakfast,True,412,16,37,24,3,427,3.96,22.63
RCP06381,Dal Tadka,Indian,dinner,True,218,5,71,21,6,1084,4.5,17.16
RCP06382,Indian Snacks Special 467,Indian,morning_snack,True,781,18,44,27,6,786,2.88,6.52
RCP06383,Tandoori Chicken,Indian,morning_snack,False,730,18,41,16,4,1411,2.52,24.77
RCP06384,Indian Snacks Special 469,Indian,morning_snack,True,595,15,50,17,5,1237,1.8,12.49
RCP06385,Indian Snacks Special 470,Indian,morning_snack,True,613,10,55,10,4,889,2.7,3.03
RCP06386,Naan,Indian,breakfast,True,272,6,77,21,2,582,1.98,4.35
RCP06387,Dosa,Indian,breakfast,True,327,6,53,14,8,1144,3.24,12.62
RCP06388,Dosa,Indian,breakfast,True,508,5,78,26,11,840,4.5,16.46
RCP06389,Dal Tadka,Indian,dinner,True,245,11,32,18,13,566,6.48,24.55
RCP06390,Vindaloo,Indian,dinner,False,677,15,35,25,12,798,2.88,13.5
RCP06391,Biryani,Indian,dinner,True,775,5,78,15,9,993,2.7,11.76
RCP06392,Butter Chicken,Indian,dinner,False,668,10,52,23,4,983,6.84,9.4
RCP06393,Vindaloo,Indian,dinner,False,758,12,32,18,13,1222,5.4,15.93
RCP06394,Chole Bhature,Indian,breakfast,False,293,12,69,27,3,1245,2.34,12.08
RCP06395,Naan,Indian,breakfast,False,196,17,56,17,12,1148,5.58,2.89
RCP06396,Rogan Josh,Indian,dinner,False,305,16,72,26,10,782,2.52,21.39
RCP06397,Naan,Indian,breakfast,False,618,12,78,26,2,305,5.4,23.3
RCP06398,Samosa,Indian,morning_snack,True,335,9,79,11,12,682,4.5,7.08
RCP06399,Indian Snacks Special 484,Indian,morning_snack,False,221,16,42,27,6,603,5.04,23.68
RCP06400,Indian Snacks Special 485,Indian,morning_snack,True,452,11,60,10,4,932,4.32,21.86
RCP06401,Indian Snacks Special 486,Indian,morning_snack,False,546,15,68,19,3,1247,4.86,12.08
RCP06402,Tandoori Chicken,Indian,morning_snack,False,177,17,31,16,2,765,5.76,13.13
RCP06403,Samosa,Indian,morning_snack,False,680,7,32,23,12,465,5.4,20.25
RCP06404,Samosa,Indian,morning_snack,True,764,6,33,16,14,1441,3.24,2.97
RCP06405,Indian Snacks Special 490,Indian,morning_snack,True,324,19,67,16,11,622,2.34,19.78
RCP06406,Naan,Indian,breakfast,True,455,14,42,18,9,1253,5.76,19.34
RCP06407,Dosa,Indian,breakfast,True,365,13,62,11,11,802,3.24,18.27
RCP06408,Indian Snacks Special 493,Indian,morning_snack,True,786,18,46,16,4,544,4.86,17.51
RCP06409,Biryani,Indian,dinner,True,591,10,44,14,10,202,3.42,14.73
RCP06410,Indian Snacks Special 495,Indian,morning_snack,True,779,15,46,23,13,1103,1.98,13.68
RCP06411,Indian Snacks Special 496,Indian,morning_snack,True,500,7,50,28,8,253,4.32,18.92
RCP06412,Biryani,Indian,dinner,True,376,5,75,25,13,406,6.84,11.37
RCP06413,Dosa,Indian,breakfast,False,298,15,61,19,8,466,6.3,12.44
RCP06414,Tandoori Chicken,Indian,morning_snack,False,796,11,45,10,13,1199,2.34,15.87
RCP06415,Vindaloo,Indian,dinner,False,742,13,56,11,8,1110,4.32,24.26
RCP06416,Indian Snacks Special 501,Indian,morning_snack,True,427,15,77,23,8,316,1.8,22.34
RCP06417,Gulab Jamun,Indian,morning_snack,True,245,15,77,12,11,839,5.94,18.42
RCP06418,Butter Chicken,Indian,dinner,False,791,13,43,25,10,1001,6.3,11.31
RCP06419,Paneer Tikka,Indian,morning_snack,False,327,7,43,15,5,464,5.4,21.63
RCP06420,Indian Snacks Special 505,Indian,morning_snack,False,335,15,68,14,7,1421,2.34,20.21
RCP06421,Biryani,Indian,dinner,True,565,16,79,26,11,904,1.98,15.98
RCP06422,Paneer Tikka,Indian,morning_snack,False,172,11,55,21,7,279,5.94,17.48
RCP06423,Gulab Jamun,Indian,morning_snack,True,598,13,66,26,13,535,3.24,19.92
RCP06424,Chole Bhature,Indian,breakfast,False,605,11,70,23,3,1023,2.7,2.98
RCP06425,Idli,Indian,breakfast,True,736,8,36,21,3,471,4.68,12.77
RCP06426,Indian Snacks Special 511,Indian,morning_snack,True,593,17,44,14,6,857,6.84,6.3
RCP06427,Indian Snacks Special 512,Indian,morning_snack,False,451,8,32,18,10,672,4.68,6.25
RCP06428,Dal Tadka,Indian,dinner,True,709,7,72,23,5,1134,5.94,12.16
RCP06429,Rogan Josh,Indian,dinner,False,792,17,72,22,7,728,6.48,19.48
RCP06430,Biryani,Indian,dinner,False,374,17,34,27,3,292,2.34,21.16
RCP06431,Chole Bhature,Indian,breakfast,True,600,19,40,11,11,1400,5.94,22.42
RCP06432,Indian Snacks Special 517,Indian,morning_snack,True,316,17,77,19,2,1039,6.66,6.07
RCP06433,Vindaloo,Indian,dinner,False,784,16,67,15,11,1347,3.42,13.33
RCP06434,Vindaloo,Indian,dinner,False,602,18,42,25,3,689,2.16,3.26
RCP06435,Dal Tadka,Indian,dinner,False,398,10,66,10,2,1349,5.04,21.59
RCP06436,Indian Snacks Special 521,Indian,morning_snack,True,477,11,69,29,6,682,2.16,7.48
RCP06437,Dal Tadka,Indian,dinner,True,532,6,55,26,10,469,1.98,17.39
RCP06438,Idli,Indian,breakfast,True,484,13,60,25,9,1336,6.66,6.71
RCP06439,Chole Bhature,Indian,breakfast,True,364,14,32,12,3,303,4.32,13.81
RCP06440,Rogan Josh,Indian,dinner,False,324,18,44,12,13,1335,2.16,7.56
RCP06441,Dosa,Indian,breakfast,False,194,11,62,17,12,310,5.22,17.13
RCP06442,Indian Snacks Special 527,Indian,morning_snack,False,270,16,31,18,4,498,3.06,21.63
RCP06443,Biryani,Indian,dinner,False,376,13,56,11,14,486,2.88,14.12
RCP06444,Vindaloo,Indian,dinner,False,578,10,34,17,11,728,6.3,5.32
RCP06445,Samosa,Indian,morning_snack,True,692,9,68,15,5,409,6.48,24.73
RCP06446,Indian Snacks Special 531,Indian,morning_snack,True,410,5,45,20,6,337,6.48,13.75
RCP06447,Chole Bhature,Indian,breakfast,True,750,9,75,27,8,436,3.96,2.51
RCP06448,Idli,Indian,breakfast,False,362,16,68,22,12,233,3.96,8.34
RCP06449,Tandoori Chicken,Indian,morning_snack,False,413,11,33,10,9,1120,5.58,22.95
RCP06450,Masala Dosa,Indian,breakfast,True,667,12,33,26,10,790,1.98,10.53
RCP06451,Dal Tadka,Indian,dinner,True,676,7,39,10,14,1206,4.14,19.08
RCP06452,Dosa,Indian,breakfast,True,433,5,68,17,8,371,5.94,14.23
RCP06453,Indian Snacks Special 538,Indian,morning_snack,True,316,9,56,21,8,444,5.04,20.71
RCP06454,Indian Snacks Special 539,Indian,morning_snack,True,272,16,72,21,3,1238,5.4,14.97
RCP06455,Indian Snacks Special 540,Indian,morning_snack,False,505,17,46,26,7,880,3.78,13.35
RCP06456,Indian Snacks Special 541,Indian,morning_snack,True,463,14,47,15,8,414,7.02,8.75
RCP06457,Tandoori Chicken,Indian,morning_snack,False,766,7,45,16,3,325,4.14,22.36
RCP06458,Indian Snacks Special 543,Indian,morning_snack,False,212,19,37,11,11,1241,6.48,12.24
RCP06459,Indian Snacks Special 544,Indian,morning_snack,True,480,13,54,23,2,642,5.94,24.86
RCP06460,Gulab Jamun,Indian,morning_snack,True,795,15,36,27,13,439,2.88,4.35
RCP06461,Tandoori Chicken,Indian,morning_snack,False,493,15,40,18,13,315,5.04,5.21
RCP06462,Dosa,Indian,breakfast,True,759,7,41,19,7,1092,5.76,9.48
RCP06463,Rogan Josh,Indian,dinner,False,685,5,76,29,12,573,2.88,9.99
RCP06464,Indian Snacks Special 549,Indian,morning_snack,True,540,17,56,28,10,1409,2.34,15.17
RCP06465,Chole Bhature,Indian,breakfast,False,182,6,58,27,12,657,2.88,24.44
RCP06466,Naan,Indian,breakfast,False,277,18,52,27,10,383,5.22,15.61
RCP06467,Indian Snacks Special 552,Indian,morning_snack,True,518,16,53,11,7,405,3.96,5.05
RCP06468,Tandoori Chicken,Indian,morning_snack,False,367,6,69,12,13,310,5.04,11.75
RCP06469,Biryani,Indian,dinner,False,268,9,40,13,3,1404,6.12,19.27
RCP06470,Indian Snacks Special 555,Indian,morning_snack,True,716,19,58,10,6,341,3.24,7.71
RCP06471,Indian Snacks Special 556,Indian,morning_snack,False,552,12,56,23,4,435,5.58,3.92
RCP06472,Indian Snacks Special 557,Indian,morning_snack,True,794,9,33,27,4,256,5.04,11.01
RCP06473,Vindaloo,Indian,dinner,False,447,16,71,27,14,322,3.96,22.8
RCP06474,Vindaloo,Indian,dinner,False,243,9,32,14,13,1175,6.3,24.81
RCP06475,Chole Bhature,Indian,breakfast,False,739,14,54,10,12,823,2.88,3.57
RCP06476,Idli,Indian,breakfast,True,183,17,77,13,7,452,1.8,18.6
RCP06477,Indian Snacks Special 562,Indian,morning_snack,True,342,12,42,15,10,488,2.88,22.9
RCP06478,Tandoori Chicken,Indian,morning_snack,False,198,13,45,19,12,958,3.6,22.66
RCP06479,Indian Snacks Special 564,Indian,morning_snack,True,510,17,62,15,14,607,5.4,20.12
RCP06480,Indian Snacks Special 565,Indian,morning_snack,False,426,18,46,18,7,1413,7.02,17.4
RCP06481,Samosa,Indian,morning_snack,True,338,18,49,23,12,553,4.86,15.4
RCP06482,Rogan Josh,Indian,dinner,False,381,18,72,17,14,1200,2.88,15.07
RCP06483,Tandoori Chicken,Indian,morning_snack,False,668,17,38,12,14,274,5.94,14.56
RCP06484,Samosa,Indian,morning_snack,True,697,18,69,13,3,760,5.58,2.47
RCP06485,Naan,Indian,breakfast,True,227,19,31,22,8,945,3.42,12.8
RCP06486,Vindaloo,Indian,dinner,False,703,19,56,12,6,1284,2.52,13.24
RCP06487,Naan,Indian,breakfast,True,519,11,55,18,6,1130,3.6,13.13
RCP06488,Biryani,Indian,dinner,True,161,9,39,16,10,996,3.42,17.84
RCP06489,Indian Snacks Special 574,Indian,morning_snack,True,698,10,78,21,3,1498,2.7,17.11
RCP06490,Dosa,Indian,breakfast,True,525,19,69,14,6,450,5.94,22.5
RCP06491,Tandoori Chicken,Indian,morning_snack,False,753,18,74,13,9,891,3.42,6.17
RCP06492,Butter Chicken,Indian,dinner,False,281,17,73,11,10,1244,2.52,4.3
RCP06493,Naan,Indian,breakfast,True,544,19,60,20,8,1108,6.3,8.16
RCP06494,Indian Snacks Special 579,Indian,morning_snack,True,197,19,66,29,13,308,6.66,22.95
RCP06495,Idli,Indian,breakfast,True,490,13,33,18,7,1425,6.3,20.51
RCP06496,Indian Snacks Special 581,Indian,morning_snack,True,724,17,65,22,12,1485,6.48,10.32
RCP06497,Chole Bhature,Indian,breakfast,True,723,8,74,20,8,1383,2.52,13.5
RCP06498,Indian Snacks Special 583,Indian,morning_snack,False,634,8,38,13,2,1263,3.96,10.95
RCP06499,Bangladeshi Main Course Special 1,Bangladeshi,dinner,False,573,14,47,13,10,945,6.48,10.95
RCP06500,Shorshe Ilish,Bangladeshi,dinner,False,158,40,73,36,14,985,1.98,18.05
RCP06501,Bangladeshi Main Course Special 3,Bangladeshi,dinner,False,588,45,68,28,3,1008,4.86,7.56
RCP06502,Hilsa Fish Curry,Bangladeshi,dinner,False,406,47,62,20,11,1376,2.88,19.42
RCP06503,Bangladeshi Main Course Special 5,Bangladeshi,dinner,True,756,12,47,29,14,499,5.04,10.55
RCP06504,Chomchom,Bangladeshi,morning_snack,False,592,32,46,27,12,1426,5.76,9.75
RCP06505,Rezala,Bangladeshi,dinner,False,734,17,54,21,12,871,2.7,19.07
RCP06506,Hilsa Fish Curry,Bangladeshi,dinner,False,500,27,56,16,12,1486,5.58,22.11
RCP06507,Shorshe Ilish,Bangladeshi,dinner,False,483,38,62,23,7,1346,3.78,10.23
RCP06508,Bangladeshi Main Course Special 10,Bangladeshi,dinner,True,756,9,72,11,13,312,3.78,21.77
RCP06509,Bangladeshi Main Course Special 11,Bangladeshi,dinner,False,650,22,37,33,7,211,5.58,3.96
RCP06510,Rezala,Bangladeshi,dinner,False,351,12,46,23,10,477,6.48,7.08
RCP06511,Chomchom,Bangladeshi,morning_snack,False,658,33,75,39,6,559,3.78,13.76
RCP06512,Pitha,Bangladeshi,breakfast,True,187,6,58,25,12,767,3.06,9.99
RCP06513,Chomchom,Bangladeshi,morning_snack,False,794,21,63,27,3,772,7.02,11.96
RCP06514,Chomchom,Bangladeshi,morning_snack,True,385,14,74,19,3,1287,4.14,2.36
RCP06515,Shorshe Ilish,Bangladeshi,dinner,False,595,35,66,36,7,1437,3.06,16.26
RCP06516,Hilsa Fish Curry,Bangladeshi,dinner,False,590,22,71,32,7,1149,5.58,10.79
RCP06517,Bangladeshi Main Course Special 19,Bangladeshi,dinner,False,415,42,55,21,10,598,5.58,23.75
RCP06518,Hilsa Fish Curry,Bangladeshi,dinner,False,697,32,52,22,3,903,3.6,21.67
RCP06519,Chomchom,Bangladeshi,morning_snack,False,260,30,39,39,5,1057,4.32,18.28
RCP06520,Kacchi Biryani,Bangladeshi,dinner,False,764,41,37,39,9,365,6.48,21.35
RCP06521,Bangladeshi Main Course Special 23,Bangladeshi,dinner,True,775,5,72,14,14,568,3.24,14.59
RCP06522,Shorshe Ilish,Bangladeshi,dinner,False,687,23,67,26,9,744,2.16,23.72
RCP06523,Bangladeshi Main Course Special 25,Bangladeshi,dinner,False,376,26,69,29,7,1129,2.16,24.65
RCP06524,Pitha,Bangladeshi,breakfast,False,228,32,58,25,9,658,6.66,11.19
RCP06525,Chomchom,Bangladeshi,morning_snack,False,229,34,61,27,13,742,3.78,24.91
RCP06526,Bangladeshi Main Course Special 28,Bangladeshi,dinner,False,538,40,68,37,3,916,4.5,17.99
RCP06527,Pitha,Bangladeshi,breakfast,False,739,32,31,31,7,1145,6.3,6.05
RCP06528,Hilsa Fish Curry,Bangladeshi,dinner,False,363,21,59,37,3,1423,6.66,24.57
RCP06529,Shorshe Ilish,Bangladeshi,dinner,False,170,37,40,28,4,528,6.66,23.19
RCP06530,Mishti Doi,Bangladeshi,morning_snack,False,272,13,74,23,8,694,2.16,5.53
RCP06531,Bangladeshi Main Course Special 33,Bangladeshi,dinner,False,222,32,35,34,2,614,1.8,9.01
RCP06532,Hilsa Fish Curry,Bangladeshi,dinner,False,582,39,44,23,10,489,2.88,6.28
RCP06533,Bangladeshi Main Course Special 35,Bangladeshi,dinner,False,163,27,71,16,9,491,5.76,21.04
RCP06534,Hilsa Fish Curry,Bangladeshi,dinner,False,249,13,32,21,9,1420,6.3,20.08
RCP06535,Bangladeshi Main Course Special 37,Bangladeshi,dinner,False,380,48,40,25,4,1358,6.48,15.89
RCP06536,Shorshe Ilish,Bangladeshi,dinner,False,551,44,42,28,5,845,3.6,18.09
RCP06537,Bangladeshi Main Course Special 39,Bangladeshi,dinner,True,585,16,58,22,9,562,4.14,15.51
RCP06538,Bangladeshi Main Course Special 40,Bangladeshi,dinner,False,244,8,69,24,2,1072,3.06,2.32
RCP06539,Rezala,Bangladeshi,dinner,False,769,28,48,22,9,495,5.58,18.46
RCP06540,Kacchi Biryani,Bangladeshi,dinner,False,202,34,69,31,14,1244,5.58,16.01
RCP06541,Hilsa Fish Curry,Bangladeshi,dinner,False,521,24,47,22,13,879,4.5,23.61
RCP06542,Pitha,Bangladeshi,breakfast,False,192,32,43,19,10,302,1.8,20.7
RCP06543,Kacchi Biryani,Bangladeshi,dinner,False,406,5,71,25,8,1478,5.22,9.38
RCP06544,Rezala,Bangladeshi,dinner,False,548,46,53,15,6,935,7.02,4.58
RCP06545,Chomchom,Bangladeshi,morning_snack,False,157,10,73,10,2,495,2.34,4.22
RCP06546,Hilsa Fish Curry,Bangladeshi,dinner,False,232,35,33,38,12,1371,4.86,15.1
RCP06547,Bangladeshi Main Course Special 49,Bangladeshi,dinner,False,323,8,40,15,10,346,1.98,16.6
RCP06548,Kacchi Biryani,Bangladeshi,dinner,False,488,26,47,37,12,1290,1.98,19.14
RCP06549,Bhuna Khichuri,Bangladeshi,dinner,True,517,10,72,18,5,1203,5.94,15.16
RCP06550,Rezala,Bangladeshi,dinner,False,261,47,64,16,13,466,6.3,20.4
RCP06551,Hilsa Fish Curry,Bangladeshi,dinner,False,288,35,77,21,11,1307,4.86,15.35
RCP06552,Bangladeshi Main Course Special 54,Bangladeshi,dinner,False,575,20,68,20,3,1021,6.66,2.75
RCP06553,Bangladeshi Main Course Special 55,Bangladeshi,dinner,True,609,14,56,17,4,285,6.3,23.75
RCP06554,Bhuna Khichuri,Bangladeshi,dinner,False,779,45,64,25,7,638,4.68,12.35
RCP06555,Hilsa Fish Curry,Bangladeshi,dinner,False,156,11,57,11,12,897,6.3,6.38
RCP06556,Mishti Doi,Bangladeshi,morning_snack,True,691,7,46,29,4,783,3.06,24.39
RCP06557,Chomchom,Bangladeshi,morning_snack,True,711,7,47,13,4,567,1.98,22.55
RCP06558,Chomchom,Bangladeshi,morning_snack,False,363,27,38,29,2,511,2.52,16.39
RCP06559,Bangladeshi Main Course Special 61,Bangladeshi,dinner,False,314,33,77,19,14,374,4.32,17.6
RCP06560,Bangladeshi Main Course Special 62,Bangladeshi,dinner,False,187,24,67,34,9,1081,4.14,12.93
RCP06561,Bangladeshi Main Course Special 63,Bangladeshi,dinner,True,307,14,52,24,6,571,2.7,10.38
RCP06562,Bangladeshi Main Course Special 64,Bangladeshi,dinner,True,300,9,62,10,11,410,2.52,17.08
RCP06563,Bangladeshi Main Course Special 65,Bangladeshi,dinner,False,307,47,46,30,2,940,6.84,8.16
RCP06564,Chomchom,Bangladeshi,morning_snack,False,659,12,52,10,14,764,6.48,12.41
RCP06565,Kacchi Biryani,Bangladeshi,dinner,False,191,6,33,24,6,1413,6.66,7.5
RCP06566,Bangladeshi Main Course Special 68,Bangladeshi,dinner,False,193,36,72,33,6,1060,3.6,18.62
RCP06567,Hilsa Fish Curry,Bangladeshi,dinner,False,399,33,60,24,12,1017,1.8,17.59
RCP06568,Bangladeshi Main Course Special 70,Bangladeshi,dinner,False,275,46,42,36,12,1446,2.88,22.24
RCP06569,Bangladeshi Main Course Special 71,Bangladeshi,dinner,False,653,44,69,23,14,430,4.14,6.55
RCP06570,Hilsa Fish Curry,Bangladeshi,dinner,False,588,29,46,28,10,1283,5.58,18.29
RCP06571,Bangladeshi Main Course Special 73,Bangladeshi,dinner,False,151,23,74,22,12,890,4.68,18.56
RCP06572,Kacchi Biryani,Bangladeshi,dinner,False,228,31,34,29,11,1018,6.84,22.27
RCP06573,Bangladeshi Main Course Special 75,Bangladeshi,dinner,True,633,19,79,21,7,296,6.66,16.99
RCP06574,Pitha,Bangladeshi,breakfast,False,189,22,78,37,4,654,5.04,6.25
RCP06575,Mishti Doi,Bangladeshi,morning_snack,False,605,29,35,27,7,536,5.76,23.6
RCP06576,Bangladeshi Main Course Special 78,Bangladeshi,dinner,False,399,48,72,30,5,316,5.22,18.09
RCP06577,Pitha,Bangladeshi,breakfast,True,443,8,51,23,2,946,3.42,19.96
RCP06578,Bangladeshi Main Course Special 80,Bangladeshi,dinner,False,530,33,65,32,12,947,6.48,20.15
RCP06579,Hilsa Fish Curry,Bangladeshi,dinner,False,420,23,46,15,7,557,2.52,4.14
RCP06580,Bangladeshi Main Course Special 82,Bangladeshi,dinner,False,626,47,76,15,12,978,4.68,18.61
RCP06581,Bangladeshi Main Course Special 83,Bangladeshi,dinner,False,174,37,38,30,11,760,5.04,8.21
RCP06582,Rezala,Bangladeshi,dinner,False,406,15,73,14,6,1108,3.06,19.92
RCP06583,Mishti Doi,Bangladeshi,morning_snack,False,622,31,74,34,14,641,2.7,14.87
RCP06584,Bangladeshi Main Course Special 86,Bangladeshi,dinner,True,552,16,43,16,13,402,2.34,19.23
RCP06585,Kacchi Biryani,Bangladeshi,dinner,False,721,7,69,29,9,294,6.48,18.97
RCP06586,Bangladeshi Main Course Special 88,Bangladeshi,dinner,False,508,49,50,24,7,787,6.48,12.74
RCP06587,Mishti Doi,Bangladeshi,morning_snack,True,656,17,68,29,6,1333,3.6,7.62
RCP06588,Bhuna Khichuri,Bangladeshi,dinner,False,536,36,70,21,10,579,4.14,19.37
RCP06589,Mishti Doi,Bangladeshi,morning_snack,True,715,11,77,10,7,766,2.7,8.85
RCP06590,Mishti Doi,Bangladeshi,morning_snack,True,329,14,38,13,5,317,2.7,15.99
RCP06591,Bangladeshi Main Course Special 93,Bangladeshi,dinner,False,290,33,52,35,14,1491,2.34,16.15
RCP06592,Mishti Doi,Bangladeshi,morning_snack,False,373,43,59,21,3,295,7.02,23.45
RCP06593,Bhuna Khichuri,Bangladeshi,dinner,False,533,27,71,32,12,257,5.04,3.73
RCP06594,Bangladeshi Main Course Special 96,Bangladeshi,dinner,False,266,49,69,20,11,696,5.58,22.35
RCP06595,Rezala,Bangladeshi,dinner,False,515,17,51,17,6,452,7.02,12.86
RCP06596,Bangladeshi Main Course Special 98,Bangladeshi,dinner,False,510,40,66,17,12,1417,5.76,6.01
RCP06597,Hilsa Fish Curry,Bangladeshi,dinner,False,464,27,36,18,5,561,5.22,8.46
RCP06598,Chomchom,Bangladeshi,morning_snack,False,283,26,75,34,4,322,6.84,2.56
RCP06599,Bangladeshi Main Course Special 101,Bangladeshi,dinner,True,653,5,55,16,7,1373,6.12,11.92
RCP06600,Mishti Doi,Bangladeshi,morning_snack,False,547,40,45,28,2,1448,6.3,16.09
RCP06601,Shorshe Ilish,Bangladeshi,dinner,False,427,22,40,27,5,1384,5.22,7.56
RCP06602,Bhuna Khichuri,Bangladeshi,dinner,False,536,5,56,20,2,1311,6.66,8.69
RCP06603,Mishti Doi,Bangladeshi,morning_snack,False,401,36,32,24,8,1160,3.6,12.03
RCP06604,Bhuna Khichuri,Bangladeshi,dinner,False,300,41,70,24,13,688,3.42,10.74
RCP06605,Pitha,Bangladeshi,breakfast,False,702,42,56,36,6,1386,6.48,5.29
RCP06606,Bhuna Khichuri,Bangladeshi,dinner,False,481,27,60,36,7,684,6.12,3.95
RCP06607,Bangladeshi Main Course Special 109,Bangladeshi,dinner,True,438,12,52,11,9,572,6.48,11.24
RCP06608,Hilsa Fish Curry,Bangladeshi,dinner,False,226,28,39,29,2,1216,6.48,24.41
RCP06609,Pitha,Bangladeshi,breakfast,False,197,24,66,33,4,1391,4.5,14.42
RCP06610,Hilsa Fish Curry,Bangladeshi,dinner,False,782,38,43,37,10,1023,4.86,2.77
RCP06611,Bangladeshi Main Course Special 113,Bangladeshi,dinner,True,311,7,47,24,11,1266,2.88,5.8
RCP06612,Bangladeshi Main Course Special 114,Bangladeshi,dinner,False,296,39,57,24,3,1307,1.8,19.76
RCP06613,Mishti Doi,Bangladeshi,morning_snack,False,677,32,56,32,2,1304,3.6,11.16
RCP06614,Bangladeshi Main Course Special 116,Bangladeshi,dinner,True,540,6,72,18,7,509,5.4,17.9
RCP06615,Mishti Doi,Bangladeshi,morning_snack,True,154,14,42,22,9,906,4.14,5.42
RCP06616,Chomchom,Bangladeshi,morning_snack,True,445,12,36,28,13,317,6.3,4.8
RCP06617,Mishti Doi,Bangladeshi,morning_snack,False,446,34,56,15,11,826,3.06,23.26
RCP06618,Bangladeshi Main Course Special 120,Bangladeshi,dinner,False,259,21,66,23,2,1125,4.68,15.97
RCP06619,Chomchom,Bangladeshi,morning_snack,True,361,10,52,22,14,1294,4.32,21.05
RCP06620,Bangladeshi Main Course Special 122,Bangladeshi,dinner,False,233,37,64,29,14,365,5.04,16.02
RCP06621,Bangladeshi Main Course Special 123,Bangladeshi,dinner,True,203,9,43,22,4,420,3.06,22.49
RCP06622,Bangladeshi Main Course Special 124,Bangladeshi,dinner,False,448,17,34,14,14,317,4.32,17.1
RCP06623,Hilsa Fish Curry,Bangladeshi,dinner,False,767,49,38,38,6,252,1.8,23.21
RCP06624,Pitha,Bangladeshi,breakfast,False,295,7,50,29,5,946,3.42,11.9
RCP06625,Bangladeshi Main Course Special 127,Bangladeshi,dinner,False,687,32,48,19,5,913,5.22,11.2
RCP06626,Bangladeshi Main Course Special 128,Bangladeshi,dinner,False,374,32,45,32,6,1199,1.98,11.88
RCP06627,Bangladeshi Main Course Special 129,Bangladeshi,dinner,True,432,10,61,19,12,1191,1.8,18.33
RCP06628,Bangladeshi Main Course Special 130,Bangladeshi,dinner,False,631,42,35,15,6,496,3.6,10.2
RCP06629,Chomchom,Bangladeshi,morning_snack,False,160,41,48,16,6,397,4.68,21.05
RCP06630,Bangladeshi Main Course Special 132,Bangladeshi,dinner,False,428,37,56,36,11,1347,2.16,23.69
RCP06631,Bangladeshi Main Course Special 133,Bangladeshi,dinner,False,289,33,45,30,13,1065,4.5,2.66
RCP06632,Chomchom,Bangladeshi,morning_snack,True,628,8,43,26,2,829,5.22,8.08
RCP06633,Bangladeshi Main Course Special 135,Bangladeshi,dinner,False,337,9,57,26,2,299,5.76,7.67
RCP06634,Bangladeshi Main Course Special 136,Bangladeshi,dinner,False,520,27,69,39,14,352,5.04,8.23
RCP06635,Bangladeshi Main Course Special 137,Bangladeshi,dinner,True,566,7,78,17,5,1104,5.76,5.91
RCP06636,Pitha,Bangladeshi,breakfast,False,436,29,35,15,13,940,3.24,18.74
RCP06637,Shorshe Ilish,Bangladeshi,dinner,False,336,27,49,22,14,980,2.7,8.39
RCP06638,Bangladeshi Main Course Special 140,Bangladeshi,dinner,False,183,20,63,25,2,479,3.96,17.16
RCP06639,Bhuna Khichuri,Bangladeshi,dinner,False,426,41,32,34,5,1232,4.14,6.68
RCP06640,Bangladeshi Main Course Special 142,Bangladeshi,dinner,True,225,13,42,11,3,791,2.16,21.09
RCP06641,Hilsa Fish Curry,Bangladeshi,dinner,False,282,43,70,24,2,1321,6.12,10.43
RCP06642,Rezala,Bangladeshi,dinner,False,640,45,54,25,7,247,2.7,4.5
RCP06643,Kacchi Biryani,Bangladeshi,dinner,False,356,42,38,31,6,252,2.16,9.12
RCP06644,Kacchi Biryani,Bangladeshi,dinner,False,265,21,69,39,3,1053,4.5,8.62
RCP06645,Kacchi Biryani,Bangladeshi,dinner,True,196,13,79,16,6,790,3.6,8.07
RCP06646,Bangladeshi Main Course Special 148,Bangladeshi,dinner,True,719,15,59,19,13,1320,3.78,16.5
RCP06647,Bangladeshi Main Course Special 149,Bangladeshi,dinner,False,281,28,54,17,12,512,2.7,21.0
RCP06648,Rezala,Bangladeshi,dinner,False,342,7,71,24,4,695,5.76,7.46
RCP06649,Bhuna Khichuri,Bangladeshi,dinner,False,301,49,42,16,4,1349,2.88,8.2
RCP06650,Bangladeshi Main Course Special 152,Bangladeshi,dinner,False,616,34,49,19,9,250,6.84,10.91
RCP06651,Kacchi Biryani,Bangladeshi,dinner,False,486,36,72,17,12,418,5.76,13.72
RCP06652,Chomchom,Bangladeshi,morning_snack,False,496,46,42,28,11,395,2.88,21.49
RCP06653,Shorshe Ilish,Bangladeshi,dinner,False,178,38,68,35,12,246,2.34,5.41
RCP06654,Bangladeshi Main Course Special 156,Bangladeshi,dinner,False,614,27,75,27,12,202,2.7,13.55
RCP06655,Kacchi Biryani,Bangladeshi,dinner,False,730,30,59,24,12,1026,7.02,21.96
RCP06656,Chomchom,Bangladeshi,morning_snack,False,797,46,45,26,8,1293,4.32,5.43
RCP06657,Rezala,Bangladeshi,dinner,False,268,11,64,22,10,411,5.58,3.41
RCP06658,Shorshe Ilish,Bangladeshi,dinner,False,348,35,52,17,13,1221,5.4,15.68
RCP06659,Bhuna Khichuri,Bangladeshi,dinner,False,535,28,37,32,12,829,7.02,18.73
RCP06660,Kacchi Biryani,Bangladeshi,dinner,False,209,6,76,29,4,586,3.96,6.79
RCP06661,Bangladeshi Main Course Special 163,Bangladeshi,dinner,False,460,41,74,27,8,1362,4.14,2.95
RCP06662,Bangladeshi Main Course Special 164,Bangladeshi,dinner,False,786,23,62,25,12,518,6.3,12.9
RCP06663,Pitha,Bangladeshi,breakfast,False,165,36,48,25,2,669,5.22,7.91
RCP06664,Rezala,Bangladeshi,dinner,False,586,38,39,15,12,1252,5.04,3.59
RCP06665,Bangladeshi Main Course Special 167,Bangladeshi,dinner,False,181,46,36,21,10,1201,3.06,4.73
RCP06666,Hilsa Fish Curry,Bangladeshi,dinner,False,600,32,50,31,4,1047,2.52,19.88
RCP06667,Kacchi Biryani,Bangladeshi,dinner,False,669,17,73,26,10,331,6.84,24.61
RCP06668,Pitha,Bangladeshi,breakfast,False,358,29,36,30,10,859,6.3,22.39
RCP06669,Bangladeshi Main Course Special 171,Bangladeshi,dinner,False,499,45,50,31,2,540,7.02,11.51
RCP06670,Kacchi Biryani,Bangladeshi,dinner,True,276,19,31,10,11,744,2.16,3.28
RCP06671,Hilsa Fish Curry,Bangladeshi,dinner,False,259,47,65,23,12,812,3.42,19.14
RCP06672,Kacchi Biryani,Bangladeshi,dinner,False,756,14,72,24,10,322,3.96,7.89
RCP06673,Bangladeshi Main Course Special 175,Bangladeshi,dinner,False,787,22,31,32,5,1156,2.16,10.34
RCP06674,Bangladeshi Main Course Special 176,Bangladeshi,dinner,False,298,49,42,31,5,1086,3.78,17.54
RCP06675,Hilsa Fish Curry,Bangladeshi,dinner,False,749,27,77,28,11,1446,6.12,22.98
RCP06676,Pitha,Bangladeshi,breakfast,False,299,24,62,30,13,1254,7.02,2.63
RCP06677,Hilsa Fish Curry,Bangladeshi,dinner,False,209,40,50,20,5,1134,2.16,8.94
RCP06678,Bangladeshi Main Course Special 180,Bangladeshi,dinner,True,168,13,69,15,10,851,5.94,12.09
RCP06679,Rezala,Bangladeshi,dinner,False,537,20,75,30,12,922,3.06,8.14
RCP06680,Bangladeshi Main Course Special 182,Bangladeshi,dinner,False,410,39,55,17,3,559,3.06,21.43
RCP06681,Chomchom,Bangladeshi,morning_snack,False,575,46,45,25,4,474,4.14,2.24
RCP06682,Hilsa Fish Curry,Bangladeshi,dinner,False,373,20,76,32,6,1169,6.48,7.64
RCP06683,Shorshe Ilish,Bangladeshi,dinner,False,736,6,62,22,11,1325,6.3,19.92
RCP06684,Kacchi Biryani,Bangladeshi,dinner,False,686,40,33,39,7,304,6.66,15.39
RCP06685,Chomchom,Bangladeshi,morning_snack,True,249,7,69,21,10,1386,3.6,3.06
RCP06686,Pitha,Bangladeshi,breakfast,True,697,18,72,28,8,392,3.78,17.15
RCP06687,Shorshe Ilish,Bangladeshi,dinner,False,166,42,78,19,13,1124,3.96,11.71
RCP06688,Bangladeshi Main Course Special 190,Bangladeshi,dinner,False,468,47,47,35,12,1346,1.98,18.12
RCP06689,Bangladeshi Main Course Special 191,Bangladeshi,dinner,False,514,41,42,19,4,628,4.14,21.19
RCP06690,Hilsa Fish Curry,Bangladeshi,dinner,False,701,39,51,22,10,1087,2.7,5.47
RCP06691,Mishti Doi,Bangladeshi,morning_snack,False,158,39,32,22,6,527,7.02,21.68
RCP06692,Mishti Doi,Bangladeshi,morning_snack,False,742,9,37,16,4,798,4.32,9.69
RCP06693,Bangladeshi Main Course Special 195,Bangladeshi,dinner,False,212,48,79,22,10,282,3.6,9.49
RCP06694,Shorshe Ilish,Bangladeshi,dinner,False,714,22,68,37,2,1300,4.32,5.15
RCP06695,Shorshe Ilish,Bangladeshi,dinner,False,450,14,58,11,2,1338,5.76,3.01
RCP06696,Rezala,Bangladeshi,dinner,False,537,37,60,27,10,541,5.94,6.71
RCP06697,Rezala,Bangladeshi,dinner,False,555,49,46,31,10,229,3.6,8.53
RCP06698,Shorshe Ilish,Bangladeshi,dinner,False,546,47,73,19,5,581,5.4,14.55
RCP06699,Shorshe Ilish,Bangladeshi,dinner,False,269,35,54,32,3,268,2.16,3.55
RCP06700,Shorshe Ilish,Bangladeshi,dinner,False,369,27,73,29,12,1089,2.7,2.58
RCP06701,Rezala,Bangladeshi,dinner,False,574,9,66,28,9,1065,3.24,16.54
RCP06702,Hilsa Fish Curry,Bangladeshi,dinner,False,554,26,33,20,2,383,3.06,10.83
RCP06703,Chomchom,Bangladeshi,morning_snack,False,237,31,66,30,11,886,5.22,11.99
RCP06704,Shorshe Ilish,Bangladeshi,dinner,False,727,33,73,27,13,906,2.34,15.3
RCP06705,Shorshe Ilish,Bangladeshi,dinner,False,379,35,45,22,4,955,3.06,11.69
RCP06706,Hilsa Fish Curry,Bangladeshi,dinner,False,278,23,36,16,8,972,2.7,18.46
RCP06707,Mishti Doi,Bangladeshi,morning_snack,False,631,42,48,17,13,1358,4.32,3.63
RCP06708,Pitha,Bangladeshi,breakfast,False,369,25,33,19,13,1452,5.58,11.55
RCP06709,Bangladeshi Main Course Special 211,Bangladeshi,dinner,False,314,46,62,16,13,728,2.88,3.27
RCP06710,Rezala,Bangladeshi,dinner,False,533,29,32,31,13,1459,4.68,6.0
RCP06711,Bangladeshi Main Course Special 213,Bangladeshi,dinner,False,303,26,49,21,6,1103,3.24,24.03
RCP06712,Bangladeshi Main Course Special 214,Bangladeshi,dinner,False,640,24,32,18,4,1399,1.98,3.02
RCP06713,Chomchom,Bangladeshi,morning_snack,False,334,6,50,28,10,1353,3.06,2.5
RCP06714,Bangladeshi Main Course Special 216,Bangladeshi,dinner,True,449,6,35,16,11,1077,5.04,10.06
RCP06715,Shorshe Ilish,Bangladeshi,dinner,False,597,37,39,32,3,308,5.76,11.11
RCP06716,Mishti Doi,Bangladeshi,morning_snack,False,467,45,34,37,12,1049,2.16,16.31
RCP06717,Rezala,Bangladeshi,dinner,False,600,27,35,18,11,323,4.68,6.74
RCP06718,Bangladeshi Main Course Special 220,Bangladeshi,dinner,True,290,14,56,17,10,853,3.6,19.52
RCP06719,Chomchom,Bangladeshi,morning_snack,False,513,37,53,25,11,464,3.78,9.5
RCP06720,Shorshe Ilish,Bangladeshi,dinner,False,251,21,74,27,6,1312,5.94,10.92
RCP06721,Pitha,Bangladeshi,breakfast,True,630,9,70,26,5,305,5.58,18.64
RCP06722,Bangladeshi Main Course Special 224,Bangladeshi,dinner,False,548,39,78,21,10,711,5.76,20.73
RCP06723,Chomchom,Bangladeshi,morning_snack,False,608,30,42,39,6,428,3.42,3.17
RCP06724,Mishti Doi,Bangladeshi,morning_snack,True,665,5,66,12,12,570,2.16,20.97
RCP06725,Bhuna Khichuri,Bangladeshi,dinner,False,674,23,61,25,3,1499,1.98,9.6
RCP06726,Shorshe Ilish,Bangladeshi,dinner,False,161,12,50,21,12,288,2.7,3.2
RCP06727,Bangladeshi Main Course Special 229,Bangladeshi,dinner,True,182,19,37,26,11,552,2.52,24.19
RCP06728,Shorshe Ilish,Bangladeshi,dinner,False,475,14,76,11,6,1406,1.8,19.4
RCP06729,Shorshe Ilish,Bangladeshi,dinner,False,559,29,57,17,14,232,2.16,24.6
RCP06730,Bhuna Khichuri,Bangladeshi,dinner,False,303,41,66,25,11,1243,5.76,8.51
RCP06731,Hilsa Fish Curry,Bangladeshi,dinner,False,439,30,67,21,4,246,5.22,16.36
RCP06732,Bangladeshi Main Course Special 234,Bangladeshi,dinner,False,498,45,45,28,2,1482,7.02,19.02
RCP06733,Bangladeshi Main Course Special 235,Bangladeshi,dinner,False,401,43,54,19,6,487,6.66,22.1
RCP06734,Shorshe Ilish,Bangladeshi,dinner,False,338,31,76,16,14,313,2.34,13.17
RCP06735,Pitha,Bangladeshi,breakfast,False,636,24,63,31,10,1164,5.58,11.85
RCP06736,Pitha,Bangladeshi,breakfast,False,400,27,55,25,10,988,6.84,17.59
RCP06737,Bhuna Khichuri,Bangladeshi,dinner,False,416,34,39,16,6,1201,3.06,6.83
RCP06738,Shorshe Ilish,Bangladeshi,dinner,False,252,14,62,23,6,782,6.84,18.61
RCP06739,Chomchom,Bangladeshi,morning_snack,True,393,16,32,22,6,365,6.84,17.78
RCP06740,Mishti Doi,Bangladeshi,morning_snack,False,326,28,49,24,3,726,6.3,19.09
RCP06741,Kacchi Biryani,Bangladeshi,dinner,True,405,7,47,22,6,321,3.42,21.24
RCP06742,Shorshe Ilish,Bangladeshi,dinner,False,433,30,39,31,6,266,5.04,7.88
RCP06743,Bangladeshi Main Course Special 245,Bangladeshi,dinner,False,380,36,50,38,11,1044,6.66,4.81
RCP06744,Pitha,Bangladeshi,breakfast,True,187,15,51,14,10,1207,3.24,7.67
RCP06745,Hilsa Fish Curry,Bangladeshi,dinner,False,308,21,75,31,2,337,4.68,20.76
RCP06746,Pitha,Bangladeshi,breakfast,False,537,25,47,16,8,1237,2.34,5.54
RCP06747,Bhuna Khichuri,Bangladeshi,dinner,False,712,45,52,36,11,369,2.7,22.58
RCP06748,Pitha,Bangladeshi,breakfast,False,747,39,39,35,14,737,3.42,24.34
RCP06749,Bangladeshi Main Course Special 251,Bangladeshi,dinner,False,385,32,34,39,10,408,3.06,8.58
RCP06750,Bangladeshi Main Course Special 252,Bangladeshi,dinner,False,797,38,73,29,10,1358,6.66,13.52
RCP06751,Bangladeshi Main Course Special 253,Bangladeshi,dinner,True,534,9,60,25,8,1020,6.48,4.83
RCP06752,Pitha,Bangladeshi,breakfast,False,477,14,40,26,8,954,7.02,13.41
RCP06753,Chomchom,Bangladeshi,morning_snack,True,778,6,40,15,9,990,4.68,2.44
RCP06754,Bhuna Khichuri,Bangladeshi,dinner,False,571,35,48,27,4,976,2.7,18.52
RCP06755,Hilsa Fish Curry,Bangladeshi,dinner,False,428,38,51,33,4,242,1.8,17.68
RCP06756,Bangladeshi Main Course Special 258,Bangladeshi,dinner,False,428,29,66,27,14,684,5.76,16.41
RCP06757,Shorshe Ilish,Bangladeshi,dinner,False,366,12,50,18,13,766,2.52,19.88
RCP06758,Mishti Doi,Bangladeshi,morning_snack,False,185,34,31,23,8,619,3.78,14.91
RCP06759,Bangladeshi Main Course Special 261,Bangladeshi,dinner,False,738,8,64,17,4,1363,4.68,12.79
RCP06760,Pitha,Bangladeshi,breakfast,False,219,21,41,20,7,731,3.96,2.18
RCP06761,Chomchom,Bangladeshi,morning_snack,False,400,39,46,35,8,1250,4.32,10.46
RCP06762,Chomchom,Bangladeshi,morning_snack,False,640,39,67,19,9,776,2.88,24.17
RCP06763,Bangladeshi Main Course Special 265,Bangladeshi,dinner,False,328,41,64,39,3,238,2.7,15.77
RCP06764,Bangladeshi Main Course Special 266,Bangladeshi,dinner,False,392,40,35,21,14,391,6.3,18.97
RCP06765,Bangladeshi Main Course Special 267,Bangladeshi,dinner,False,760,30,43,19,13,1004,5.58,7.19
RCP06766,Bangladeshi Main Course Special 268,Bangladeshi,dinner,False,508,40,64,34,3,921,3.42,5.29
RCP06767,Pitha,Bangladeshi,breakfast,False,262,37,74,29,13,1219,3.6,12.71
RCP06768,Kacchi Biryani,Bangladeshi,dinner,False,713,24,43,19,11,790,3.24,20.53
RCP06769,Bhuna Khichuri,Bangladeshi,dinner,False,583,41,33,38,13,426,2.16,2.14
RCP06770,Shorshe Ilish,Bangladeshi,dinner,False,163,27,52,16,2,812,3.06,20.41
RCP06771,Chomchom,Bangladeshi,morning_snack,False,320,31,37,24,10,1405,2.16,18.68
RCP06772,Bangladeshi Main Course Special 274,Bangladeshi,dinner,True,220,9,77,23,5,512,6.48,9.11
RCP06773,Bhuna Khichuri,Bangladeshi,dinner,False,294,39,76,31,12,1174,1.98,24.94
RCP06774,Kacchi Biryani,Bangladeshi,dinner,False,638,46,35,18,4,578,2.16,7.93
RCP06775,Bangladeshi Main Course Special 277,Bangladeshi,dinner,True,788,12,74,18,14,601,3.06,4.68
RCP06776,Chomchom,Bangladeshi,morning_snack,False,391,44,61,38,14,1080,3.78,9.94
RCP06777,Kacchi Biryani,Bangladeshi,dinner,True,671,6,61,29,13,948,6.3,15.25
RCP06778,Kacchi Biryani,Bangladeshi,dinner,False,351,43,42,27,12,1265,4.5,10.11
RCP06779,Bangladeshi Main Course Special 281,Bangladeshi,dinner,False,552,23,71,17,14,436,4.68,16.46
RCP06780,Chomchom,Bangladeshi,morning_snack,False,260,20,79,25,7,722,2.52,19.1
RCP06781,Shorshe Ilish,Bangladeshi,dinner,False,500,27,74,33,5,774,5.58,21.24
RCP06782,Hilsa Fish Curry,Bangladeshi,dinner,False,200,23,32,21,4,723,4.5,17.45
RCP06783,Kacchi Biryani,Bangladeshi,dinner,False,388,42,65,33,10,957,3.06,8.42
RCP06784,Pitha,Bangladeshi,breakfast,False,526,26,43,24,6,1236,2.16,7.91
RCP06785,Bangladeshi Main Course Special 287,Bangladeshi,dinner,False,556,35,54,37,7,323,6.48,22.52
RCP06786,Hilsa Fish Curry,Bangladeshi,dinner,False,399,24,73,36,3,814,3.42,9.06
RCP06787,Hilsa Fish Curry,Bangladeshi,dinner,False,693,36,69,19,9,607,3.06,15.29
RCP06788,Pitha,Bangladeshi,breakfast,False,462,41,54,38,9,270,3.6,4.47
RCP06789,Pitha,Bangladeshi,breakfast,False,528,37,60,28,12,1104,4.14,5.31
RCP06790,Shorshe Ilish,Bangladeshi,dinner,False,508,28,38,38,6,254,2.88,17.23
RCP06791,Hilsa Fish Curry,Bangladeshi,dinner,False,186,29,65,36,4,1291,4.32,7.17
RCP06792,Kacchi Biryani,Bangladeshi,dinner,False,481,33,71,23,9,672,3.6,16.09
RCP06793,Bangladeshi Main Course Special 295,Bangladeshi,dinner,False,385,23,72,25,10,436,3.96,12.77
RCP06794,Bangladeshi Main Course Special 296,Bangladeshi,dinner,False,282,21,51,28,5,1184,6.84,16.27
RCP06795,Bangladeshi Main Course Special 297,Bangladeshi,dinner,True,764,16,74,17,8,787,5.76,16.21
RCP06796,Pitha,Bangladeshi,breakfast,False,679,43,46,28,2,1020,5.76,17.7
RCP06797,Chomchom,Bangladeshi,morning_snack,True,410,7,49,24,14,234,4.32,15.39
RCP06798,Kacchi Biryani,Bangladeshi,dinner,True,634,9,71,14,2,911,4.5,24.37
RCP06799,Kacchi Biryani,Bangladeshi,dinner,True,486,14,75,25,2,1485,3.6,7.71
RCP06800,Mishti Doi,Bangladeshi,morning_snack,False,180,16,34,26,3,1161,4.68,13.31
RCP06801,Chomchom,Bangladeshi,morning_snack,False,297,49,76,38,4,451,2.88,14.01
RCP06802,Kacchi Biryani,Bangladeshi,dinner,True,477,14,57,10,7,1214,3.42,17.01
RCP06803,Bhuna Khichuri,Bangladeshi,dinner,False,332,26,74,32,11,1148,1.8,3.84
RCP06804,Shorshe Ilish,Bangladeshi,dinner,False,184,35,72,28,9,893,1.8,18.14
RCP06805,Pitha,Bangladeshi,breakfast,False,412,39,37,22,5,728,6.3,12.29
RCP06806,Bangladeshi Fish Dishes Special 8,Bangladeshi,dinner,False,574,10,73,10,3,479,4.86,6.51
RCP06807,Bangladeshi Fish Dishes Special 9,Bangladeshi,dinner,False,521,41,48,20,7,1183,3.78,7.73
RCP06808,Pitha,Bangladeshi,breakfast,False,499,41,60,19,14,464,2.52,22.97
RCP06809,Rezala,Bangladeshi,dinner,False,387,25,70,19,9,201,5.58,12.38
RCP06810,Bangladeshi Fish Dishes Special 12,Bangladeshi,dinner,False,673,45,49,20,2,473,5.58,15.28
RCP06811,Mishti Doi,Bangladeshi,morning_snack,False,523,48,38,23,11,548,4.5,13.51
RCP06812,Bangladeshi Fish Dishes Special 14,Bangladeshi,dinner,False,386,40,45,35,4,1305,5.76,8.54
RCP06813,Pitha,Bangladeshi,breakfast,False,558,21,31,37,2,1210,3.42,21.31
RCP06814,Bangladeshi Fish Dishes Special 16,Bangladeshi,dinner,False,174,8,77,17,2,879,4.68,24.96
RCP06815,Bangladeshi Fish Dishes Special 17,Bangladeshi,dinner,False,764,11,56,21,7,359,4.32,14.7
RCP06816,Mishti Doi,Bangladeshi,morning_snack,True,255,18,42,11,2,683,5.58,24.31
RCP06817,Pitha,Bangladeshi,breakfast,True,728,19,34,11,14,275,5.76,4.42
RCP06818,Bangladeshi Fish Dishes Special 20,Bangladeshi,dinner,False,282,5,45,25,4,927,4.5,6.83
RCP06819,Shorshe Ilish,Bangladeshi,dinner,False,607,47,72,26,7,433,1.98,4.94
RCP06820,Chomchom,Bangladeshi,morning_snack,False,606,44,49,33,11,1451,3.06,8.58
RCP06821,Bhuna Khichuri,Bangladeshi,dinner,False,236,40,40,19,9,1178,5.76,8.03
RCP06822,Bhuna Khichuri,Bangladeshi,dinner,False,544,45,66,28,4,946,3.78,19.74
RCP06823,Bangladeshi Fish Dishes Special 25,Bangladeshi,dinner,False,208,38,44,30,2,928,6.84,18.92
RCP06824,Hilsa Fish Curry,Bangladeshi,dinner,False,399,48,72,31,5,692,2.7,9.85
RCP06825,Hilsa Fish Curry,Bangladeshi,dinner,False,161,33,35,22,9,1416,5.58,13.79
RCP06826,Pitha,Bangladeshi,breakfast,False,225,23,72,16,8,479,4.14,19.19
RCP06827,Kacchi Biryani,Bangladeshi,dinner,False,383,10,53,17,5,1442,3.78,8.74
RCP06828,Bangladeshi Fish Dishes Special 30,Bangladeshi,dinner,False,413,30,78,18,11,641,3.06,9.07
RCP06829,Rezala,Bangladeshi,dinner,False,429,40,64,37,14,638,5.94,16.27
RCP06830,Chomchom,Bangladeshi,morning_snack,False,371,8,75,20,6,661,6.12,12.39
RCP06831,Kacchi Biryani,Bangladeshi,dinner,True,436,17,64,24,3,929,6.3,5.86
RCP06832,Bangladeshi Fish Dishes Special 34,Bangladeshi,dinner,False,477,49,35,27,7,1251,5.76,12.14
RCP06833,Kacchi Biryani,Bangladeshi,dinner,False,511,16,54,16,14,782,6.66,17.48
RCP06834,Rezala,Bangladeshi,dinner,False,526,41,67,16,9,975,5.4,2.24
RCP06835,Rezala,Bangladeshi,dinner,False,578,18,57,21,13,270,2.52,11.8
RCP06836,Bangladeshi Fish Dishes Special 38,Bangladeshi,dinner,False,317,31,47,19,12,1411,3.24,13.49
RCP06837,Bangladeshi Fish Dishes Special 39,Bangladeshi,dinner,False,742,43,56,18,14,562,6.3,7.58
RCP06838,Kacchi Biryani,Bangladeshi,dinner,False,407,38,30,25,4,991,6.66,8.3
RCP06839,Bangladeshi Fish Dishes Special 41,Bangladeshi,dinner,False,210,40,32,17,11,1365,2.7,14.35
RCP06840,Rezala,Bangladeshi,dinner,False,726,49,34,36,8,1148,2.7,7.19
RCP06841,Chomchom,Bangladeshi,morning_snack,False,611,25,46,27,11,1110,2.7,21.53
RCP06842,Bangladeshi Fish Dishes Special 44,Bangladeshi,dinner,False,292,32,40,23,5,1167,7.02,24.9
RCP06843,Pitha,Bangladeshi,breakfast,False,198,20,39,28,3,1349,3.42,2.95
RCP06844,Hilsa Fish Curry,Bangladeshi,dinner,False,384,36,63,29,8,1217,4.32,12.03
RCP06845,Rezala,Bangladeshi,dinner,False,245,32,44,28,2,1113,4.14,10.47
RCP06846,Shorshe Ilish,Bangladeshi,dinner,False,445,30,34,31,5,1010,4.5,13.77
RCP06847,Bhuna Khichuri,Bangladeshi,dinner,False,344,48,31,32,13,1461,7.02,13.97
RCP06848,Bangladeshi Fish Dishes Special 50,Bangladeshi,dinner,False,409,30,44,17,12,1194,5.22,3.07
RCP06849,Kacchi Biryani,Bangladeshi,dinner,False,452,15,48,12,11,216,1.98,14.62
RCP06850,Bangladeshi Fish Dishes Special 52,Bangladeshi,dinner,False,224,17,76,18,14,1364,6.66,15.87
RCP06851,Bangladeshi Fish Dishes Special 53,Bangladeshi,dinner,False,338,39,58,39,9,333,4.5,2.46
RCP06852,Chomchom,Bangladeshi,morning_snack,False,164,20,56,26,5,1176,3.06,12.1
RCP06853,Pitha,Bangladeshi,breakfast,False,446,32,55,27,9,560,4.68,24.94
RCP06854,Bangladeshi Fish Dishes Special 56,Bangladeshi,dinner,False,573,5,40,12,2,445,1.98,14.0
RCP06855,Bhuna Khichuri,Bangladeshi,dinner,False,307,41,33,36,6,936,5.94,7.84
RCP06856,Chomchom,Bangladeshi,morning_snack,False,616,42,72,35,12,1395,1.98,7.72
RCP06857,Kacchi Biryani,Bangladeshi,dinner,False,333,47,69,26,12,957,5.58,11.13
RCP06858,Kacchi Biryani,Bangladeshi,dinner,False,792,11,41,11,13,469,6.12,14.56
RCP06859,Bangladeshi Fish Dishes Special 61,Bangladeshi,dinner,False,562,24,55,17,9,1203,6.12,6.0
RCP06860,Bhuna Khichuri,Bangladeshi,dinner,False,755,47,64,35,7,843,1.98,21.74
RCP06861,Kacchi Biryani,Bangladeshi,dinner,False,214,17,30,29,14,1286,2.52,22.0
RCP06862,Hilsa Fish Curry,Bangladeshi,dinner,False,786,44,79,25,3,1329,4.14,16.43
RCP06863,Shorshe Ilish,Bangladeshi,dinner,False,750,43,41,29,7,1034,4.86,8.6
RCP06864,Rezala,Bangladeshi,dinner,False,372,28,68,36,3,887,4.5,7.67
RCP06865,Bangladeshi Fish Dishes Special 67,Bangladeshi,dinner,False,267,35,35,29,3,691,2.34,20.88
RCP06866,Bangladeshi Fish Dishes Special 68,Bangladeshi,dinner,False,753,13,34,19,7,668,2.88,6.26
RCP06867,Bhuna Khichuri,Bangladeshi,dinner,True,221,17,57,28,12,1207,2.34,12.3
RCP06868,Mishti Doi,Bangladeshi,morning_snack,False,369,48,34,24,11,886,6.12,20.43
RCP06869,Bangladeshi Fish Dishes Special 71,Bangladeshi,dinner,False,249,44,33,29,8,889,4.14,15.03
RCP06870,Rezala,Bangladeshi,dinner,False,553,48,45,19,14,965,4.68,3.11
RCP06871,Kacchi Biryani,Bangladeshi,dinner,True,344,5,38,26,8,1027,3.78,18.35
RCP06872,Kacchi Biryani,Bangladeshi,dinner,False,484,19,67,20,11,589,5.04,24.8
RCP06873,Bhuna Khichuri,Bangladeshi,dinner,False,720,20,56,34,12,825,4.86,24.74
RCP06874,Bhuna Khichuri,Bangladeshi,dinner,True,642,7,66,19,6,460,5.4,15.31
RCP06875,Bhuna Khichuri,Bangladeshi,dinner,False,187,48,51,31,4,1284,6.12,20.89
RCP06876,Bangladeshi Fish Dishes Special 78,Bangladeshi,dinner,False,544,11,65,18,14,687,2.52,9.09
RCP06877,Bhuna Khichuri,Bangladeshi,dinner,True,742,8,55,28,11,1036,5.4,7.93
RCP06878,Bhuna Khichuri,Bangladeshi,dinner,False,377,37,64,31,13,409,6.84,14.86
RCP06879,Bangladeshi Fish Dishes Special 81,Bangladeshi,dinner,False,589,36,56,27,9,1445,1.8,21.15
RCP06880,Mishti Doi,Bangladeshi,morning_snack,True,734,19,62,28,14,575,6.84,17.02
RCP06881,Bangladeshi Fish Dishes Special 83,Bangladeshi,dinner,False,557,33,72,34,10,1410,5.94,2.1
RCP06882,Pitha,Bangladeshi,breakfast,False,183,24,45,18,9,463,2.88,3.88
RCP06883,Shorshe Ilish,Bangladeshi,dinner,False,725,28,36,35,3,1178,4.14,10.45
RCP06884,Rezala,Bangladeshi,dinner,False,437,12,31,29,7,638,2.7,6.03
RCP06885,Bangladeshi Fish Dishes Special 87,Bangladeshi,dinner,False,594,13,75,25,13,612,6.48,4.43
RCP06886,Kacchi Biryani,Bangladeshi,dinner,False,671,44,66,19,11,1392,5.94,22.68
RCP06887,Kacchi Biryani,Bangladeshi,dinner,False,490,20,62,37,8,1420,1.8,20.01
RCP06888,Shorshe Ilish,Bangladeshi,dinner,False,380,40,41,28,3,315,2.34,21.04
RCP06889,Bangladeshi Fish Dishes Special 91,Bangladeshi,dinner,False,324,40,50,22,4,547,6.12,5.91
RCP06890,Rezala,Bangladeshi,dinner,False,767,35,56,17,4,612,3.96,3.78
RCP06891,Pitha,Bangladeshi,breakfast,False,782,23,72,36,7,1442,6.48,5.57
RCP06892,Mishti Doi,Bangladeshi,morning_snack,False,354,27,65,23,6,751,3.78,18.14
RCP06893,Bhuna Khichuri,Bangladeshi,dinner,False,233,29,73,33,4,590,1.8,8.51
RCP06894,Bhuna Khichuri,Bangladeshi,dinner,True,574,15,65,11,7,457,4.5,11.11
RCP06895,Bangladeshi Fish Dishes Special 97,Bangladeshi,dinner,False,762,43,62,17,13,1148,4.5,24.93
RCP06896,Bangladeshi Fish Dishes Special 98,Bangladeshi,dinner,False,595,16,48,16,14,1105,2.52,10.41
RCP06897,Chomchom,Bangladeshi,morning_snack,True,490,11,58,13,13,358,4.5,23.07
RCP06898,Rezala,Bangladeshi,dinner,False,195,41,65,22,8,1434,4.5,8.62
RCP06899,Bangladeshi Fish Dishes Special 101,Bangladeshi,dinner,False,683,7,74,26,5,1244,2.16,7.61
RCP06900,Chomchom,Bangladeshi,morning_snack,False,697,46,77,33,9,701,2.52,14.32
RCP06901,Bangladeshi Fish Dishes Special 103,Bangladeshi,dinner,False,452,20,72,21,3,388,6.3,15.41
RCP06902,Bangladeshi Fish Dishes Special 104,Bangladeshi,dinner,False,530,10,40,26,7,216,3.42,22.77
RCP06903,Shorshe Ilish,Bangladeshi,dinner,False,454,48,59,24,11,244,3.42,17.74
RCP06904,Bangladeshi Fish Dishes Special 106,Bangladeshi,dinner,False,403,21,58,34,12,579,5.58,22.04
RCP06905,Bangladeshi Fish Dishes Special 107,Bangladeshi,dinner,False,322,43,62,27,3,1027,7.02,16.41
RCP06906,Bangladeshi Fish Dishes Special 108,Bangladeshi,dinner,False,376,42,59,28,2,1261,1.8,8.41
RCP06907,Chomchom,Bangladeshi,morning_snack,False,362,26,51,19,10,981,6.3,11.11
RCP06908,Bangladeshi Fish Dishes Special 110,Bangladeshi,dinner,False,781,46,40,22,5,786,3.78,7.45
RCP06909,Chomchom,Bangladeshi,morning_snack,False,308,26,76,23,11,701,2.7,6.46
RCP06910,Rezala,Bangladeshi,dinner,False,256,10,37,22,11,1168,5.58,18.24
RCP06911,Bangladeshi Fish Dishes Special 113,Bangladeshi,dinner,False,267,7,41,13,11,1409,5.22,12.5
RCP06912,Bangladeshi Fish Dishes Special 114,Bangladeshi,dinner,False,441,5,56,15,7,1000,4.68,13.53
RCP06913,Bangladeshi Fish Dishes Special 115,Bangladeshi,dinner,False,475,13,57,25,11,1378,6.66,19.54
RCP06914,Pitha,Bangladeshi,breakfast,False,568,45,60,38,14,735,4.14,8.99
RCP06915,Bhuna Khichuri,Bangladeshi,dinner,False,725,24,31,37,2,403,2.7,4.79
RCP06916,Kacchi Biryani,Bangladeshi,dinner,False,771,44,69,20,3,868,2.52,17.08
RCP06917,Shorshe Ilish,Bangladeshi,dinner,False,376,46,72,37,6,1430,1.8,20.06
RCP06918,Mishti Doi,Bangladeshi,morning_snack,False,589,32,65,35,4,975,2.88,8.0
RCP06919,Shorshe Ilish,Bangladeshi,dinner,False,534,29,49,25,8,332,6.3,5.18
RCP06920,Rezala,Bangladeshi,dinner,False,623,40,65,27,14,1162,2.88,2.08
RCP06921,Rezala,Bangladeshi,dinner,False,629,26,60,25,11,1426,2.16,23.01
RCP06922,Bangladeshi Fish Dishes Special 124,Bangladeshi,dinner,False,180,24,36,34,11,462,5.58,16.01
RCP06923,Pitha,Bangladeshi,breakfast,False,485,21,48,18,11,655,6.66,17.94
RCP06924,Hilsa Fish Curry,Bangladeshi,dinner,False,752,28,79,24,14,686,4.14,22.1
RCP06925,Bangladeshi Fish Dishes Special 127,Bangladeshi,dinner,False,699,45,59,24,9,1488,6.12,18.52
RCP06926,Bhuna Khichuri,Bangladeshi,dinner,False,244,47,73,19,13,892,3.24,8.91
RCP06927,Rezala,Bangladeshi,dinner,False,729,40,53,18,10,427,2.34,4.68
RCP06928,Bangladeshi Fish Dishes Special 130,Bangladeshi,dinner,False,157,49,78,16,14,1187,3.96,2.8
RCP06929,Hilsa Fish Curry,Bangladeshi,dinner,False,185,22,75,25,5,735,5.4,24.9
RCP06930,Bhuna Khichuri,Bangladeshi,dinner,False,795,27,60,37,2,729,2.7,21.16
RCP06931,Bhuna Khichuri,Bangladeshi,dinner,False,343,26,36,19,4,399,3.96,9.24
RCP06932,Mishti Doi,Bangladeshi,morning_snack,False,792,25,48,15,13,350,2.16,10.07
RCP06933,Bhuna Khichuri,Bangladeshi,dinner,False,383,46,44,18,5,1210,1.98,20.83
RCP06934,Bangladeshi Fish Dishes Special 136,Bangladeshi,dinner,False,567,16,66,20,9,515,6.12,24.16
RCP06935,Bhuna Khichuri,Bangladeshi,dinner,False,729,7,44,20,9,841,5.58,16.48
RCP06936,Shorshe Ilish,Bangladeshi,dinner,False,256,49,30,38,13,990,5.94,5.95
RCP06937,Bangladeshi Fish Dishes Special 139,Bangladeshi,dinner,False,420,10,57,19,11,1020,3.42,21.76
RCP06938,Bhuna Khichuri,Bangladeshi,dinner,False,428,29,39,35,6,533,3.42,18.83
RCP06939,Bangladeshi Fish Dishes Special 141,Bangladeshi,dinner,False,562,13,74,17,12,990,4.86,24.96
RCP06940,Bangladeshi Fish Dishes Special 142,Bangladeshi,dinner,False,544,48,76,36,12,1350,3.24,11.84
RCP06941,Bhuna Khichuri,Bangladeshi,dinner,True,331,9,44,10,3,568,2.52,24.2
RCP06942,Bangladeshi Fish Dishes Special 144,Bangladeshi,dinner,False,519,17,33,24,11,610,5.76,12.31
RCP06943,Hilsa Fish Curry,Bangladeshi,dinner,False,223,32,52,22,7,1371,6.84,18.1
RCP06944,Bangladeshi Fish Dishes Special 146,Bangladeshi,dinner,False,513,36,51,16,4,1259,5.76,9.59
RCP06945,Kacchi Biryani,Bangladeshi,dinner,False,766,30,57,30,9,1460,2.88,13.75
RCP06946,Shorshe Ilish,Bangladeshi,dinner,False,607,46,60,22,11,1102,5.22,10.37
RCP06947,Bhuna Khichuri,Bangladeshi,dinner,False,609,8,64,19,11,957,6.84,19.89
RCP06948,Bangladeshi Fish Dishes Special 150,Bangladeshi,dinner,False,753,22,38,28,5,560,2.34,12.17
RCP06949,Kacchi Biryani,Bangladeshi,dinner,False,624,11,61,17,11,839,6.48,3.19
RCP06950,Bhuna Khichuri,Bangladeshi,dinner,False,646,28,60,25,5,1345,5.76,21.05
RCP06951,Bangladeshi Fish Dishes Special 153,Bangladeshi,dinner,False,584,11,75,21,7,818,5.76,12.57
RCP06952,Bhuna Khichuri,Bangladeshi,dinner,False,391,34,61,28,4,1135,5.4,9.48
RCP06953,Bangladeshi Fish Dishes Special 155,Bangladeshi,dinner,False,727,26,41,38,14,463,5.04,14.12
RCP06954,Bangladeshi Fish Dishes Special 156,Bangladeshi,dinner,False,464,6,32,19,5,711,4.68,9.19
RCP06955,Hilsa Fish Curry,Bangladeshi,dinner,False,413,34,40,34,2,1227,5.04,24.74
RCP06956,Kacchi Biryani,Bangladeshi,dinner,False,781,46,72,21,10,1043,3.42,21.09
RCP06957,Mishti Doi,Bangladeshi,morning_snack,False,325,32,34,29,3,933,3.42,17.36
RCP06958,Chomchom,Bangladeshi,morning_snack,False,580,24,69,30,6,262,6.66,4.19
RCP06959,Hilsa Fish Curry,Bangladeshi,dinner,False,692,34,68,20,9,616,5.4,9.77
RCP06960,Hilsa Fish Curry,Bangladeshi,dinner,False,761,48,34,25,13,851,4.5,7.62
RCP06961,Bhuna Khichuri,Bangladeshi,dinner,False,245,46,65,16,11,735,5.22,15.04
RCP06962,Chomchom,Bangladeshi,morning_snack,False,262,31,58,33,7,1490,4.5,23.81
RCP06963,Pitha,Bangladeshi,breakfast,False,186,40,37,37,10,689,6.48,22.81
RCP06964,Chomchom,Bangladeshi,morning_snack,False,358,21,76,28,9,766,3.42,4.45
RCP06965,Kacchi Biryani,Bangladeshi,dinner,False,498,38,53,30,5,373,4.68,15.56
RCP06966,Chomchom,Bangladeshi,morning_snack,False,533,13,47,27,10,250,5.04,19.99
RCP06967,Bangladeshi Fish Dishes Special 169,Bangladeshi,dinner,False,635,37,64,35,8,1234,3.06,17.23
RCP06968,Rezala,Bangladeshi,dinner,False,777,44,60,19,4,1198,6.48,16.37
RCP06969,Bangladeshi Fish Dishes Special 171,Bangladeshi,dinner,False,229,46,35,23,11,1259,4.14,5.42
RCP06970,Kacchi Biryani,Bangladeshi,dinner,False,549,38,69,34,11,705,3.6,15.19
RCP06971,Mishti Doi,Bangladeshi,morning_snack,True,319,17,71,12,9,685,3.06,20.21
RCP06972,Rezala,Bangladeshi,dinner,False,664,28,67,16,11,344,3.24,22.75
RCP06973,Shorshe Ilish,Bangladeshi,dinner,False,207,28,71,29,7,989,4.14,14.57
RCP06974,Chomchom,Bangladeshi,morning_snack,False,720,25,75,26,14,790,2.7,22.27
RCP06975,Pitha,Bangladeshi,breakfast,False,310,43,42,17,7,1005,2.52,20.2
RCP06976,Shorshe Ilish,Bangladeshi,dinner,False,296,17,67,20,14,458,2.16,6.88
RCP06977,Bangladeshi Fish Dishes Special 179,Bangladeshi,dinner,False,221,24,68,17,14,793,1.98,14.97
RCP06978,Kacchi Biryani,Bangladeshi,dinner,False,341,30,76,21,7,794,4.68,10.81
RCP06979,Bangladeshi Fish Dishes Special 181,Bangladeshi,dinner,False,697,22,34,38,5,265,5.58,14.24
RCP06980,Kacchi Biryani,Bangladeshi,dinner,False,690,29,31,18,7,630,6.12,12.72
RCP06981,Rezala,Bangladeshi,dinner,False,264,29,46,35,6,399,6.66,15.02
RCP06982,Bangladeshi Fish Dishes Special 184,Bangladeshi,dinner,False,278,15,78,26,7,540,3.24,4.5
RCP06983,Shorshe Ilish,Bangladeshi,dinner,False,781,41,48,16,13,1305,6.48,2.76
RCP06984,Mishti Doi,Bangladeshi,morning_snack,False,640,26,71,28,10,246,4.68,3.41
RCP06985,Kacchi Biryani,Bangladeshi,dinner,True,383,18,62,19,3,1289,6.84,8.32
RCP06986,Kacchi Biryani,Bangladeshi,dinner,True,161,6,43,14,2,1375,2.34,19.27
RCP06987,Pitha,Bangladeshi,breakfast,False,671,25,66,31,12,577,6.3,5.24
RCP06988,Chomchom,Bangladeshi,morning_snack,True,240,19,37,19,12,1139,1.98,11.22
RCP06989,Bangladeshi Fish Dishes Special 191,Bangladeshi,dinner,False,672,26,73,24,6,1356,5.94,6.28
RCP06990,Bangladeshi Fish Dishes Special 192,Bangladeshi,dinner,False,207,32,37,26,7,230,2.88,16.29
RCP06991,Bangladeshi Fish Dishes Special 193,Bangladeshi,dinner,False,781,40,36,36,5,534,3.96,18.77
RCP06992,Chomchom,Bangladeshi,morning_snack,False,366,39,38,17,9,720,1.98,23.53
RCP06993,Bangladeshi Fish Dishes Special 195,Bangladeshi,dinner,False,732,16,60,20,6,646,4.5,20.93
RCP06994,Chomchom,Bangladeshi,morning_snack,False,484,43,75,22,9,1272,5.22,10.34
RCP06995,Kacchi Biryani,Bangladeshi,dinner,False,303,20,62,21,2,688,2.52,21.84
RCP06996,Bangladeshi Fish Dishes Special 198,Bangladeshi,dinner,False,249,28,55,30,7,661,5.04,5.56
RCP06997,Chomchom,Bangladeshi,morning_snack,False,371,27,34,30,3,505,2.88,14.26
RCP06998,Bangladeshi Fish Dishes Special 200,Bangladeshi,dinner,False,541,25,31,25,5,536,6.12,14.3
RCP06999,Kacchi Biryani,Bangladeshi,dinner,True,459,15,45,13,14,328,3.6,3.08
RCP07000,Mishti Doi,Bangladeshi,morning_snack,True,401,7,30,13,5,392,4.5,3.3
RCP07001,Shorshe Ilish,Bangladeshi,dinner,False,723,44,55,29,4,1113,4.32,15.55
RCP07002,Bangladeshi Fish Dishes Special 204,Bangladeshi,dinner,False,347,36,35,20,12,229,3.78,17.95
RCP07003,Mishti Doi,Bangladeshi,morning_snack,False,256,48,34,22,12,546,4.86,5.73
RCP07004,Kacchi Biryani,Bangladeshi,dinner,False,429,20,73,17,11,962,3.78,5.72
RCP07005,Bangladeshi Fish Dishes Special 207,Bangladeshi,dinner,False,471,10,60,11,14,1194,4.32,2.91
RCP07006,Chomchom,Bangladeshi,morning_snack,False,627,49,58,20,9,606,2.7,23.67
RCP07007,Rezala,Bangladeshi,dinner,False,523,11,58,13,10,465,3.6,17.56
RCP07008,Bangladeshi Fish Dishes Special 210,Bangladeshi,dinner,False,675,43,67,35,3,1084,6.84,10.38
RCP07009,Bangladeshi Fish Dishes Special 211,Bangladeshi,dinner,False,622,9,58,12,4,234,6.48,13.92
RCP07010,Bangladeshi Fish Dishes Special 212,Bangladeshi,dinner,False,554,26,47,34,8,427,7.02,18.39
RCP07011,Kacchi Biryani,Bangladeshi,dinner,False,750,27,67,16,10,775,2.7,12.57
RCP07012,Chomchom,Bangladeshi,morning_snack,False,260,32,66,37,11,544,6.48,21.14
RCP07013,Bangladeshi Fish Dishes Special 215,Bangladeshi,dinner,False,685,34,62,30,8,718,6.84,17.0
RCP07014,Rezala,Bangladeshi,dinner,False,416,5,76,18,6,1304,3.06,4.74
RCP07015,Bangladeshi Fish Dishes Special 217,Bangladeshi,dinner,False,559,15,65,10,9,926,4.32,12.89
RCP07016,Mishti Doi,Bangladeshi,morning_snack,False,620,25,44,22,13,220,7.02,19.0
RCP07017,Mishti Doi,Bangladeshi,morning_snack,False,239,43,31,16,2,1326,6.48,16.37
RCP07018,Bangladeshi Fish Dishes Special 220,Bangladeshi,dinner,False,421,15,43,22,8,418,4.5,6.66
RCP07019,Bangladeshi Fish Dishes Special 221,Bangladeshi,dinner,False,757,42,50,30,14,431,3.96,16.59
RCP07020,Bangladeshi Fish Dishes Special 222,Bangladeshi,dinner,False,196,19,54,29,13,448,6.12,11.01
RCP07021,Bangladeshi Fish Dishes Special 223,Bangladeshi,dinner,False,491,12,52,19,13,597,6.12,3.88
RCP07022,Chomchom,Bangladeshi,morning_snack,False,665,17,55,22,3,1232,5.76,12.18
RCP07023,Rezala,Bangladeshi,dinner,False,160,23,67,21,12,1440,3.06,18.66
RCP07024,Kacchi Biryani,Bangladeshi,dinner,False,293,16,57,29,11,457,4.32,19.8
RCP07025,Kacchi Biryani,Bangladeshi,dinner,True,780,13,47,26,4,368,5.22,12.61
RCP07026,Bangladeshi Fish Dishes Special 228,Bangladeshi,dinner,False,763,31,46,32,14,710,3.06,16.1
RCP07027,Pitha,Bangladeshi,breakfast,False,152,33,34,22,14,289,1.8,3.32
RCP07028,Bhuna Khichuri,Bangladeshi,dinner,False,357,37,73,17,11,1079,2.16,19.98
RCP07029,Hilsa Fish Curry,Bangladeshi,dinner,False,610,26,68,26,7,657,5.76,14.48
RCP07030,Chomchom,Bangladeshi,morning_snack,False,536,33,55,21,2,1450,3.06,21.79
RCP07031,Shorshe Ilish,Bangladeshi,dinner,False,349,29,38,18,10,331,5.58,4.28
RCP07032,Bangladeshi Fish Dishes Special 234,Bangladeshi,dinner,False,193,15,74,16,13,538,4.68,17.43
RCP07033,Bangladeshi Fish Dishes Special 235,Bangladeshi,dinner,False,531,9,59,26,12,813,1.8,24.18
RCP07034,Rezala,Bangladeshi,dinner,False,376,41,53,25,3,667,2.7,22.2
RCP07035,Shorshe Ilish,Bangladeshi,dinner,False,654,37,67,39,13,305,6.12,12.67
RCP07036,Bangladeshi Fish Dishes Special 238,Bangladeshi,dinner,False,393,18,59,13,3,420,6.84,22.7
RCP07037,Bangladeshi Fish Dishes Special 239,Bangladeshi,dinner,False,517,45,70,23,4,1479,5.58,15.04
RCP07038,Mishti Doi,Bangladeshi,morning_snack,False,725,49,48,17,13,1204,6.48,14.66
RCP07039,Kacchi Biryani,Bangladeshi,dinner,False,298,26,73,33,5,886,1.8,5.4
RCP07040,Mishti Doi,Bangladeshi,morning_snack,False,264,26,49,36,2,691,5.4,23.35
RCP07041,Mishti Doi,Bangladeshi,morning_snack,True,297,11,56,15,2,278,3.42,18.39
RCP07042,Bhuna Khichuri,Bangladeshi,dinner,False,510,30,35,32,7,768,4.68,10.94
RCP07043,Rezala,Bangladeshi,dinner,False,298,20,45,30,7,786,6.12,5.97
RCP07044,Bangladeshi Fish Dishes Special 246,Bangladeshi,dinner,False,363,35,35,27,12,802,5.04,21.83
RCP07045,Shorshe Ilish,Bangladeshi,dinner,False,446,28,55,39,12,314,2.34,17.98
RCP07046,Mishti Doi,Bangladeshi,morning_snack,True,739,10,79,28,6,334,3.42,2.56
RCP07047,Bangladeshi Fish Dishes Special 249,Bangladeshi,dinner,False,203,30,71,19,3,906,3.96,19.84
RCP07048,Hilsa Fish Curry,Bangladeshi,dinner,False,574,32,32,20,3,1032,2.7,2.35
RCP07049,Bangladeshi Fish Dishes Special 251,Bangladeshi,dinner,False,474,48,72,17,12,323,1.98,10.88
RCP07050,Bhuna Khichuri,Bangladeshi,dinner,False,164,10,40,29,4,569,5.94,14.46
RCP07051,Bhuna Khichuri,Bangladeshi,dinner,False,419,35,40,26,11,1329,6.12,13.45
RCP07052,Pitha,Bangladeshi,breakfast,True,789,16,72,22,7,1484,7.02,22.64
RCP07053,Rezala,Bangladeshi,dinner,False,360,14,62,15,14,865,3.96,11.58
RCP07054,Bangladeshi Fish Dishes Special 256,Bangladeshi,dinner,False,265,32,74,30,9,1156,3.24,16.53
RCP07055,Rezala,Bangladeshi,dinner,False,255,37,68,19,3,338,4.5,9.85
RCP07056,Bangladeshi Fish Dishes Special 258,Bangladeshi,dinner,False,387,25,42,31,10,353,5.4,16.43
RCP07057,Pitha,Bangladeshi,breakfast,False,704,44,63,22,14,973,2.7,20.88
RCP07058,Pitha,Bangladeshi,breakfast,True,594,12,57,23,6,283,4.86,2.99
RCP07059,Mishti Doi,Bangladeshi,morning_snack,False,441,26,31,30,11,649,3.6,16.08
RCP07060,Shorshe Ilish,Bangladeshi,dinner,False,634,32,43,28,4,1347,4.5,9.63
RCP07061,Bangladeshi Fish Dishes Special 263,Bangladeshi,dinner,False,193,13,36,26,8,259,4.14,13.9
RCP07062,Pitha,Bangladeshi,breakfast,False,538,44,33,15,10,931,1.8,16.89
RCP07063,Shorshe Ilish,Bangladeshi,dinner,False,597,39,41,27,13,452,5.94,18.88
RCP07064,Pitha,Bangladeshi,breakfast,False,421,39,51,23,14,1479,3.06,19.81
RCP07065,Shorshe Ilish,Bangladeshi,dinner,False,539,42,78,39,9,1315,5.94,2.9
RCP07066,Chomchom,Bangladeshi,morning_snack,False,634,44,71,28,8,441,2.88,4.02
RCP07067,Bangladeshi Fish Dishes Special 269,Bangladeshi,dinner,False,776,46,42,19,2,841,4.14,8.32
RCP07068,Chomchom,Bangladeshi,morning_snack,False,491,42,54,35,10,946,3.78,8.05
RCP07069,Shorshe Ilish,Bangladeshi,dinner,False,537,49,77,23,9,739,1.98,10.74
RCP07070,Bhuna Khichuri,Bangladeshi,dinner,True,521,11,48,27,4,691,1.98,16.76
RCP07071,Bangladeshi Fish Dishes Special 273,Bangladeshi,dinner,False,641,46,62,39,11,1201,3.78,11.16
RCP07072,Kacchi Biryani,Bangladeshi,dinner,True,231,6,40,14,14,1176,3.6,23.09
RCP07073,Bangladeshi Fish Dishes Special 275,Bangladeshi,dinner,False,710,41,59,27,11,586,2.88,5.1
RCP07074,Bangladeshi Fish Dishes Special 276,Bangladeshi,dinner,False,472,27,30,33,13,532,3.6,2.46
RCP07075,Rezala,Bangladeshi,dinner,False,238,30,53,37,9,800,3.6,19.4
RCP07076,Chomchom,Bangladeshi,morning_snack,False,457,37,45,31,2,543,2.88,9.73
RCP07077,Bangladeshi Fish Dishes Special 279,Bangladeshi,dinner,False,591,38,49,26,10,365,3.42,22.7
RCP07078,Shorshe Ilish,Bangladeshi,dinner,False,578,23,48,22,13,694,2.34,15.06
RCP07079,Bhuna Khichuri,Bangladeshi,dinner,False,672,43,58,25,13,566,3.42,11.02
RCP07080,Shorshe Ilish,Bangladeshi,dinner,False,389,36,68,29,4,1458,5.76,17.92
RCP07081,Pitha,Bangladeshi,breakfast,False,174,47,34,22,8,1374,6.48,18.85
RCP07082,Bangladeshi Fish Dishes Special 284,Bangladeshi,dinner,False,448,41,60,38,2,1038,5.4,10.74
RCP07083,Bangladeshi Fish Dishes Special 285,Bangladeshi,dinner,False,528,43,67,27,14,1342,3.78,10.81
RCP07084,Mishti Doi,Bangladeshi,morning_snack,True,351,18,55,14,7,427,5.4,23.12
RCP07085,Rezala,Bangladeshi,dinner,False,437,7,68,22,14,944,6.12,12.51
RCP07086,Bangladeshi Fish Dishes Special 288,Bangladeshi,dinner,False,722,26,42,38,4,625,2.88,21.4
RCP07087,Chomchom,Bangladeshi,morning_snack,True,523,7,68,29,9,740,5.58,24.14
RCP07088,Bangladeshi Fish Dishes Special 290,Bangladeshi,dinner,False,711,49,41,29,13,1104,4.86,16.5
RCP07089,Bangladeshi Fish Dishes Special 291,Bangladeshi,dinner,False,768,28,46,36,13,370,2.34,18.18
RCP07090,Chomchom,Bangladeshi,morning_snack,True,306,11,77,16,6,402,6.48,24.07
RCP07091,Chomchom,Bangladeshi,morning_snack,False,726,34,56,19,11,1114,3.96,18.3
RCP07092,Bangladeshi Fish Dishes Special 294,Bangladeshi,dinner,False,794,26,35,27,14,1047,3.42,10.31
RCP07093,Chomchom,Bangladeshi,morning_snack,False,284,48,32,24,8,1153,3.96,22.54
RCP07094,Bangladeshi Fish Dishes Special 296,Bangladeshi,dinner,False,724,45,34,32,3,415,3.06,13.85
RCP07095,Shorshe Ilish,Bangladeshi,dinner,False,618,42,52,31,10,1124,5.94,12.11
RCP07096,Hilsa Fish Curry,Bangladeshi,dinner,False,749,41,31,25,14,985,6.66,5.61
RCP07097,Chomchom,Bangladeshi,morning_snack,False,301,40,76,15,5,1382,6.3,22.86
RCP07098,Bangladeshi Fish Dishes Special 300,Bangladeshi,dinner,False,622,34,43,39,13,968,4.14,23.78
RCP07099,Bangladeshi Rice Dishes Special 1,Bangladeshi,dinner,True,559,16,73,24,9,1316,5.58,6.7
RCP07100,Bangladeshi Rice Dishes Special 2,Bangladeshi,dinner,False,327,23,38,33,4,717,4.14,13.6
RCP07101,Shorshe Ilish,Bangladeshi,dinner,False,531,9,74,10,2,724,5.76,22.32
RCP07102,Bangladeshi Rice Dishes Special 4,Bangladeshi,dinner,False,486,34,39,16,5,1495,4.5,11.96
RCP07103,Bangladeshi Rice Dishes Special 5,Bangladeshi,dinner,True,320,5,78,28,10,1371,5.94,9.91
RCP07104,Bangladeshi Rice Dishes Special 6,Bangladeshi,dinner,False,473,23,51,16,11,1163,3.78,18.6
RCP07105,Hilsa Fish Curry,Bangladeshi,dinner,False,523,29,57,29,2,652,2.52,10.94
RCP07106,Bangladeshi Rice Dishes Special 8,Bangladeshi,dinner,False,535,47,66,15,5,602,4.86,4.21
RCP07107,Bangladeshi Rice Dishes Special 9,Bangladeshi,dinner,False,241,45,43,36,3,473,2.88,7.76
RCP07108,Bangladeshi Rice Dishes Special 10,Bangladeshi,dinner,False,161,15,40,18,10,682,4.14,6.31
RCP07109,Pitha,Bangladeshi,breakfast,False,572,34,57,36,14,1049,5.76,19.86
RCP07110,Bangladeshi Rice Dishes Special 12,Bangladeshi,dinner,False,196,45,43,31,7,665,3.78,2.94
RCP07111,Bangladeshi Rice Dishes Special 13,Bangladeshi,dinner,False,718,34,70,17,5,200,3.78,23.59
RCP07112,Chomchom,Bangladeshi,morning_snack,True,420,6,49,15,9,337,2.7,9.88
RCP07113,Shorshe Ilish,Bangladeshi,dinner,False,258,33,56,33,10,631,6.66,18.63
RCP07114,Pitha,Bangladeshi,breakfast,True,661,12,61,12,4,774,5.94,21.54
RCP07115,Bangladeshi Rice Dishes Special 17,Bangladeshi,dinner,False,583,34,31,21,7,200,5.76,16.43
RCP07116,Rezala,Bangladeshi,dinner,False,428,9,60,25,14,268,5.04,8.79
RCP07117,Bangladeshi Rice Dishes Special 19,Bangladeshi,dinner,False,730,24,68,37,8,1415,6.12,5.6
RCP07118,Bangladeshi Rice Dishes Special 20,Bangladeshi,dinner,False,319,36,35,26,2,1146,5.22,6.91
RCP07119,Bangladeshi Rice Dishes Special 21,Bangladeshi,dinner,False,276,41,77,39,4,1466,5.76,18.96
RCP07120,Mishti Doi,Bangladeshi,morning_snack,False,719,20,57,33,4,201,5.04,22.13
RCP07121,Mishti Doi,Bangladeshi,morning_snack,False,718,47,54,35,13,1283,4.32,17.71
RCP07122,Shorshe Ilish,Bangladeshi,dinner,False,400,34,79,19,9,1138,2.7,13.22
RCP07123,Chomchom,Bangladeshi,morning_snack,True,319,19,79,11,4,506,1.8,7.29
RCP07124,Kacchi Biryani,Bangladeshi,dinner,False,710,40,68,15,10,755,5.04,23.36
RCP07125,Chomchom,Bangladeshi,morning_snack,False,427,24,61,30,7,932,3.24,23.17
RCP07126,Kacchi Biryani,Bangladeshi,dinner,False,389,23,69,33,4,606,6.66,23.59
RCP07127,Bhuna Khichuri,Bangladeshi,dinner,True,209,15,48,19,14,290,5.22,20.02
RCP07128,Hilsa Fish Curry,Bangladeshi,dinner,False,709,43,73,29,7,872,6.66,14.85
RCP07129,Pitha,Bangladeshi,breakfast,False,688,41,71,23,8,982,4.86,11.91
RCP07130,Pitha,Bangladeshi,breakfast,False,233,14,55,23,10,1308,3.6,10.5
RCP07131,Pitha,Bangladeshi,breakfast,True,483,13,68,17,6,735,3.06,24.53
RCP07132,Bangladeshi Rice Dishes Special 34,Bangladeshi,dinner,False,562,37,51,21,14,919,3.06,19.07
RCP07133,Rezala,Bangladeshi,dinner,False,786,44,35,31,13,213,5.58,22.46
RCP07134,Kacchi Biryani,Bangladeshi,dinner,True,183,14,55,19,13,762,5.94,4.27
RCP07135,Shorshe Ilish,Bangladeshi,dinner,False,465,42,72,32,5,1229,3.24,2.67
RCP07136,Bangladeshi Rice Dishes Special 38,Bangladeshi,dinner,False,343,44,53,24,11,429,4.14,2.7
RCP07137,Chomchom,Bangladeshi,morning_snack,False,485,36,76,27,5,1378,1.8,5.71
RCP07138,Mishti Doi,Bangladeshi,morning_snack,False,674,39,51,37,14,349,2.7,6.02
RCP07139,Shorshe Ilish,Bangladeshi,dinner,False,401,42,46,34,7,642,5.94,3.45
RCP07140,Bangladeshi Rice Dishes Special 42,Bangladeshi,dinner,False,717,36,44,26,10,1107,2.52,6.45
RCP07141,Mishti Doi,Bangladeshi,morning_snack,False,437,7,40,17,13,576,6.12,7.23
RCP07142,Hilsa Fish Curry,Bangladeshi,dinner,False,393,27,61,15,6,1180,6.84,14.3
RCP07143,Pitha,Bangladeshi,breakfast,False,714,34,40,27,14,1496,5.94,5.65
RCP07144,Bangladeshi Rice Dishes Special 46,Bangladeshi,dinner,False,703,19,43,20,7,1254,6.48,11.83
RCP07145,Bhuna Khichuri,Bangladeshi,dinner,False,653,31,51,20,14,952,3.06,20.75
RCP07146,Shorshe Ilish,Bangladeshi,dinner,False,681,21,55,35,8,1323,3.96,15.18
RCP07147,Bhuna Khichuri,Bangladeshi,dinner,True,572,12,74,22,8,651,5.76,23.52
RCP07148,Mishti Doi,Bangladeshi,morning_snack,False,682,35,77,38,4,1295,4.32,19.91
RCP07149,Bangladeshi Rice Dishes Special 51,Bangladeshi,dinner,False,189,28,32,27,9,1381,5.94,7.15
RCP07150,Hilsa Fish Curry,Bangladeshi,dinner,False,787,6,36,10,9,862,1.8,20.5
RCP07151,Kacchi Biryani,Bangladeshi,dinner,False,687,43,47,28,13,489,3.78,14.61
RCP07152,Chomchom,Bangladeshi,morning_snack,True,503,5,62,13,11,424,5.22,17.43
RCP07153,Bhuna Khichuri,Bangladeshi,dinner,False,373,43,57,19,7,1387,5.76,16.43
RCP07154,Bhuna Khichuri,Bangladeshi,dinner,False,503,27,68,20,5,200,5.04,14.83
RCP07155,Pitha,Bangladeshi,breakfast,True,284,10,67,15,3,1207,3.96,17.1
RCP07156,Bhuna Khichuri,Bangladeshi,dinner,True,388,18,79,26,6,717,6.84,11.14
RCP07157,Chomchom,Bangladeshi,morning_snack,False,189,31,40,29,9,350,6.48,7.3
RCP07158,Mishti Doi,Bangladeshi,morning_snack,False,475,46,37,22,11,444,5.94,15.48
RCP07159,Bangladeshi Rice Dishes Special 61,Bangladeshi,dinner,True,475,13,63,28,8,1451,6.3,23.29
RCP07160,Mishti Doi,Bangladeshi,morning_snack,False,593,40,41,39,12,540,3.78,10.8
RCP07161,Rezala,Bangladeshi,dinner,False,669,30,62,29,2,1071,1.98,3.33
RCP07162,Mishti Doi,Bangladeshi,morning_snack,False,341,34,42,19,3,1166,3.78,9.76
RCP07163,Bangladeshi Rice Dishes Special 65,Bangladeshi,dinner,False,446,39,71,26,12,1275,3.96,22.87
RCP07164,Bangladeshi Rice Dishes Special 66,Bangladeshi,dinner,False,216,47,45,31,14,1173,3.78,20.93
RCP07165,Bangladeshi Rice Dishes Special 67,Bangladeshi,dinner,False,488,30,40,36,8,261,5.04,8.6
RCP07166,Bangladeshi Rice Dishes Special 68,Bangladeshi,dinner,True,684,19,46,14,5,977,1.98,12.65
RCP07167,Bhuna Khichuri,Bangladeshi,dinner,False,600,30,47,18,13,1100,5.76,10.43
RCP07168,Mishti Doi,Bangladeshi,morning_snack,True,529,14,33,20,11,1493,2.16,14.18
RCP07169,Hilsa Fish Curry,Bangladeshi,dinner,False,436,31,70,39,4,299,3.78,12.94
RCP07170,Shorshe Ilish,Bangladeshi,dinner,False,504,10,62,26,12,1492,1.98,19.23
RCP07171,Chomchom,Bangladeshi,morning_snack,False,211,12,65,15,3,245,6.12,14.67
RCP07172,Shorshe Ilish,Bangladeshi,dinner,False,227,42,70,31,13,1105,5.58,23.99
RCP07173,Pitha,Bangladeshi,breakfast,False,258,35,72,15,10,650,5.4,21.85
RCP07174,Kacchi Biryani,Bangladeshi,dinner,False,402,43,61,25,5,220,3.24,11.13
RCP07175,Bangladeshi Rice Dishes Special 77,Bangladeshi,dinner,True,609,8,67,12,4,1034,5.22,23.26
RCP07176,Hilsa Fish Curry,Bangladeshi,dinner,False,307,29,46,22,10,1010,5.94,13.94
RCP07177,Hilsa Fish Curry,Bangladeshi,dinner,False,767,30,65,17,4,662,4.86,7.99
RCP07178,Pitha,Bangladeshi,breakfast,False,345,24,41,37,12,1465,3.78,9.15
RCP07179,Bangladeshi Rice Dishes Special 81,Bangladeshi,dinner,False,318,49,67,32,11,919,3.42,20.05
RCP07180,Kacchi Biryani,Bangladeshi,dinner,False,628,17,77,18,7,565,3.78,19.61
RCP07181,Bangladeshi Rice Dishes Special 83,Bangladeshi,dinner,False,416,19,37,25,2,614,2.52,10.57
RCP07182,Kacchi Biryani,Bangladeshi,dinner,False,339,40,60,33,10,483,4.86,8.84
RCP07183,Mishti Doi,Bangladeshi,morning_snack,False,593,28,59,19,10,1073,1.8,10.16
RCP07184,Bangladeshi Rice Dishes Special 86,Bangladeshi,dinner,False,660,28,60,36,13,789,4.5,11.93
RCP07185,Shorshe Ilish,Bangladeshi,dinner,False,710,14,50,10,7,1285,2.16,9.24
RCP07186,Mishti Doi,Bangladeshi,morning_snack,True,658,14,31,10,5,602,2.52,8.65
RCP07187,Shorshe Ilish,Bangladeshi,dinner,False,324,22,76,16,10,1268,2.88,6.87
RCP07188,Mishti Doi,Bangladeshi,morning_snack,False,222,43,32,34,6,1451,2.88,23.94
RCP07189,Bangladeshi Rice Dishes Special 91,Bangladeshi,dinner,False,272,5,62,14,10,549,3.78,10.46
RCP07190,Chomchom,Bangladeshi,morning_snack,False,786,21,74,27,3,878,3.78,22.41
RCP07191,Pitha,Bangladeshi,breakfast,False,462,25,61,34,2,630,4.14,8.5
RCP07192,Mishti Doi,Bangladeshi,morning_snack,False,238,22,30,29,7,408,5.58,18.86
RCP07193,Chomchom,Bangladeshi,morning_snack,True,756,17,49,15,6,853,6.3,20.82
RCP07194,Bangladeshi Rice Dishes Special 96,Bangladeshi,dinner,False,756,48,60,23,2,1490,3.78,7.3
RCP07195,Bhuna Khichuri,Bangladeshi,dinner,False,534,18,33,18,10,1297,5.22,11.61
RCP07196,Kacchi Biryani,Bangladeshi,dinner,False,402,22,79,21,11,1260,4.5,16.47
RCP07197,Rezala,Bangladeshi,dinner,False,169,31,56,38,10,315,6.12,21.15
RCP07198,Kacchi Biryani,Bangladeshi,dinner,False,226,31,70,22,11,1223,3.96,10.19
RCP07199,Shorshe Ilish,Bangladeshi,dinner,False,671,27,51,31,4,1344,4.5,17.13
RCP07200,Bangladeshi Rice Dishes Special 102,Bangladeshi,dinner,True,698,11,45,22,4,384,1.8,3.62
RCP07201,Bhuna Khichuri,Bangladeshi,dinner,False,472,38,36,38,3,1237,6.12,9.71
RCP07202,Bangladeshi Rice Dishes Special 104,Bangladeshi,dinner,False,357,23,57,34,2,1059,5.76,8.12
RCP07203,Rezala,Bangladeshi,dinner,False,327,47,30,21,2,1290,2.16,12.2
RCP07204,Bangladeshi Rice Dishes Special 106,Bangladeshi,dinner,False,375,28,41,21,9,1043,6.84,9.77
RCP07205,Hilsa Fish Curry,Bangladeshi,dinner,False,182,25,33,15,14,1369,5.22,11.55
RCP07206,Hilsa Fish Curry,Bangladeshi,dinner,False,664,9,47,23,7,969,4.68,19.67
RCP07207,Rezala,Bangladeshi,dinner,False,752,26,59,36,5,1467,3.96,11.37
RCP07208,Mishti Doi,Bangladeshi,morning_snack,False,522,21,50,22,11,1266,3.06,12.22
RCP07209,Hilsa Fish Curry,Bangladeshi,dinner,False,318,48,42,39,8,987,5.58,2.64
RCP07210,Mishti Doi,Bangladeshi,morning_snack,True,556,17,48,29,14,1391,3.06,4.43
RCP07211,Chomchom,Bangladeshi,morning_snack,False,323,42,79,31,9,446,4.86,7.66
RCP07212,Bangladeshi Rice Dishes Special 114,Bangladeshi,dinner,False,640,30,78,36,13,965,2.7,18.43
RCP07213,Bangladeshi Rice Dishes Special 115,Bangladeshi,dinner,False,388,7,52,15,11,510,4.86,20.87
RCP07214,Rezala,Bangladeshi,dinner,False,303,10,65,14,14,327,6.48,21.49
RCP07215,Bangladeshi Rice Dishes Special 117,Bangladeshi,dinner,True,370,6,56,10,9,581,5.4,9.25
RCP07216,Rezala,Bangladeshi,dinner,False,713,17,76,17,8,871,2.88,3.79
RCP07217,Bangladeshi Rice Dishes Special 119,Bangladeshi,dinner,False,784,46,45,25,5,379,1.8,22.57
RCP07218,Bhuna Khichuri,Bangladeshi,dinner,False,545,46,63,31,9,1074,3.78,19.49
RCP07219,Mishti Doi,Bangladeshi,morning_snack,True,299,12,47,29,6,1106,2.16,15.4
RCP07220,Shorshe Ilish,Bangladeshi,dinner,False,284,41,47,38,12,579,6.84,18.81
RCP07221,Bangladeshi Rice Dishes Special 123,Bangladeshi,dinner,False,707,34,36,24,6,528,4.5,15.33
RCP07222,Bangladeshi Rice Dishes Special 124,Bangladeshi,dinner,False,679,31,63,23,11,627,4.14,24.82
RCP07223,Hilsa Fish Curry,Bangladeshi,dinner,False,726,24,57,27,11,1228,4.32,2.22
RCP07224,Hilsa Fish Curry,Bangladeshi,dinner,False,161,15,61,21,13,353,2.16,3.42
RCP07225,Kacchi Biryani,Bangladeshi,dinner,False,304,44,36,25,12,517,4.32,20.15
RCP07226,Pitha,Bangladeshi,breakfast,False,543,27,64,20,9,283,4.14,14.65
RCP07227,Shorshe Ilish,Bangladeshi,dinner,False,755,22,46,29,3,753,5.94,16.23
RCP07228,Kacchi Biryani,Bangladeshi,dinner,True,169,11,42,16,10,906,5.58,4.98
RCP07229,Mishti Doi,Bangladeshi,morning_snack,False,186,20,45,31,14,1112,2.7,17.02
RCP07230,Bangladeshi Rice Dishes Special 132,Bangladeshi,dinner,False,257,30,55,18,4,481,4.5,12.22
RCP07231,Pitha,Bangladeshi,breakfast,False,319,22,35,24,13,474,4.5,13.32
RCP07232,Shorshe Ilish,Bangladeshi,dinner,False,530,20,68,17,9,595,6.66,17.95
RCP07233,Shorshe Ilish,Bangladeshi,dinner,False,161,39,49,23,12,499,4.14,18.07
RCP07234,Hilsa Fish Curry,Bangladeshi,dinner,False,520,12,30,22,9,589,4.32,6.52
RCP07235,Rezala,Bangladeshi,dinner,False,434,44,38,20,8,327,4.68,22.37
RCP07236,Hilsa Fish Curry,Bangladeshi,dinner,False,325,32,67,21,12,1261,5.76,8.83
RCP07237,Bangladeshi Rice Dishes Special 139,Bangladeshi,dinner,False,447,22,68,23,6,831,6.66,19.14
RCP07238,Pitha,Bangladeshi,breakfast,False,234,46,59,31,11,852,3.24,2.64
RCP07239,Hilsa Fish Curry,Bangladeshi,dinner,False,566,16,54,14,11,586,1.8,20.45
RCP07240,Mishti Doi,Bangladeshi,morning_snack,False,667,38,61,16,8,270,5.76,17.42
RCP07241,Pitha,Bangladeshi,breakfast,False,568,27,35,17,10,1121,6.66,18.44
RCP07242,Hilsa Fish Curry,Bangladeshi,dinner,False,686,32,32,39,13,904,1.8,15.17
RCP07243,Hilsa Fish Curry,Bangladeshi,dinner,False,227,27,45,22,2,1419,4.14,9.28
RCP07244,Shorshe Ilish,Bangladeshi,dinner,False,232,32,39,28,7,755,3.24,22.62
RCP07245,Shorshe Ilish,Bangladeshi,dinner,False,615,14,49,26,11,240,5.04,10.81
RCP07246,Shorshe Ilish,Bangladeshi,dinner,False,290,37,35,33,12,663,1.8,24.71
RCP07247,Mishti Doi,Bangladeshi,morning_snack,False,670,22,70,38,2,911,3.06,19.88
RCP07248,Bangladeshi Rice Dishes Special 150,Bangladeshi,dinner,True,742,11,61,17,10,1062,4.14,21.35
RCP07249,Bangladeshi Rice Dishes Special 151,Bangladeshi,dinner,False,606,49,66,22,8,960,5.76,2.6
RCP07250,Rezala,Bangladeshi,dinner,False,753,34,31,30,5,491,3.24,10.01
RCP07251,Hilsa Fish Curry,Bangladeshi,dinner,False,721,6,37,19,12,774,5.58,24.77
RCP07252,Bhuna Khichuri,Bangladeshi,dinner,False,775,23,78,31,6,844,1.98,6.62
RCP07253,Bangladeshi Rice Dishes Special 155,Bangladeshi,dinner,False,692,43,74,21,12,333,7.02,21.47
RCP07254,Hilsa Fish Curry,Bangladeshi,dinner,False,410,21,76,19,3,779,3.42,3.88
RCP07255,Shorshe Ilish,Bangladeshi,dinner,False,503,45,45,31,4,1259,6.12,24.04
RCP07256,Bhuna Khichuri,Bangladeshi,dinner,True,481,11,73,20,5,578,2.34,9.09
RCP07257,Mishti Doi,Bangladeshi,morning_snack,False,188,46,72,32,7,507,7.02,24.35
RCP07258,Bangladeshi Rice Dishes Special 160,Bangladeshi,dinner,False,477,42,49,31,13,1028,3.42,7.07
RCP07259,Bangladeshi Rice Dishes Special 161,Bangladeshi,dinner,False,369,23,30,25,3,745,5.76,2.04
RCP07260,Bhuna Khichuri,Bangladeshi,dinner,False,780,39,46,39,11,204,7.02,9.61
RCP07261,Pitha,Bangladeshi,breakfast,False,769,47,79,28,5,1108,2.34,22.04
RCP07262,Bangladeshi Rice Dishes Special 164,Bangladeshi,dinner,False,745,17,79,13,14,1016,3.06,22.57
RCP07263,Bangladeshi Rice Dishes Special 165,Bangladeshi,dinner,False,778,29,71,35,2,492,4.32,24.18
RCP07264,Bangladeshi Rice Dishes Special 166,Bangladeshi,dinner,True,332,12,68,27,11,894,2.34,3.75
RCP07265,Pitha,Bangladeshi,breakfast,False,485,37,50,37,2,1121,6.66,16.96
RCP07266,Hilsa Fish Curry,Bangladeshi,dinner,False,314,32,42,37,9,1039,6.48,6.38
RCP07267,Bangladeshi Rice Dishes Special 169,Bangladeshi,dinner,False,691,46,42,26,12,1126,1.8,20.57
RCP07268,Bangladeshi Rice Dishes Special 170,Bangladeshi,dinner,False,395,43,51,23,14,888,5.94,23.71
RCP07269,Bangladeshi Rice Dishes Special 171,Bangladeshi,dinner,False,670,28,79,19,9,519,4.14,24.78
RCP07270,Hilsa Fish Curry,Bangladeshi,dinner,False,509,15,50,19,12,607,5.94,24.78
RCP07271,Rezala,Bangladeshi,dinner,False,478,22,74,31,8,1399,3.06,17.18
RCP07272,Bhuna Khichuri,Bangladeshi,dinner,False,342,39,31,31,12,1247,2.34,16.18
RCP07273,Hilsa Fish Curry,Bangladeshi,dinner,False,402,25,41,16,6,1175,4.32,22.65
RCP07274,Bangladeshi Rice Dishes Special 176,Bangladeshi,dinner,False,706,34,73,33,11,919,5.4,21.81
RCP07275,Rezala,Bangladeshi,dinner,False,178,30,65,20,8,602,4.14,13.77
RCP07276,Chomchom,Bangladeshi,morning_snack,False,373,19,74,14,10,233,4.14,17.29
RCP07277,Bangladeshi Rice Dishes Special 179,Bangladeshi,dinner,True,404,18,56,29,14,851,6.12,5.29
RCP07278,Hilsa Fish Curry,Bangladeshi,dinner,False,783,7,35,21,3,523,2.7,22.74
RCP07279,Chomchom,Bangladeshi,morning_snack,False,378,9,78,19,7,1080,3.6,10.91
RCP07280,Hilsa Fish Curry,Bangladeshi,dinner,False,202,38,43,26,10,320,3.78,11.4
RCP07281,Rezala,Bangladeshi,dinner,False,434,28,30,36,5,320,5.04,5.91
RCP07282,Bangladeshi Rice Dishes Special 184,Bangladeshi,dinner,False,519,7,74,29,8,332,3.42,16.88
RCP07283,Bangladeshi Rice Dishes Special 185,Bangladeshi,dinner,False,587,39,40,22,6,1415,3.78,11.81
RCP07284,Kacchi Biryani,Bangladeshi,dinner,False,307,42,75,17,4,1192,3.6,2.66
RCP07285,Shorshe Ilish,Bangladeshi,dinner,False,393,32,49,25,5,1375,5.22,9.88
RCP07286,Rezala,Bangladeshi,dinner,False,404,17,38,19,11,728,5.4,22.66
RCP07287,Bangladeshi Rice Dishes Special 189,Bangladeshi,dinner,False,303,12,76,20,14,841,2.7,15.93
RCP07288,Mishti Doi,Bangladeshi,morning_snack,False,749,49,45,15,5,739,5.94,24.09
RCP07289,Bangladeshi Rice Dishes Special 191,Bangladeshi,dinner,True,797,13,56,23,11,1212,3.78,24.22
RCP07290,Bangladeshi Rice Dishes Special 192,Bangladeshi,dinner,False,464,29,30,26,3,986,2.52,5.82
RCP07291,Kacchi Biryani,Bangladeshi,dinner,False,674,29,57,19,8,1206,6.3,10.23
RCP07292,Kacchi Biryani,Bangladeshi,dinner,False,367,18,43,10,5,574,4.5,10.12
RCP07293,Bangladeshi Rice Dishes Special 195,Bangladeshi,dinner,True,289,7,52,20,3,225,4.86,3.32
RCP07294,Bangladeshi Rice Dishes Special 196,Bangladeshi,dinner,False,522,33,31,34,14,1273,2.88,6.22
RCP07295,Rezala,Bangladeshi,dinner,False,668,24,48,29,6,834,5.4,17.32
RCP07296,Hilsa Fish Curry,Bangladeshi,dinner,False,463,38,38,35,4,569,4.86,3.78
RCP07297,Bangladeshi Rice Dishes Special 199,Bangladeshi,dinner,False,467,36,33,20,9,327,5.4,21.72
RCP07298,Bangladeshi Rice Dishes Special 200,Bangladeshi,dinner,True,155,16,71,13,8,1074,4.32,20.57
RCP07299,Bangladeshi Rice Dishes Special 201,Bangladeshi,dinner,False,565,32,76,19,11,752,2.88,21.83
RCP07300,Bangladeshi Rice Dishes Special 202,Bangladeshi,dinner,False,579,43,67,18,7,1290,4.86,4.28
RCP07301,Shorshe Ilish,Bangladeshi,dinner,False,525,15,60,14,3,1179,3.78,12.39
RCP07302,Pitha,Bangladeshi,breakfast,False,333,23,70,33,14,492,6.48,14.71
RCP07303,Bhuna Khichuri,Bangladeshi,dinner,True,272,14,72,13,12,1316,2.7,9.9
RCP07304,Mishti Doi,Bangladeshi,morning_snack,False,436,43,77,27,13,1030,3.96,10.48
RCP07305,Pitha,Bangladeshi,breakfast,False,245,28,74,25,5,1313,3.78,14.93
RCP07306,Bhuna Khichuri,Bangladeshi,dinner,False,192,21,34,38,5,614,2.16,8.84
RCP07307,Mishti Doi,Bangladeshi,morning_snack,False,307,30,34,22,2,1100,4.32,16.41
RCP07308,Chomchom,Bangladeshi,morning_snack,True,227,5,46,21,12,1267,2.52,11.78
RCP07309,Mishti Doi,Bangladeshi,morning_snack,False,227,49,45,17,9,1198,6.12,10.11
RCP07310,Rezala,Bangladeshi,dinner,False,697,37,73,19,9,624,5.04,10.49
RCP07311,Bangladeshi Rice Dishes Special 213,Bangladeshi,dinner,True,214,6,46,27,7,974,5.58,13.18
RCP07312,Rezala,Bangladeshi,dinner,False,413,25,61,36,4,1060,3.42,2.31
RCP07313,Kacchi Biryani,Bangladeshi,dinner,False,563,43,51,20,8,894,6.66,5.04
RCP07314,Bhuna Khichuri,Bangladeshi,dinner,False,343,38,53,36,11,537,3.42,18.46
RCP07315,Mishti Doi,Bangladeshi,morning_snack,False,701,33,43,26,12,1046,2.7,6.73
RCP07316,Shorshe Ilish,Bangladeshi,dinner,False,389,10,52,23,8,1363,5.58,15.19
RCP07317,Bangladeshi Rice Dishes Special 219,Bangladeshi,dinner,False,156,48,44,38,14,1002,7.02,8.44
RCP07318,Bangladeshi Rice Dishes Special 220,Bangladeshi,dinner,False,416,48,73,22,8,560,5.22,7.63
RCP07319,Bangladeshi Rice Dishes Special 221,Bangladeshi,dinner,True,285,18,33,25,7,750,4.68,22.99
RCP07320,Shorshe Ilish,Bangladeshi,dinner,False,314,25,70,32,10,392,4.32,2.0
RCP07321,Rezala,Bangladeshi,dinner,False,334,24,50,21,8,1009,4.32,22.91
RCP07322,Rezala,Bangladeshi,dinner,False,262,27,47,28,9,1088,1.8,21.45
RCP07323,Bangladeshi Rice Dishes Special 225,Bangladeshi,dinner,False,200,40,69,38,6,1050,1.8,11.45
RCP07324,Rezala,Bangladeshi,dinner,False,561,44,33,39,2,1341,4.14,20.0
RCP07325,Mishti Doi,Bangladeshi,morning_snack,False,796,39,38,15,2,1235,2.88,16.5
RCP07326,Mishti Doi,Bangladeshi,morning_snack,True,704,6,68,28,9,305,3.06,7.19
RCP07327,Mishti Doi,Bangladeshi,morning_snack,False,269,13,32,29,10,909,6.3,24.35
RCP07328,Pitha,Bangladeshi,breakfast,False,463,33,35,21,12,1294,2.7,12.99
RCP07329,Bangladeshi Rice Dishes Special 231,Bangladeshi,dinner,False,520,36,50,39,13,985,4.14,20.28
RCP07330,Bangladeshi Rice Dishes Special 232,Bangladeshi,dinner,False,672,45,62,27,14,954,2.52,8.01
RCP07331,Shorshe Ilish,Bangladeshi,dinner,False,156,42,69,29,11,1280,5.04,13.21
RCP07332,Pitha,Bangladeshi,breakfast,False,799,42,68,20,8,987,5.76,15.33
RCP07333,Hilsa Fish Curry,Bangladeshi,dinner,False,235,23,40,35,2,1475,4.86,9.68
RCP07334,Shorshe Ilish,Bangladeshi,dinner,False,722,16,40,16,2,836,1.8,2.38
RCP07335,Hilsa Fish Curry,Bangladeshi,dinner,False,671,10,73,17,10,1054,4.68,7.48
RCP07336,Kacchi Biryani,Bangladeshi,dinner,False,206,24,79,28,8,1308,3.6,10.04
RCP07337,Bangladeshi Rice Dishes Special 239,Bangladeshi,dinner,False,324,26,68,24,12,1193,5.4,13.07
RCP07338,Pitha,Bangladeshi,breakfast,False,618,47,30,33,6,1211,5.76,11.27
RCP07339,Hilsa Fish Curry,Bangladeshi,dinner,False,286,48,42,30,13,1178,4.86,16.66
RCP07340,Pitha,Bangladeshi,breakfast,True,333,18,68,11,14,1450,6.12,24.78
RCP07341,Bangladeshi Rice Dishes Special 243,Bangladeshi,dinner,True,500,17,69,16,5,797,3.78,15.59
RCP07342,Bangladeshi Rice Dishes Special 244,Bangladeshi,dinner,True,560,17,40,26,3,244,5.94,21.67
RCP07343,Pitha,Bangladeshi,breakfast,False,255,41,44,26,5,572,5.4,8.7
RCP07344,Hilsa Fish Curry,Bangladeshi,dinner,False,708,21,36,36,4,454,2.52,16.59
RCP07345,Bangladeshi Rice Dishes Special 247,Bangladeshi,dinner,False,158,12,31,17,2,264,2.7,5.82
RCP07346,Mishti Doi,Bangladeshi,morning_snack,True,193,12,52,19,5,1479,6.84,16.44
RCP07347,Shorshe Ilish,Bangladeshi,dinner,False,510,15,75,19,14,709,6.84,4.51
RCP07348,Mishti Doi,Bangladeshi,morning_snack,False,344,48,40,30,9,1482,5.58,14.35
RCP07349,Kacchi Biryani,Bangladeshi,dinner,True,458,9,47,18,11,597,6.3,6.48
RCP07350,Bangladeshi Rice Dishes Special 252,Bangladeshi,dinner,False,653,35,65,22,6,1011,1.98,17.72
RCP07351,Bangladeshi Rice Dishes Special 253,Bangladeshi,dinner,False,704,11,57,29,2,269,2.16,12.33
RCP07352,Pitha,Bangladeshi,breakfast,False,686,24,55,32,4,1248,2.34,14.88
RCP07353,Mishti Doi,Bangladeshi,morning_snack,False,560,25,45,35,5,400,2.52,19.14
RCP07354,Rezala,Bangladeshi,dinner,False,693,34,36,22,9,759,5.94,10.73
RCP07355,Chomchom,Bangladeshi,morning_snack,False,231,31,59,28,2,300,4.5,23.43
RCP07356,Chomchom,Bangladeshi,morning_snack,True,726,8,67,19,13,550,4.68,11.68
RCP07357,Pitha,Bangladeshi,breakfast,False,265,35,49,33,13,1136,5.76,22.21
RCP07358,Pitha,Bangladeshi,breakfast,False,198,35,30,36,12,267,3.78,19.2
RCP07359,Shorshe Ilish,Bangladeshi,dinner,False,421,34,68,35,5,1483,1.8,5.75
RCP07360,Bangladeshi Rice Dishes Special 262,Bangladeshi,dinner,False,433,46,44,20,13,822,5.04,20.01
RCP07361,Rezala,Bangladeshi,dinner,False,716,12,47,14,12,712,1.8,20.27
RCP07362,Mishti Doi,Bangladeshi,morning_snack,False,332,45,55,15,8,1462,6.3,15.56
RCP07363,Bhuna Khichuri,Bangladeshi,dinner,False,382,43,33,31,6,752,6.48,12.09
RCP07364,Bangladeshi Rice Dishes Special 266,Bangladeshi,dinner,True,465,6,74,14,5,828,6.3,6.5
RCP07365,Hilsa Fish Curry,Bangladeshi,dinner,False,245,21,54,16,4,331,7.02,4.97
RCP07366,Shorshe Ilish,Bangladeshi,dinner,False,537,24,47,20,14,461,3.06,19.1
RCP07367,Mishti Doi,Bangladeshi,morning_snack,False,469,23,43,23,13,623,6.48,3.39
RCP07368,Mishti Doi,Bangladeshi,morning_snack,False,724,38,36,38,13,1476,2.16,16.77
RCP07369,Pitha,Bangladeshi,breakfast,False,705,27,47,26,12,1028,5.4,15.29
RCP07370,Rezala,Bangladeshi,dinner,False,600,45,67,33,3,975,5.04,6.8
RCP07371,Rezala,Bangladeshi,dinner,False,443,37,66,23,11,516,3.06,12.59
RCP07372,Bangladeshi Rice Dishes Special 274,Bangladeshi,dinner,False,459,33,42,18,3,527,2.88,11.08
RCP07373,Shorshe Ilish,Bangladeshi,dinner,False,721,27,79,17,5,632,3.24,3.12
RCP07374,Mishti Doi,Bangladeshi,morning_snack,False,627,25,35,22,13,1141,6.48,2.53
RCP07375,Rezala,Bangladeshi,dinner,False,336,24,39,37,11,739,3.78,2.95
RCP07376,Bhuna Khichuri,Bangladeshi,dinner,False,431,6,73,13,3,849,5.4,21.35
RCP07377,Rezala,Bangladeshi,dinner,False,623,12,60,24,4,998,4.32,24.41
RCP07378,Pitha,Bangladeshi,breakfast,False,339,29,73,30,5,512,1.98,7.89
RCP07379,Hilsa Fish Curry,Bangladeshi,dinner,False,775,40,36,39,8,660,2.16,4.63
RCP07380,Bangladeshi Rice Dishes Special 282,Bangladeshi,dinner,False,281,36,45,23,3,442,2.52,12.98
RCP07381,Kacchi Biryani,Bangladeshi,dinner,False,651,34,63,18,6,565,6.84,6.18
RCP07382,Shorshe Ilish,Bangladeshi,dinner,False,632,46,45,38,9,545,5.76,12.33
RCP07383,Pitha,Bangladeshi,breakfast,False,512,26,67,17,9,655,1.8,14.43
RCP07384,Pitha,Bangladeshi,breakfast,False,317,41,31,36,2,1412,5.22,11.53
RCP07385,Kacchi Biryani,Bangladeshi,dinner,False,293,20,38,21,12,619,4.5,3.6
RCP07386,Bangladeshi Rice Dishes Special 288,Bangladeshi,dinner,False,724,23,73,31,3,1002,6.66,11.5
RCP07387,Shorshe Ilish,Bangladeshi,dinner,False,268,14,37,22,11,1479,5.76,18.57
RCP07388,Kacchi Biryani,Bangladeshi,dinner,True,614,9,62,14,9,1347,6.84,14.09
RCP07389,Bangladeshi Rice Dishes Special 291,Bangladeshi,dinner,False,586,45,62,33,3,859,4.86,4.88
RCP07390,Rezala,Bangladeshi,dinner,False,555,11,31,16,14,448,2.34,22.58
RCP07391,Bhuna Khichuri,Bangladeshi,dinner,False,291,30,41,34,11,700,2.34,19.36
RCP07392,Chomchom,Bangladeshi,morning_snack,False,156,32,69,37,9,616,4.14,18.02
RCP07393,Bhuna Khichuri,Bangladeshi,dinner,True,522,10,64,15,12,1088,7.02,5.5
RCP07394,Bhuna Khichuri,Bangladeshi,dinner,False,513,24,65,35,12,712,2.88,20.15
RCP07395,Pitha,Bangladeshi,breakfast,True,629,16,32,12,4,1465,3.96,24.34
RCP07396,Bhuna Khichuri,Bangladeshi,dinner,False,324,7,51,13,2,1465,2.88,7.65
RCP07397,Rezala,Bangladeshi,dinner,False,153,21,79,37,3,647,1.8,21.26
RCP07398,Chomchom,Bangladeshi,morning_snack,False,746,35,49,33,13,599,3.6,3.55
RCP07399,Bangladeshi Desserts Special 1,Bangladeshi,morning_snack,False,285,25,58,32,13,1305,2.16,10.1
RCP07400,Bangladeshi Desserts Special 2,Bangladeshi,morning_snack,False,413,8,33,13,3,615,3.42,11.5
RCP07401,Bangladeshi Desserts Special 3,Bangladeshi,morning_snack,False,685,35,31,17,14,518,6.3,23.31
RCP07402,Bangladeshi Desserts Special 4,Bangladeshi,morning_snack,False,674,34,71,30,9,249,3.78,23.61
RCP07403,Chomchom,Bangladeshi,morning_snack,False,301,33,32,26,8,503,5.04,16.08
RCP07404,Bangladeshi Desserts Special 6,Bangladeshi,morning_snack,False,529,36,79,35,2,1265,5.94,7.79
RCP07405,Bhuna Khichuri,Bangladeshi,dinner,False,253,30,37,32,13,1009,6.84,14.06
RCP07406,Bangladeshi Desserts Special 8,Bangladeshi,morning_snack,True,736,7,64,29,7,753,3.24,6.48
RCP07407,Bhuna Khichuri,Bangladeshi,dinner,False,598,42,40,20,5,785,2.52,6.77
RCP07408,Hilsa Fish Curry,Bangladeshi,dinner,False,701,44,33,18,4,605,2.16,16.95
RCP07409,Bangladeshi Desserts Special 11,Bangladeshi,morning_snack,False,411,25,30,26,13,609,3.6,13.12
RCP07410,Bangladeshi Desserts Special 12,Bangladeshi,morning_snack,False,447,11,52,26,3,1018,6.66,16.88
RCP07411,Bangladeshi Desserts Special 13,Bangladeshi,morning_snack,False,541,26,38,31,7,425,6.12,7.13
RCP07412,Kacchi Biryani,Bangladeshi,dinner,False,265,41,56,19,9,575,3.42,13.79
RCP07413,Bangladeshi Desserts Special 15,Bangladeshi,morning_snack,False,389,48,78,15,9,1180,3.6,17.76
RCP07414,Mishti Doi,Bangladeshi,morning_snack,True,175,19,54,12,6,1150,6.66,10.79
RCP07415,Bhuna Khichuri,Bangladeshi,dinner,False,717,37,62,39,7,597,4.14,8.89
RCP07416,Bangladeshi Desserts Special 18,Bangladeshi,morning_snack,False,497,8,78,29,6,451,5.22,20.8
RCP07417,Bhuna Khichuri,Bangladeshi,dinner,True,780,19,68,16,2,531,7.02,6.62
RCP07418,Kacchi Biryani,Bangladeshi,dinner,False,771,45,62,30,5,900,2.52,13.07
RCP07419,Rezala,Bangladeshi,dinner,False,714,43,44,38,13,1352,6.66,6.34
RCP07420,Mishti Doi,Bangladeshi,morning_snack,True,170,9,60,14,3,641,6.48,22.09
RCP07421,Rezala,Bangladeshi,dinner,False,691,45,74,17,4,368,6.84,22.76
RCP07422,Mishti Doi,Bangladeshi,morning_snack,False,405,22,57,31,13,899,2.52,8.27
RCP07423,Bangladeshi Desserts Special 25,Bangladeshi,morning_snack,False,603,27,73,24,2,203,4.5,11.08
RCP07424,Shorshe Ilish,Bangladeshi,dinner,False,655,26,56,29,10,212,1.8,24.28
RCP07425,Chomchom,Bangladeshi,morning_snack,False,253,41,51,25,3,1018,5.4,7.05
RCP07426,Bhuna Khichuri,Bangladeshi,dinner,False,272,21,69,38,7,373,2.34,18.44
RCP07427,Rezala,Bangladeshi,dinner,False,749,41,36,39,9,739,5.4,23.87
RCP07428,Mishti Doi,Bangladeshi,morning_snack,False,776,46,52,37,3,1232,1.8,9.48
RCP07429,Bangladeshi Desserts Special 31,Bangladeshi,morning_snack,True,769,18,59,20,7,1336,3.6,16.93
RCP07430,Pitha,Bangladeshi,breakfast,True,413,5,30,22,4,1420,2.34,16.12
RCP07431,Bangladeshi Desserts Special 33,Bangladeshi,morning_snack,False,232,29,46,15,11,1301,3.24,20.52
RCP07432,Bangladeshi Desserts Special 34,Bangladeshi,morning_snack,False,601,33,65,20,13,1025,2.52,3.56
RCP07433,Rezala,Bangladeshi,dinner,False,438,41,33,33,2,597,7.02,9.54
RCP07434,Bangladeshi Desserts Special 36,Bangladeshi,morning_snack,False,468,10,64,23,7,388,2.16,13.46
RCP07435,Hilsa Fish Curry,Bangladeshi,dinner,False,617,26,45,29,8,1061,6.12,21.8
RCP07436,Shorshe Ilish,Bangladeshi,dinner,False,435,39,41,29,9,208,3.24,2.19
RCP07437,Bangladeshi Desserts Special 39,Bangladeshi,morning_snack,True,547,5,53,16,13,784,3.78,6.57
RCP07438,Bhuna Khichuri,Bangladeshi,dinner,False,658,36,70,27,3,1345,4.14,14.85
RCP07439,Mishti Doi,Bangladeshi,morning_snack,False,467,29,59,17,6,539,7.02,20.9
RCP07440,Shorshe Ilish,Bangladeshi,dinner,False,728,33,47,38,2,1356,4.32,12.29
RCP07441,Rezala,Bangladeshi,dinner,False,614,21,68,16,5,1311,5.76,4.86
RCP07442,Rezala,Bangladeshi,dinner,False,182,16,70,16,2,1145,6.3,15.11
RCP07443,Kacchi Biryani,Bangladeshi,dinner,False,786,18,34,29,10,623,6.66,22.85
RCP07444,Mishti Doi,Bangladeshi,morning_snack,True,551,14,32,19,11,1181,5.58,14.73
RCP07445,Pitha,Bangladeshi,breakfast,False,270,32,76,38,5,954,2.7,23.0
RCP07446,Hilsa Fish Curry,Bangladeshi,dinner,False,661,34,53,18,13,481,4.32,19.45
RCP07447,Chomchom,Bangladeshi,morning_snack,False,296,48,75,16,10,746,3.42,22.64
RCP07448,Kacchi Biryani,Bangladeshi,dinner,True,741,15,78,17,2,341,2.52,14.82
RCP07449,Hilsa Fish Curry,Bangladeshi,dinner,False,770,36,48,28,11,979,3.06,16.2
RCP07450,Hilsa Fish Curry,Bangladeshi,dinner,False,417,8,73,21,12,481,4.86,9.34
RCP07451,Kacchi Biryani,Bangladeshi,dinner,True,396,15,48,27,13,601,1.98,14.23
RCP07452,Bhuna Khichuri,Bangladeshi,dinner,False,594,41,34,21,8,1122,1.98,9.43
RCP07453,Mishti Doi,Bangladeshi,morning_snack,False,405,42,68,19,10,939,2.88,21.81
RCP07454,Rezala,Bangladeshi,dinner,False,323,24,76,25,12,1457,6.84,15.92
RCP07455,Kacchi Biryani,Bangladeshi,dinner,False,292,30,42,24,6,1365,6.66,19.74
RCP07456,Bangladeshi Desserts Special 58,Bangladeshi,morning_snack,False,449,48,70,39,14,1396,1.98,22.19
RCP07457,Bhuna Khichuri,Bangladeshi,dinner,True,525,6,31,24,11,701,4.86,2.02
RCP07458,Mishti Doi,Bangladeshi,morning_snack,False,500,43,68,27,6,391,6.3,13.81
RCP07459,Rezala,Bangladeshi,dinner,False,401,30,60,22,9,1388,7.02,14.61
RCP07460,Rezala,Bangladeshi,dinner,False,330,43,62,34,7,482,3.78,13.82
RCP07461,Chomchom,Bangladeshi,morning_snack,False,189,22,46,28,9,458,6.84,23.17
RCP07462,Hilsa Fish Curry,Bangladeshi,dinner,False,619,47,37,26,11,917,6.84,4.27
RCP07463,Bangladeshi Desserts Special 65,Bangladeshi,morning_snack,False,359,32,79,39,8,1061,3.96,19.91
RCP07464,Bhuna Khichuri,Bangladeshi,dinner,False,335,44,37,19,4,1392,5.4,19.32
RCP07465,Chomchom,Bangladeshi,morning_snack,False,291,10,66,18,4,850,5.04,17.15
RCP07466,Mishti Doi,Bangladeshi,morning_snack,False,211,22,48,19,9,295,1.98,14.13
RCP07467,Bangladeshi Desserts Special 69,Bangladeshi,morning_snack,False,428,30,54,26,8,885,2.52,3.78
RCP07468,Rezala,Bangladeshi,dinner,False,559,43,72,21,14,718,2.34,12.11
RCP07469,Bangladeshi Desserts Special 71,Bangladeshi,morning_snack,False,236,25,48,21,13,865,3.24,21.19
RCP07470,Shorshe Ilish,Bangladeshi,dinner,False,433,6,55,26,5,1086,3.78,8.45
RCP07471,Shorshe Ilish,Bangladeshi,dinner,False,680,6,37,11,11,777,4.68,6.98
RCP07472,Shorshe Ilish,Bangladeshi,dinner,False,349,30,30,38,9,247,4.32,12.35
RCP07473,Bangladeshi Desserts Special 75,Bangladeshi,morning_snack,True,159,11,70,17,6,874,1.98,6.76
RCP07474,Pitha,Bangladeshi,breakfast,False,204,48,45,17,10,277,3.6,10.92
RCP07475,Chomchom,Bangladeshi,morning_snack,False,749,23,57,22,2,971,2.7,7.89
RCP07476,Bhuna Khichuri,Bangladeshi,dinner,False,426,33,61,21,11,1124,3.06,16.73
RCP07477,Shorshe Ilish,Bangladeshi,dinner,False,779,20,69,31,3,866,5.22,3.49
RCP07478,Bangladeshi Desserts Special 80,Bangladeshi,morning_snack,True,321,5,76,15,11,1444,2.88,2.18
RCP07479,Bangladeshi Desserts Special 81,Bangladeshi,morning_snack,False,694,28,35,30,5,628,6.3,23.44
RCP07480,Bangladeshi Desserts Special 82,Bangladeshi,morning_snack,False,219,34,37,16,7,282,5.4,7.82
RCP07481,Bhuna Khichuri,Bangladeshi,dinner,False,343,20,48,19,2,528,6.84,8.44
RCP07482,Kacchi Biryani,Bangladeshi,dinner,False,338,20,70,16,14,568,3.42,22.35
RCP07483,Bhuna Khichuri,Bangladeshi,dinner,False,159,36,68,33,2,690,3.6,20.88
RCP07484,Rezala,Bangladeshi,dinner,False,780,13,67,20,4,1297,3.24,7.52
RCP07485,Bangladeshi Desserts Special 87,Bangladeshi,morning_snack,False,756,24,44,33,13,1126,5.4,5.85
RCP07486,Bangladeshi Desserts Special 88,Bangladeshi,morning_snack,False,563,44,77,36,6,649,4.68,3.85
RCP07487,Pitha,Bangladeshi,breakfast,True,193,8,52,14,5,229,1.8,4.99
RCP07488,Hilsa Fish Curry,Bangladeshi,dinner,False,310,14,59,15,14,367,2.16,21.7
RCP07489,Shorshe Ilish,Bangladeshi,dinner,False,623,42,49,28,6,492,2.16,16.97
RCP07490,Hilsa Fish Curry,Bangladeshi,dinner,False,691,40,31,19,2,866,6.66,16.2
RCP07491,Mishti Doi,Bangladeshi,morning_snack,False,726,34,48,31,13,1178,6.12,15.43
RCP07492,Chomchom,Bangladeshi,morning_snack,False,320,5,39,19,11,866,6.48,17.28
RCP07493,Bangladeshi Desserts Special 95,Bangladeshi,morning_snack,False,203,38,55,31,5,925,5.22,11.96
RCP07494,Kacchi Biryani,Bangladeshi,dinner,False,786,38,50,36,5,956,4.14,17.27
RCP07495,Chomchom,Bangladeshi,morning_snack,False,323,10,66,10,6,201,2.16,17.42
RCP07496,Bangladeshi Desserts Special 98,Bangladeshi,morning_snack,True,341,8,57,19,9,563,4.86,20.2
RCP07497,Bangladeshi Desserts Special 99,Bangladeshi,morning_snack,True,638,8,39,10,6,983,4.32,12.4
RCP07498,Pitha,Bangladeshi,breakfast,False,799,31,72,29,8,543,4.86,11.07
RCP07499,Bangladeshi Desserts Special 101,Bangladeshi,morning_snack,True,571,5,71,25,12,1471,3.96,3.55
RCP07500,Shorshe Ilish,Bangladeshi,dinner,False,284,8,55,11,6,1332,6.48,8.69
RCP07501,Hilsa Fish Curry,Bangladeshi,dinner,False,155,49,52,32,2,903,2.7,19.83
RCP07502,Pitha,Bangladeshi,breakfast,False,706,21,78,24,11,721,1.98,8.83
RCP07503,Pitha,Bangladeshi,breakfast,False,405,33,30,39,2,765,6.3,9.14
RCP07504,Bangladeshi Desserts Special 106,Bangladeshi,morning_snack,False,619,25,35,26,3,1439,3.42,18.58
RCP07505,Hilsa Fish Curry,Bangladeshi,dinner,False,253,6,54,28,3,572,4.32,21.16
RCP07506,Kacchi Biryani,Bangladeshi,dinner,False,294,43,51,23,10,1004,2.88,24.41
RCP07507,Pitha,Bangladeshi,breakfast,True,320,9,49,21,4,428,6.48,22.77
RCP07508,Bhuna Khichuri,Bangladeshi,dinner,False,319,34,39,21,14,723,2.7,18.66
RCP07509,Bangladeshi Desserts Special 111,Bangladeshi,morning_snack,False,197,48,71,29,4,459,6.48,18.38
RCP07510,Shorshe Ilish,Bangladeshi,dinner,False,612,43,33,17,2,629,6.12,5.73
RCP07511,Shorshe Ilish,Bangladeshi,dinner,False,708,39,71,26,6,326,4.68,24.99
RCP07512,Mishti Doi,Bangladeshi,morning_snack,False,232,47,74,32,6,456,4.5,15.06
RCP07513,Pitha,Bangladeshi,breakfast,False,352,37,79,35,12,1001,4.5,20.57
RCP07514,Mishti Doi,Bangladeshi,morning_snack,False,351,23,31,38,10,1328,5.04,20.88
RCP07515,Chomchom,Bangladeshi,morning_snack,True,695,14,40,21,13,1032,5.94,21.37
RCP07516,Bangladeshi Desserts Special 118,Bangladeshi,morning_snack,False,350,33,40,16,5,407,2.34,4.15
RCP07517,Rezala,Bangladeshi,dinner,False,523,11,64,14,10,1226,5.94,22.89
RCP07518,Bangladeshi Desserts Special 120,Bangladeshi,morning_snack,False,750,31,73,24,14,1277,4.14,8.48
RCP07519,Chomchom,Bangladeshi,morning_snack,False,165,32,39,35,12,805,2.88,22.27
RCP07520,Shorshe Ilish,Bangladeshi,dinner,False,380,33,59,37,5,1351,3.24,11.83
RCP07521,Chomchom,Bangladeshi,morning_snack,False,244,39,57,17,2,1339,5.76,11.67
RCP07522,Chomchom,Bangladeshi,morning_snack,False,731,35,49,19,14,1255,2.88,17.8
RCP07523,Pitha,Bangladeshi,breakfast,False,246,45,62,17,5,508,2.16,10.89
RCP07524,Chomchom,Bangladeshi,morning_snack,False,345,30,56,38,9,206,5.04,24.85
RCP07525,Pitha,Bangladeshi,breakfast,True,209,8,63,20,11,518,2.52,4.61
RCP07526,Bangladeshi Desserts Special 128,Bangladeshi,morning_snack,False,799,22,52,29,11,483,1.98,14.38
RCP07527,Bangladeshi Desserts Special 129,Bangladeshi,morning_snack,True,408,14,41,20,10,979,2.88,14.28
RCP07528,Bhuna Khichuri,Bangladeshi,dinner,False,513,36,66,23,10,1113,2.88,20.24
RCP07529,Hilsa Fish Curry,Bangladeshi,dinner,False,401,27,78,30,13,1054,4.14,8.44
RCP07530,Pitha,Bangladeshi,breakfast,False,457,48,61,39,5,565,3.6,18.58
RCP07531,Shorshe Ilish,Bangladeshi,dinner,False,770,35,63,35,6,757,1.98,8.03
RCP07532,Shorshe Ilish,Bangladeshi,dinner,False,276,43,47,23,5,556,6.48,9.21
RCP07533,Pitha,Bangladeshi,breakfast,False,306,17,41,17,6,527,2.88,2.12
RCP07534,Bhuna Khichuri,Bangladeshi,dinner,False,736,35,44,18,4,909,2.7,7.89
RCP07535,Bangladeshi Desserts Special 137,Bangladeshi,morning_snack,False,550,14,51,17,11,593,2.16,18.13
RCP07536,Bhuna Khichuri,Bangladeshi,dinner,True,265,10,70,23,10,452,7.02,17.02
RCP07537,Pitha,Bangladeshi,breakfast,False,707,37,68,15,2,752,3.42,16.49
RCP07538,Shorshe Ilish,Bangladeshi,dinner,False,205,41,66,37,2,1189,3.96,7.65
RCP07539,Bhuna Khichuri,Bangladeshi,dinner,False,184,28,55,20,5,375,3.42,10.8
RCP07540,Chomchom,Bangladeshi,morning_snack,False,277,39,39,31,12,484,2.34,24.77
RCP07541,Bhuna Khichuri,Bangladeshi,dinner,False,418,44,30,39,3,773,4.14,2.54
RCP07542,Rezala,Bangladeshi,dinner,False,234,30,54,30,3,751,1.8,12.21
RCP07543,Shorshe Ilish,Bangladeshi,dinner,False,666,31,78,26,9,1470,5.58,19.1
RCP07544,Bhuna Khichuri,Bangladeshi,dinner,False,597,15,60,25,5,933,4.68,24.84
RCP07545,Shorshe Ilish,Bangladeshi,dinner,False,751,15,36,22,12,461,3.42,11.03
RCP07546,Shorshe Ilish,Bangladeshi,dinner,False,624,12,39,13,9,1308,4.5,7.02
RCP07547,Pitha,Bangladeshi,breakfast,False,639,32,55,36,8,1044,4.14,8.56
RCP07548,Mishti Doi,Bangladeshi,morning_snack,False,462,24,73,33,3,400,6.3,18.45
RCP07549,Shorshe Ilish,Bangladeshi,dinner,False,548,32,30,38,7,769,5.22,20.38
RCP07550,Bangladeshi Desserts Special 152,Bangladeshi,morning_snack,False,769,41,30,34,5,938,2.7,17.24
RCP07551,Shorshe Ilish,Bangladeshi,dinner,False,731,5,39,11,5,323,4.32,22.46
RCP07552,Pitha,Bangladeshi,breakfast,False,316,44,66,27,11,489,5.94,18.81
RCP07553,Bangladeshi Desserts Special 155,Bangladeshi,morning_snack,True,459,16,34,15,6,865,5.58,11.29
RCP07554,Bhuna Khichuri,Bangladeshi,dinner,False,431,36,48,32,12,442,5.04,11.08
RCP07555,Bhuna Khichuri,Bangladeshi,dinner,False,742,27,56,17,13,793,2.16,20.54
RCP07556,Bangladeshi Desserts Special 158,Bangladeshi,morning_snack,False,578,36,62,25,8,698,5.76,8.75
RCP07557,Chomchom,Bangladeshi,morning_snack,False,778,28,51,28,6,379,5.22,23.6
RCP07558,Kacchi Biryani,Bangladeshi,dinner,False,542,45,52,29,13,1332,3.96,5.5
RCP07559,Bangladeshi Desserts Special 161,Bangladeshi,morning_snack,False,684,38,53,29,14,901,5.22,24.0
RCP07560,Bangladeshi Desserts Special 162,Bangladeshi,morning_snack,False,592,24,56,15,7,1037,3.78,17.6
RCP07561,Hilsa Fish Curry,Bangladeshi,dinner,False,276,44,61,34,6,436,4.86,12.96
RCP07562,Hilsa Fish Curry,Bangladeshi,dinner,False,224,20,61,33,10,1180,1.98,9.3
RCP07563,Bangladeshi Desserts Special 165,Bangladeshi,morning_snack,False,486,33,64,27,8,688,1.98,18.78
RCP07564,Bangladeshi Desserts Special 166,Bangladeshi,morning_snack,False,699,31,51,20,12,538,2.16,24.53
RCP07565,Shorshe Ilish,Bangladeshi,dinner,False,465,39,35,32,2,830,6.3,18.02
RCP07566,Chomchom,Bangladeshi,morning_snack,True,539,8,50,11,5,559,6.66,24.41
RCP07567,Pitha,Bangladeshi,breakfast,False,159,34,67,30,9,1103,6.84,5.15
RCP07568,Pitha,Bangladeshi,breakfast,False,162,46,39,29,12,996,5.22,19.54
RCP07569,Bangladeshi Desserts Special 171,Bangladeshi,morning_snack,False,651,8,75,13,4,253,2.34,21.75
RCP07570,Mishti Doi,Bangladeshi,morning_snack,False,793,21,65,17,9,204,3.78,5.52
RCP07571,Bangladeshi Desserts Special 173,Bangladeshi,morning_snack,False,581,48,78,33,5,464,6.48,8.54
RCP07572,Bangladeshi Desserts Special 174,Bangladeshi,morning_snack,False,650,8,39,15,9,478,6.84,21.75
RCP07573,Chomchom,Bangladeshi,morning_snack,False,340,9,45,16,13,1094,2.7,4.59
RCP07574,Pitha,Bangladeshi,breakfast,False,625,26,78,15,5,484,2.52,4.57
RCP07575,Shorshe Ilish,Bangladeshi,dinner,False,446,39,58,22,6,1012,3.06,2.43
RCP07576,Rezala,Bangladeshi,dinner,False,609,23,38,21,8,228,2.34,5.6
RCP07577,Bangladeshi Desserts Special 179,Bangladeshi,morning_snack,True,494,19,62,15,14,731,6.12,13.4
RCP07578,Bangladeshi Desserts Special 180,Bangladeshi,morning_snack,False,546,37,61,26,2,960,5.76,14.93
RCP07579,Rezala,Bangladeshi,dinner,False,162,32,41,37,6,1371,5.4,21.91
RCP07580,Bangladeshi Desserts Special 182,Bangladeshi,morning_snack,False,449,36,64,35,3,1120,3.42,7.15
RCP07581,Bangladeshi Desserts Special 183,Bangladeshi,morning_snack,False,577,32,33,26,3,494,5.4,18.69
RCP07582,Mishti Doi,Bangladeshi,morning_snack,False,239,29,47,27,5,954,3.96,7.11
RCP07583,Bhuna Khichuri,Bangladeshi,dinner,True,547,16,50,28,4,227,5.76,2.31
RCP07584,Bangladeshi Desserts Special 186,Bangladeshi,morning_snack,False,312,39,76,26,9,411,3.96,19.11
RCP07585,Bangladeshi Desserts Special 187,Bangladeshi,morning_snack,False,463,47,59,39,14,536,5.94,23.36
RCP07586,Pitha,Bangladeshi,breakfast,False,509,46,48,18,7,645,5.4,10.61
RCP07587,Rezala,Bangladeshi,dinner,False,366,36,62,24,14,999,2.52,15.08
RCP07588,Pitha,Bangladeshi,breakfast,False,466,33,59,22,2,671,3.42,16.41
RCP07589,Mishti Doi,Bangladeshi,morning_snack,True,586,5,64,15,2,1327,6.48,22.08
RCP07590,Bangladeshi Desserts Special 192,Bangladeshi,morning_snack,False,703,48,55,35,13,672,6.84,3.44
RCP07591,Bangladeshi Desserts Special 193,Bangladeshi,morning_snack,False,395,42,40,33,4,908,4.86,23.8
RCP07592,Hilsa Fish Curry,Bangladeshi,dinner,False,154,29,65,27,7,900,3.42,3.15
RCP07593,Kacchi Biryani,Bangladeshi,dinner,False,501,21,50,33,8,356,6.12,12.18
RCP07594,Bangladeshi Desserts Special 196,Bangladeshi,morning_snack,True,531,13,48,21,11,800,2.88,8.03
RCP07595,Kacchi Biryani,Bangladeshi,dinner,False,613,46,39,32,9,883,6.48,3.62
RCP07596,Rezala,Bangladeshi,dinner,False,191,36,37,27,3,1134,3.06,23.26
RCP07597,Mishti Doi,Bangladeshi,morning_snack,False,583,30,57,36,12,700,4.5,8.21
RCP07598,Bhuna Khichuri,Bangladeshi,dinner,False,391,35,73,16,6,1039,3.06,15.08
RCP07599,Bangladeshi Desserts Special 201,Bangladeshi,morning_snack,False,434,34,53,34,7,922,6.48,13.74
RCP07600,Bangladeshi Desserts Special 202,Bangladeshi,morning_snack,False,731,40,58,17,3,407,4.32,7.38
RCP07601,Mishti Doi,Bangladeshi,morning_snack,False,492,26,43,38,10,758,2.34,10.33
RCP07602,Bhuna Khichuri,Bangladeshi,dinner,True,187,18,34,14,11,899,6.84,13.73
RCP07603,Bangladeshi Desserts Special 205,Bangladeshi,morning_snack,False,401,31,75,28,10,804,5.76,24.79
RCP07604,Shorshe Ilish,Bangladeshi,dinner,False,274,36,62,27,12,678,4.32,14.87
RCP07605,Chomchom,Bangladeshi,morning_snack,False,390,21,31,21,2,580,5.22,14.02
RCP07606,Bhuna Khichuri,Bangladeshi,dinner,False,764,22,72,39,10,1024,1.8,21.49
RCP07607,Chomchom,Bangladeshi,morning_snack,False,366,25,73,39,8,241,2.7,2.81
RCP07608,Bangladeshi Desserts Special 210,Bangladeshi,morning_snack,True,506,12,40,21,5,773,3.24,17.75
RCP07609,Bangladeshi Desserts Special 211,Bangladeshi,morning_snack,False,641,21,39,24,2,291,5.94,11.5
RCP07610,Hilsa Fish Curry,Bangladeshi,dinner,False,337,41,48,20,5,1370,5.04,23.7
RCP07611,Hilsa Fish Curry,Bangladeshi,dinner,False,495,49,57,16,10,528,3.06,7.1
RCP07612,Chomchom,Bangladeshi,morning_snack,False,345,20,50,38,6,664,6.3,8.94
RCP07613,Bangladeshi Desserts Special 215,Bangladeshi,morning_snack,False,338,36,68,33,12,1082,6.66,18.34
RCP07614,Mishti Doi,Bangladeshi,morning_snack,False,273,26,74,26,6,1038,2.88,22.56
RCP07615,Bangladeshi Desserts Special 217,Bangladeshi,morning_snack,False,445,14,36,29,8,1207,4.68,6.26
RCP07616,Shorshe Ilish,Bangladeshi,dinner,False,200,23,69,21,13,1292,5.04,15.32
RCP07617,Shorshe Ilish,Bangladeshi,dinner,False,448,25,65,30,5,1415,5.94,7.66
RCP07618,Pitha,Bangladeshi,breakfast,False,184,39,41,34,5,1447,1.98,14.91
RCP07619,Hilsa Fish Curry,Bangladeshi,dinner,False,499,41,57,36,12,1167,1.8,6.92
RCP07620,Bangladeshi Desserts Special 222,Bangladeshi,morning_snack,False,395,48,51,28,8,580,7.02,4.09
RCP07621,Pitha,Bangladeshi,breakfast,False,363,21,61,38,3,1096,4.86,16.61
RCP07622,Bangladeshi Desserts Special 224,Bangladeshi,morning_snack,False,348,16,68,13,6,679,2.88,18.82
RCP07623,Pitha,Bangladeshi,breakfast,False,738,49,71,36,5,1040,1.98,8.79
RCP07624,Bangladeshi Desserts Special 226,Bangladeshi,morning_snack,False,470,21,39,25,10,1012,3.06,12.62
RCP07625,Hilsa Fish Curry,Bangladeshi,dinner,False,727,35,54,32,14,565,5.58,20.03
RCP07626,Kacchi Biryani,Bangladeshi,dinner,False,188,23,37,18,10,1451,3.06,2.5
RCP07627,Bangladeshi Desserts Special 229,Bangladeshi,morning_snack,True,784,5,48,29,14,1000,3.06,13.02
RCP07628,Chomchom,Bangladeshi,morning_snack,False,381,5,45,16,13,1104,5.94,9.39
RCP07629,Hilsa Fish Curry,Bangladeshi,dinner,False,577,21,49,17,4,755,4.86,20.76
RCP07630,Rezala,Bangladeshi,dinner,False,458,41,42,36,11,1177,2.34,5.61
RCP07631,Bhuna Khichuri,Bangladeshi,dinner,True,242,15,35,23,6,405,6.84,14.05
RCP07632,Kacchi Biryani,Bangladeshi,dinner,False,642,43,69,18,4,1377,6.12,17.99
RCP07633,Bangladeshi Desserts Special 235,Bangladeshi,morning_snack,False,590,22,66,39,4,1306,7.02,23.88
RCP07634,Shorshe Ilish,Bangladeshi,dinner,False,345,33,32,25,2,1164,4.32,2.3
RCP07635,Bangladeshi Desserts Special 237,Bangladeshi,morning_snack,False,575,31,68,16,6,1128,6.3,3.54
RCP07636,Bangladeshi Desserts Special 238,Bangladeshi,morning_snack,False,459,17,44,10,11,1437,4.14,10.68
RCP07637,Chomchom,Bangladeshi,morning_snack,False,230,49,36,19,12,893,1.98,20.55
RCP07638,Pitha,Bangladeshi,breakfast,False,729,47,67,25,4,857,3.06,14.83
RCP07639,Chomchom,Bangladeshi,morning_snack,False,417,12,64,23,8,355,3.42,11.3
RCP07640,Chomchom,Bangladeshi,morning_snack,False,170,40,64,23,8,502,5.94,7.95
RCP07641,Hilsa Fish Curry,Bangladeshi,dinner,False,341,38,58,37,2,765,5.22,21.34
RCP07642,Rezala,Bangladeshi,dinner,False,743,10,55,14,3,1091,1.8,21.41
RCP07643,Rezala,Bangladeshi,dinner,False,167,28,54,31,8,585,3.78,2.99
RCP07644,Kacchi Biryani,Bangladeshi,dinner,False,513,33,67,25,3,840,1.98,20.13
RCP07645,Bangladeshi Desserts Special 247,Bangladeshi,morning_snack,False,184,46,56,36,2,1406,6.3,16.08
RCP07646,Kacchi Biryani,Bangladeshi,dinner,True,690,12,76,26,14,526,5.94,12.61
RCP07647,Shorshe Ilish,Bangladeshi,dinner,False,151,20,75,26,7,1172,4.14,23.91
RCP07648,Bhuna Khichuri,Bangladeshi,dinner,False,483,27,68,28,3,430,3.78,24.04
RCP07649,Rezala,Bangladeshi,dinner,False,211,39,73,15,9,1233,2.34,21.98
RCP07650,Rezala,Bangladeshi,dinner,False,265,36,63,31,9,1388,2.34,15.0
RCP07651,Hilsa Fish Curry,Bangladeshi,dinner,False,324,15,32,26,5,779,4.5,22.38
RCP07652,Bangladeshi Desserts Special 254,Bangladeshi,morning_snack,True,724,12,47,27,9,220,6.12,3.2
RCP07653,Rezala,Bangladeshi,dinner,False,489,32,52,21,12,759,2.34,14.19
RCP07654,Bhuna Khichuri,Bangladeshi,dinner,False,727,10,49,17,6,803,5.58,23.38
RCP07655,Kacchi Biryani,Bangladeshi,dinner,False,504,21,32,23,2,384,1.8,19.12
RCP07656,Bangladeshi Desserts Special 258,Bangladeshi,morning_snack,False,461,22,65,18,14,448,4.86,14.29
RCP07657,Bhuna Khichuri,Bangladeshi,dinner,True,714,8,65,14,14,465,5.4,15.37
RCP07658,Chomchom,Bangladeshi,morning_snack,False,222,27,53,22,6,894,5.4,21.6
RCP07659,Pitha,Bangladeshi,breakfast,False,545,32,49,15,4,418,2.16,5.57
RCP07660,Shorshe Ilish,Bangladeshi,dinner,False,470,37,43,23,6,1073,7.02,21.23
RCP07661,Rezala,Bangladeshi,dinner,False,244,13,59,29,2,1174,4.32,6.52
RCP07662,Bangladeshi Desserts Special 264,Bangladeshi,morning_snack,False,204,23,35,37,5,1064,3.6,22.0
RCP07663,Kacchi Biryani,Bangladeshi,dinner,False,772,21,44,35,5,949,1.98,6.88
RCP07664,Mishti Doi,Bangladeshi,morning_snack,False,792,21,31,19,13,1116,1.8,21.85
RCP07665,Bangladeshi Desserts Special 267,Bangladeshi,morning_snack,False,586,44,74,15,12,1436,5.94,8.97
RCP07666,Mishti Doi,Bangladeshi,morning_snack,False,296,33,44,23,14,1412,4.32,4.31
RCP07667,Rezala,Bangladeshi,dinner,False,615,41,63,30,11,347,1.8,15.04
RCP07668,Bangladeshi Desserts Special 270,Bangladeshi,morning_snack,False,288,46,43,19,2,823,3.96,8.16
RCP07669,Bangladeshi Desserts Special 271,Bangladeshi,morning_snack,False,287,15,41,19,3,634,3.42,20.35
RCP07670,Bangladeshi Desserts Special 272,Bangladeshi,morning_snack,False,470,35,51,28,6,307,6.48,17.85
RCP07671,Bhuna Khichuri,Bangladeshi,dinner,True,279,13,75,29,7,1307,3.96,21.38
RCP07672,Hilsa Fish Curry,Bangladeshi,dinner,False,329,47,70,25,2,1032,4.5,21.63
RCP07673,Mishti Doi,Bangladeshi,morning_snack,False,299,45,59,26,4,1290,2.34,13.42
RCP07674,Pitha,Bangladeshi,breakfast,False,753,22,49,39,12,1342,5.04,19.27
RCP07675,Shorshe Ilish,Bangladeshi,dinner,False,639,32,38,22,4,845,2.52,11.36
RCP07676,Hilsa Fish Curry,Bangladeshi,dinner,False,175,42,47,25,8,333,3.6,16.7
RCP07677,Bhuna Khichuri,Bangladeshi,dinner,False,196,39,69,32,2,403,5.4,22.24
RCP07678,Hilsa Fish Curry,Bangladeshi,dinner,False,269,30,46,18,3,527,1.98,19.81
RCP07679,Rezala,Bangladeshi,dinner,False,417,33,32,23,6,1124,5.22,20.62
RCP07680,Bangladeshi Desserts Special 282,Bangladeshi,morning_snack,False,680,38,34,38,6,682,2.52,5.8
RCP07681,Bangladeshi Desserts Special 283,Bangladeshi,morning_snack,False,490,30,55,20,12,1499,5.58,7.89
RCP07682,Rezala,Bangladeshi,dinner,False,482,33,66,16,5,1216,4.86,20.23
RCP07683,Kacchi Biryani,Bangladeshi,dinner,True,521,13,39,18,8,572,3.42,21.15
RCP07684,Pitha,Bangladeshi,breakfast,False,732,40,44,21,7,730,5.76,6.85
RCP07685,Bangladeshi Desserts Special 287,Bangladeshi,morning_snack,True,547,12,53,22,11,1373,6.84,9.46
RCP07686,Pitha,Bangladeshi,breakfast,False,576,42,32,28,5,1286,3.6,14.43
RCP07687,Hilsa Fish Curry,Bangladeshi,dinner,False,279,38,51,31,7,1024,6.66,18.27
RCP07688,Kacchi Biryani,Bangladeshi,dinner,True,251,15,78,24,6,500,4.68,18.02
RCP07689,Shorshe Ilish,Bangladeshi,dinner,False,648,38,77,23,5,249,3.06,21.97
RCP07690,Pitha,Bangladeshi,breakfast,False,301,17,48,15,8,411,7.02,23.79
RCP07691,Chomchom,Bangladeshi,morning_snack,False,442,15,36,22,10,1272,3.78,9.39
RCP07692,Pitha,Bangladeshi,breakfast,True,775,5,33,11,6,524,2.52,13.54
RCP07693,Bangladeshi Desserts Special 295,Bangladeshi,morning_snack,False,679,45,71,25,11,596,2.16,23.86
RCP07694,Pitha,Bangladeshi,breakfast,False,629,26,59,26,13,1352,5.94,2.14
RCP07695,Chomchom,Bangladeshi,morning_snack,False,525,35,39,39,9,672,1.8,5.99
RCP07696,Chomchom,Bangladeshi,morning_snack,False,424,20,58,37,14,507,2.52,6.97
RCP07697,Pitha,Bangladeshi,breakfast,True,663,11,53,27,4,495,5.4,18.59
RCP07698,Bhuna Khichuri,Bangladeshi,dinner,False,463,41,76,37,5,1442,5.58,21.95
RCP07699,Chomchom,Bangladeshi,morning_snack,True,723,15,79,11,2,1391,2.88,2.62
RCP07700,Kacchi Biryani,Bangladeshi,dinner,True,276,9,49,24,2,774,3.06,6.8
RCP07701,Pitha,Bangladeshi,breakfast,True,309,12,73,21,8,1380,3.78,23.75
RCP07702,Hilsa Fish Curry,Bangladeshi,dinner,False,761,16,74,13,12,1250,4.86,15.11
RCP07703,Hilsa Fish Curry,Bangladeshi,dinner,False,224,18,30,19,9,937,7.02,15.41
RCP07704,Pitha,Bangladeshi,breakfast,False,590,14,69,24,12,444,6.12,9.91
RCP07705,Bhuna Khichuri,Bangladeshi,dinner,True,687,6,63,25,9,1112,6.12,22.03
RCP07706,Kacchi Biryani,Bangladeshi,dinner,True,403,14,44,12,5,912,6.66,22.11
RCP07707,Shorshe Ilish,Bangladeshi,dinner,False,197,6,65,27,9,303,6.66,3.27
RCP07708,Hilsa Fish Curry,Bangladeshi,dinner,False,531,18,49,22,5,683,7.02,20.87
RCP07709,Hilsa Fish Curry,Bangladeshi,dinner,False,552,5,63,13,11,915,4.32,19.71
RCP07710,Rezala,Bangladeshi,dinner,False,719,18,78,16,2,948,3.06,12.93
RCP07711,Pitha,Bangladeshi,breakfast,True,417,13,42,11,9,433,1.98,19.5
RCP07712,Bhuna Khichuri,Bangladeshi,dinner,True,269,14,48,28,13,1085,6.12,14.08
RCP07713,Chomchom,Bangladeshi,morning_snack,True,675,5,37,14,12,1196,2.7,22.33
RCP07714,Bangladeshi Snacks Special 16,Bangladeshi,morning_snack,True,436,13,40,18,4,1066,5.94,5.53
RCP07715,Bangladeshi Snacks Special 17,Bangladeshi,morning_snack,True,229,8,60,16,6,883,2.34,21.63
RCP07716,Bangladeshi Snacks Special 18,Bangladeshi,morning_snack,True,507,17,61,20,7,1070,4.14,22.99
RCP07717,Chomchom,Bangladeshi,morning_snack,True,735,6,62,24,14,372,6.3,3.72
RCP07718,Pitha,Bangladeshi,breakfast,True,662,14,37,29,11,954,2.16,13.94
RCP07719,Shorshe Ilish,Bangladeshi,dinner,False,721,17,69,23,13,375,5.4,5.22
RCP07720,Mishti Doi,Bangladeshi,morning_snack,False,739,11,51,17,3,1308,2.34,7.0
RCP07721,Kacchi Biryani,Bangladeshi,dinner,True,390,17,58,18,2,1227,2.88,16.87
RCP07722,Rezala,Bangladeshi,dinner,False,254,6,64,27,13,657,5.4,16.39
RCP07723,Chomchom,Bangladeshi,morning_snack,True,335,15,50,24,6,351,5.04,24.23
RCP07724,Shorshe Ilish,Bangladeshi,dinner,False,533,16,44,10,7,289,6.3,22.05
RCP07725,Bangladeshi Snacks Special 27,Bangladeshi,morning_snack,True,577,19,35,16,7,781,1.8,7.69
RCP07726,Bangladeshi Snacks Special 28,Bangladeshi,morning_snack,True,328,7,51,29,2,999,5.58,18.19
RCP07727,Pitha,Bangladeshi,breakfast,True,791,11,62,18,8,1137,5.76,9.09
RCP07728,Kacchi Biryani,Bangladeshi,dinner,True,514,19,36,28,13,863,2.88,11.83
RCP07729,Bangladeshi Snacks Special 31,Bangladeshi,morning_snack,True,737,5,78,24,11,612,3.78,20.04
RCP07730,Pitha,Bangladeshi,breakfast,False,335,17,55,16,8,524,6.12,22.42
RCP07731,Bangladeshi Snacks Special 33,Bangladeshi,morning_snack,True,480,15,41,19,7,668,6.84,21.59
RCP07732,Bangladeshi Snacks Special 34,Bangladeshi,morning_snack,False,703,19,39,29,8,789,5.04,17.49
RCP07733,Shorshe Ilish,Bangladeshi,dinner,False,490,5,30,13,10,1425,6.66,24.22
RCP07734,Shorshe Ilish,Bangladeshi,dinner,False,389,11,38,17,6,1428,2.34,23.75
RCP07735,Hilsa Fish Curry,Bangladeshi,dinner,False,236,6,43,13,13,489,6.3,12.57
RCP07736,Rezala,Bangladeshi,dinner,False,697,11,34,24,11,781,2.34,17.66
RCP07737,Bangladeshi Snacks Special 39,Bangladeshi,morning_snack,False,279,5,45,25,7,512,2.52,23.48
RCP07738,Rezala,Bangladeshi,dinner,False,155,13,58,29,5,748,6.48,16.88
RCP07739,Chomchom,Bangladeshi,morning_snack,True,573,10,49,21,5,546,3.78,4.99
RCP07740,Kacchi Biryani,Bangladeshi,dinner,False,336,6,63,10,2,1090,5.4,15.1
RCP07741,Pitha,Bangladeshi,breakfast,True,538,10,77,29,11,513,2.7,8.97
RCP07742,Mishti Doi,Bangladeshi,morning_snack,True,717,12,34,20,10,1004,1.98,22.02
RCP07743,Bhuna Khichuri,Bangladeshi,dinner,False,188,10,78,26,4,986,1.8,8.35
RCP07744,Bhuna Khichuri,Bangladeshi,dinner,True,558,7,39,28,9,1253,6.3,17.76
RCP07745,Mishti Doi,Bangladeshi,morning_snack,True,525,8,72,12,8,729,6.48,12.31
RCP07746,Bangladeshi Snacks Special 48,Bangladeshi,morning_snack,True,415,7,33,29,5,1159,3.24,16.36
RCP07747,Rezala,Bangladeshi,dinner,False,288,5,48,26,8,374,6.48,12.73
RCP07748,Kacchi Biryani,Bangladeshi,dinner,True,637,5,55,18,5,718,4.86,8.85
RCP07749,Kacchi Biryani,Bangladeshi,dinner,False,202,14,57,24,8,1090,6.48,24.33
RCP07750,Pitha,Bangladeshi,breakfast,True,503,15,79,14,9,614,6.48,17.33
RCP07751,Bangladeshi Snacks Special 53,Bangladeshi,morning_snack,True,631,12,78,29,12,1332,4.86,11.41
RCP07752,Bhuna Khichuri,Bangladeshi,dinner,True,220,8,32,27,13,1484,4.14,9.48
RCP07753,Mishti Doi,Bangladeshi,morning_snack,True,700,15,33,28,7,876,4.68,17.65
RCP07754,Bangladeshi Snacks Special 56,Bangladeshi,morning_snack,True,572,10,64,11,10,314,3.42,23.41
RCP07755,Shorshe Ilish,Bangladeshi,dinner,False,257,16,74,18,7,266,6.3,10.74
RCP07756,Kacchi Biryani,Bangladeshi,dinner,True,314,7,49,17,8,640,5.76,7.07
RCP07757,Chomchom,Bangladeshi,morning_snack,True,355,18,36,23,14,827,4.5,2.64
RCP07758,Mishti Doi,Bangladeshi,morning_snack,True,287,19,35,18,11,642,3.6,19.17
RCP07759,Bangladeshi Snacks Special 61,Bangladeshi,morning_snack,False,633,7,36,24,3,1130,1.98,9.87
RCP07760,Bhuna Khichuri,Bangladeshi,dinner,True,214,13,57,28,11,757,6.12,4.24
RCP07761,Kacchi Biryani,Bangladeshi,dinner,False,221,11,71,16,14,433,1.98,24.15
RCP07762,Pitha,Bangladeshi,breakfast,False,305,10,55,26,3,886,4.32,21.68
RCP07763,Bangladeshi Snacks Special 65,Bangladeshi,morning_snack,True,678,18,67,16,5,876,2.34,11.98
RCP07764,Pitha,Bangladeshi,breakfast,True,259,8,54,10,3,301,2.7,11.73
RCP07765,Mishti Doi,Bangladeshi,morning_snack,True,588,9,49,27,3,608,4.32,22.45
RCP07766,Bangladeshi Snacks Special 68,Bangladeshi,morning_snack,False,702,7,72,11,14,1031,3.96,2.7
RCP07767,Bangladeshi Snacks Special 69,Bangladeshi,morning_snack,False,378,10,33,19,3,572,3.24,10.5
RCP07768,Bangladeshi Snacks Special 70,Bangladeshi,morning_snack,False,299,13,57,15,13,1113,3.96,5.63
RCP07769,Chomchom,Bangladeshi,morning_snack,True,605,12,39,27,4,488,2.34,7.53
RCP07770,Chomchom,Bangladeshi,morning_snack,False,706,16,57,15,5,947,2.16,16.05
RCP07771,Bangladeshi Snacks Special 73,Bangladeshi,morning_snack,True,749,17,31,23,5,1065,6.3,15.12
RCP07772,Bangladeshi Snacks Special 74,Bangladeshi,morning_snack,False,645,19,50,27,6,1428,2.52,23.71
RCP07773,Chomchom,Bangladeshi,morning_snack,True,420,12,70,16,3,1016,3.42,18.24
RCP07774,Bangladeshi Snacks Special 76,Bangladeshi,morning_snack,True,673,5,66,11,6,850,5.94,6.85
RCP07775,Pitha,Bangladeshi,breakfast,True,748,14,54,10,4,541,2.16,10.76
RCP07776,Bangladeshi Snacks Special 78,Bangladeshi,morning_snack,True,189,15,72,10,6,863,5.58,9.7
RCP07777,Bhuna Khichuri,Bangladeshi,dinner,True,737,17,56,15,2,1450,2.7,22.11
RCP07778,Hilsa Fish Curry,Bangladeshi,dinner,False,313,7,36,22,9,871,3.42,21.82
RCP07779,Pitha,Bangladeshi,breakfast,False,213,11,65,27,10,1298,4.86,5.04
RCP07780,Bhuna Khichuri,Bangladeshi,dinner,True,663,7,50,13,2,537,5.94,2.99
RCP07781,Pitha,Bangladeshi,breakfast,False,191,19,30,25,2,600,3.42,12.92
RCP07782,Chomchom,Bangladeshi,morning_snack,False,517,17,76,19,7,1417,2.16,23.02
RCP07783,Bangladeshi Snacks Special 85,Bangladeshi,morning_snack,True,692,14,61,29,10,820,4.86,11.51
RCP07784,Rezala,Bangladeshi,dinner,False,474,17,78,23,9,856,6.66,22.19
RCP07785,Pitha,Bangladeshi,breakfast,True,704,16,68,24,2,382,2.88,21.98
RCP07786,Bangladeshi Snacks Special 88,Bangladeshi,morning_snack,True,513,8,40,14,14,760,4.14,23.0
RCP07787,Bangladeshi Snacks Special 89,Bangladeshi,morning_snack,True,594,10,55,20,5,969,6.84,5.06
RCP07788,Hilsa Fish Curry,Bangladeshi,dinner,False,158,17,77,19,6,1061,2.52,11.0
RCP07789,Hilsa Fish Curry,Bangladeshi,dinner,False,754,18,70,27,9,793,2.34,18.99
RCP07790,Bangladeshi Snacks Special 92,Bangladeshi,morning_snack,False,209,5,56,26,12,1141,5.22,23.29
RCP07791,Rezala,Bangladeshi,dinner,False,776,13,78,15,14,655,3.24,3.33
RCP07792,Bangladeshi Snacks Special 94,Bangladeshi,morning_snack,True,719,15,64,23,13,1180,5.04,2.2
RCP07793,Chomchom,Bangladeshi,morning_snack,True,648,11,44,26,3,418,4.32,7.8
RCP07794,Bangladeshi Snacks Special 96,Bangladeshi,morning_snack,False,212,8,52,16,6,1140,6.48,6.94
RCP07795,Mishti Doi,Bangladeshi,morning_snack,False,649,19,65,21,12,1201,2.34,16.24
RCP07796,Pitha,Bangladeshi,breakfast,False,495,5,62,15,14,1135,5.58,15.37
RCP07797,Kacchi Biryani,Bangladeshi,dinner,True,410,6,47,26,11,503,6.12,17.76
RCP07798,Bangladeshi Snacks Special 100,Bangladeshi,morning_snack,False,257,18,51,23,3,583,3.06,23.55
RCP07799,Pitha,Bangladeshi,breakfast,True,194,14,68,15,14,881,5.76,9.44
RCP07800,Hilsa Fish Curry,Bangladeshi,dinner,False,466,15,54,26,8,219,1.8,13.58
RCP07801,Chomchom,Bangladeshi,morning_snack,True,184,14,64,19,9,449,2.34,16.69
RCP07802,Bangladeshi Snacks Special 104,Bangladeshi,morning_snack,True,253,15,53,14,12,750,4.86,23.92
RCP07803,Shorshe Ilish,Bangladeshi,dinner,False,492,18,78,14,11,1135,1.98,3.02
RCP07804,Kacchi Biryani,Bangladeshi,dinner,True,156,12,73,22,11,664,1.8,20.02
RCP07805,Bangladeshi Snacks Special 107,Bangladeshi,morning_snack,False,798,12,64,21,5,683,5.4,20.72
RCP07806,Mishti Doi,Bangladeshi,morning_snack,True,717,7,67,25,12,431,6.3,16.1
RCP07807,Hilsa Fish Curry,Bangladeshi,dinner,False,248,14,68,11,7,621,1.8,24.08
RCP07808,Pitha,Bangladeshi,breakfast,False,721,8,60,16,3,1213,6.66,24.23
RCP07809,Bhuna Khichuri,Bangladeshi,dinner,True,298,7,30,27,10,521,3.96,17.19
RCP07810,Bhuna Khichuri,Bangladeshi,dinner,True,609,15,75,16,11,1430,5.76,4.05
RCP07811,Hilsa Fish Curry,Bangladeshi,dinner,False,303,7,48,27,12,400,1.98,8.13
RCP07812,Hilsa Fish Curry,Bangladeshi,dinner,False,778,11,49,16,2,1157,3.24,12.41
RCP07813,Pitha,Bangladeshi,breakfast,True,672,12,65,10,10,229,6.48,11.27
RCP07814,Bangladeshi Snacks Special 116,Bangladeshi,morning_snack,True,762,18,73,28,10,836,6.12,17.44
RCP07815,Bangladeshi Snacks Special 117,Bangladeshi,morning_snack,False,413,18,71,23,13,1475,3.24,15.55
RCP07816,Hilsa Fish Curry,Bangladeshi,dinner,False,526,11,58,20,7,215,3.96,6.34
RCP07817,Bangladeshi Snacks Special 119,Bangladeshi,morning_snack,False,501,13,41,18,9,1080,5.58,23.71
RCP07818,Hilsa Fish Curry,Bangladeshi,dinner,False,388,10,33,16,8,1139,2.52,3.86
RCP07819,Hilsa Fish Curry,Bangladeshi,dinner,False,732,16,67,11,13,950,2.52,22.77
RCP07820,Bangladeshi Snacks Special 122,Bangladeshi,morning_snack,False,213,9,53,27,8,500,4.32,5.82
RCP07821,Kacchi Biryani,Bangladeshi,dinner,False,200,9,72,12,9,1146,3.78,3.7
RCP07822,Chomchom,Bangladeshi,morning_snack,True,444,12,34,29,3,656,6.3,18.84
RCP07823,Bangladeshi Snacks Special 125,Bangladeshi,morning_snack,True,153,7,75,27,3,641,6.48,16.44
RCP07824,Bangladeshi Snacks Special 126,Bangladeshi,morning_snack,False,227,13,62,16,7,810,5.4,24.66
RCP07825,Kacchi Biryani,Bangladeshi,dinner,False,597,18,39,17,6,804,2.16,7.76
RCP07826,Pitha,Bangladeshi,breakfast,True,528,10,77,20,14,789,1.8,21.49
RCP07827,Shorshe Ilish,Bangladeshi,dinner,False,378,9,41,15,2,392,7.02,8.61
RCP07828,Bangladeshi Snacks Special 130,Bangladeshi,morning_snack,True,168,6,56,17,14,1154,5.04,21.99
RCP07829,Bhuna Khichuri,Bangladeshi,dinner,True,575,18,69,25,3,1102,2.16,2.18
RCP07830,Bangladeshi Snacks Special 132,Bangladeshi,morning_snack,False,372,10,33,13,13,800,2.7,22.45
RCP07831,Bangladeshi Snacks Special 133,Bangladeshi,morning_snack,True,679,10,56,22,6,735,2.7,3.49
RCP07832,Shorshe Ilish,Bangladeshi,dinner,False,372,15,72,10,13,1183,4.68,6.42
RCP07833,Bangladeshi Snacks Special 135,Bangladeshi,morning_snack,True,534,6,42,12,9,955,3.6,18.85
RCP07834,Bangladeshi Snacks Special 136,Bangladeshi,morning_snack,True,583,7,33,23,11,718,1.98,15.2
RCP07835,Bangladeshi Snacks Special 137,Bangladeshi,morning_snack,True,627,13,30,20,7,504,5.04,11.7
RCP07836,Bangladeshi Snacks Special 138,Bangladeshi,morning_snack,True,557,9,67,14,13,1491,2.7,17.06
RCP07837,Pitha,Bangladeshi,breakfast,False,718,17,56,10,10,379,6.84,3.75
RCP07838,Chomchom,Bangladeshi,morning_snack,True,428,13,59,20,11,1440,4.5,20.62
RCP07839,Kacchi Biryani,Bangladeshi,dinner,True,563,18,74,26,14,1196,7.02,10.55
RCP07840,Bangladeshi Snacks Special 142,Bangladeshi,morning_snack,True,482,8,47,23,11,464,2.52,11.79
RCP07841,Pitha,Bangladeshi,breakfast,True,377,11,55,23,13,526,3.42,13.42
RCP07842,Bangladeshi Snacks Special 144,Bangladeshi,morning_snack,False,398,5,68,14,10,310,3.42,22.38
RCP07843,Pitha,Bangladeshi,breakfast,True,585,9,30,29,6,797,1.98,11.82
RCP07844,Chomchom,Bangladeshi,morning_snack,True,725,5,50,27,2,345,4.68,12.3
RCP07845,Shorshe Ilish,Bangladeshi,dinner,False,318,8,55,18,11,489,4.68,7.93
RCP07846,Hilsa Fish Curry,Bangladeshi,dinner,False,158,12,37,15,13,321,4.32,11.93
RCP07847,Pitha,Bangladeshi,breakfast,True,534,13,55,16,7,747,5.04,2.82
RCP07848,Bangladeshi Snacks Special 150,Bangladeshi,morning_snack,True,393,16,31,21,7,1431,2.34,4.34
RCP07849,Shorshe Ilish,Bangladeshi,dinner,False,206,10,45,27,14,1118,7.02,14.47
RCP07850,Bangladeshi Snacks Special 152,Bangladeshi,morning_snack,True,735,9,78,25,4,1321,5.22,22.51
RCP07851,Mishti Doi,Bangladeshi,morning_snack,True,793,16,51,14,2,1250,1.98,19.0
RCP07852,Bangladeshi Snacks Special 154,Bangladeshi,morning_snack,False,212,16,70,29,3,522,3.42,11.99
RCP07853,Bangladeshi Snacks Special 155,Bangladeshi,morning_snack,False,599,11,39,22,11,1305,5.22,19.31
RCP07854,Mishti Doi,Bangladeshi,morning_snack,True,639,18,55,22,6,863,5.94,5.88
RCP07855,Kacchi Biryani,Bangladeshi,dinner,False,247,11,65,21,8,1397,4.14,17.58
RCP07856,Pitha,Bangladeshi,breakfast,True,245,12,56,13,9,1079,3.78,24.1
RCP07857,Bhuna Khichuri,Bangladeshi,dinner,True,206,18,38,24,11,398,3.24,11.82
RCP07858,Rezala,Bangladeshi,dinner,False,157,16,60,22,13,1437,6.3,8.0
RCP07859,Shorshe Ilish,Bangladeshi,dinner,False,561,17,67,14,12,340,3.96,14.07
RCP07860,Rezala,Bangladeshi,dinner,False,468,19,33,13,2,509,3.06,14.83
RCP07861,Bangladeshi Snacks Special 163,Bangladeshi,morning_snack,True,572,19,44,28,10,1231,3.24,10.24
RCP07862,Bangladeshi Snacks Special 164,Bangladeshi,morning_snack,False,209,8,58,16,14,1087,6.84,6.83
RCP07863,Bhuna Khichuri,Bangladeshi,dinner,False,511,12,36,19,13,745,3.78,7.92
RCP07864,Bangladeshi Snacks Special 166,Bangladeshi,morning_snack,False,695,5,68,16,6,627,3.42,17.27
RCP07865,Pitha,Bangladeshi,breakfast,True,446,5,77,18,2,1039,2.52,5.97
RCP07866,Chomchom,Bangladeshi,morning_snack,True,778,11,60,21,10,1275,5.76,12.41
RCP07867,Pitha,Bangladeshi,breakfast,True,643,13,42,25,5,1103,1.8,11.34
RCP07868,Shorshe Ilish,Bangladeshi,dinner,False,311,11,53,28,9,301,3.96,14.03
RCP07869,Mishti Doi,Bangladeshi,morning_snack,True,721,9,57,22,12,1429,6.66,20.62
RCP07870,Pitha,Bangladeshi,breakfast,True,753,7,70,29,14,1342,5.76,11.71
RCP07871,Pitha,Bangladeshi,breakfast,False,723,8,53,14,10,929,5.94,18.11
RCP07872,Bangladeshi Snacks Special 174,Bangladeshi,morning_snack,True,462,6,32,13,10,577,2.34,4.99
RCP07873,Bangladeshi Snacks Special 175,Bangladeshi,morning_snack,False,545,17,60,18,14,1112,5.4,21.49
RCP07874,Shorshe Ilish,Bangladeshi,dinner,False,304,8,75,22,14,805,3.24,24.69
RCP07875,Bangladeshi Snacks Special 177,Bangladeshi,morning_snack,True,295,8,30,28,2,1349,4.32,17.88
RCP07876,Bangladeshi Snacks Special 178,Bangladeshi,morning_snack,True,669,13,37,23,12,494,6.3,21.65
RCP07877,Bangladeshi Snacks Special 179,Bangladeshi,morning_snack,True,416,13,56,14,14,1023,2.34,8.86
RCP07878,Bangladeshi Snacks Special 180,Bangladeshi,morning_snack,True,471,10,52,21,5,240,3.06,16.56
RCP07879,Bangladeshi Snacks Special 181,Bangladeshi,morning_snack,True,765,9,35,18,6,1337,1.98,15.44
RCP07880,Pitha,Bangladeshi,breakfast,False,498,19,50,13,13,639,5.76,19.5
RCP07881,Rezala,Bangladeshi,dinner,False,246,15,64,10,9,1010,2.7,6.51
RCP07882,Hilsa Fish Curry,Bangladeshi,dinner,False,573,15,69,20,8,1147,6.3,16.26
RCP07883,Hilsa Fish Curry,Bangladeshi,dinner,False,760,14,52,20,4,442,2.16,17.95
RCP07884,Rezala,Bangladeshi,dinner,False,798,11,55,11,14,618,5.58,9.85
RCP07885,Bangladeshi Snacks Special 187,Bangladeshi,morning_snack,True,527,15,48,29,2,1033,2.34,8.77
RCP07886,Bangladeshi Snacks Special 188,Bangladeshi,morning_snack,False,648,5,72,11,9,1111,6.3,4.41
RCP07887,Rezala,Bangladeshi,dinner,False,489,7,71,27,6,988,6.3,6.19
RCP07888,Bangladeshi Snacks Special 190,Bangladeshi,morning_snack,True,521,9,44,25,5,1333,3.6,7.06
RCP07889,Rezala,Bangladeshi,dinner,False,476,19,67,19,11,752,3.78,23.8
RCP07890,Bangladeshi Snacks Special 192,Bangladeshi,morning_snack,False,263,18,68,14,10,604,6.3,10.09
RCP07891,Rezala,Bangladeshi,dinner,False,504,19,71,23,14,248,4.14,23.03
RCP07892,Mishti Doi,Bangladeshi,morning_snack,False,780,5,34,16,7,581,3.24,18.93
RCP07893,Bangladeshi Snacks Special 195,Bangladeshi,morning_snack,False,604,6,72,13,10,931,4.86,5.14
RCP07894,Bangladeshi Snacks Special 196,Bangladeshi,morning_snack,False,625,5,41,12,8,251,2.7,22.06
RCP07895,Shorshe Ilish,Bangladeshi,dinner,False,348,9,41,16,12,742,1.8,10.68
RCP07896,Bangladeshi Snacks Special 198,Bangladeshi,morning_snack,True,538,16,71,10,4,1021,3.96,19.28
RCP07897,Bangladeshi Snacks Special 199,Bangladeshi,morning_snack,True,606,17,50,25,9,665,2.88,15.24
RCP07898,Shorshe Ilish,Bangladeshi,dinner,False,206,7,69,25,7,709,1.98,18.36
RCP07899,Bangladeshi Snacks Special 201,Bangladeshi,morning_snack,True,298,10,46,13,9,1461,6.3,5.49
RCP07900,Rezala,Bangladeshi,dinner,False,665,19,50,22,8,1398,6.48,4.96
RCP07901,Pitha,Bangladeshi,breakfast,True,543,15,32,14,5,679,5.04,10.11
RCP07902,Mishti Doi,Bangladeshi,morning_snack,True,556,11,77,25,4,1040,3.6,10.41
RCP07903,Rezala,Bangladeshi,dinner,False,726,14,76,14,4,1024,3.42,10.52
RCP07904,Rezala,Bangladeshi,dinner,False,362,13,74,10,4,1081,4.86,17.38
RCP07905,Pitha,Bangladeshi,breakfast,False,340,6,48,28,14,1103,3.96,17.35
RCP07906,Bangladeshi Snacks Special 208,Bangladeshi,morning_snack,True,621,17,66,20,8,1169,5.76,16.19
RCP07907,Bangladeshi Snacks Special 209,Bangladeshi,morning_snack,True,500,15,53,23,5,650,5.04,11.74
RCP07908,Bhuna Khichuri,Bangladeshi,dinner,True,223,13,76,11,11,960,7.02,10.2
RCP07909,Bangladeshi Snacks Special 211,Bangladeshi,morning_snack,True,607,15,62,17,14,1157,5.58,6.0
RCP07910,Shorshe Ilish,Bangladeshi,dinner,False,769,5,47,19,11,307,3.06,11.68
RCP07911,Pitha,Bangladeshi,breakfast,True,777,12,40,13,9,476,6.84,16.63
RCP07912,Chomchom,Bangladeshi,morning_snack,True,189,6,45,11,12,592,3.6,19.34
RCP07913,Hilsa Fish Curry,Bangladeshi,dinner,False,739,7,30,27,3,250,5.94,22.97
RCP07914,Kacchi Biryani,Bangladeshi,dinner,True,595,17,68,19,5,1420,3.42,21.68
RCP07915,Pitha,Bangladeshi,breakfast,True,711,15,40,23,13,878,3.78,7.3
RCP07916,Pitha,Bangladeshi,breakfast,False,371,8,52,11,8,594,5.94,14.46
RCP07917,Rezala,Bangladeshi,dinner,False,387,7,56,21,9,739,3.06,6.55
RCP07918,Pitha,Bangladeshi,breakfast,False,588,16,36,15,8,821,2.34,21.57
RCP07919,Mishti Doi,Bangladeshi,morning_snack,True,496,5,35,10,3,579,2.88,3.07
RCP07920,Shorshe Ilish,Bangladeshi,dinner,False,762,7,30,29,4,637,2.16,18.5
RCP07921,Bangladeshi Snacks Special 223,Bangladeshi,morning_snack,True,619,13,61,24,8,1254,2.52,15.87
RCP07922,Kacchi Biryani,Bangladeshi,dinner,True,760,11,61,16,14,1462,2.52,17.8
RCP07923,Bangladeshi Snacks Special 225,Bangladeshi,morning_snack,True,153,13,74,14,3,258,2.52,7.52
RCP07924,Chomchom,Bangladeshi,morning_snack,True,599,10,66,28,9,368,5.04,24.4
RCP07925,Mishti Doi,Bangladeshi,morning_snack,True,221,9,67,17,12,423,4.5,19.9
RCP07926,Bangladeshi Snacks Special 228,Bangladeshi,morning_snack,False,279,9,68,10,6,345,5.22,23.81
RCP07927,Bangladeshi Snacks Special 229,Bangladeshi,morning_snack,True,610,7,51,17,5,373,5.04,22.79
RCP07928,Bangladeshi Snacks Special 230,Bangladeshi,morning_snack,False,337,5,72,27,4,657,4.86,13.29
RCP07929,Bhuna Khichuri,Bangladeshi,dinner,True,188,6,33,28,8,986,5.22,5.58
RCP07930,Bhuna Khichuri,Bangladeshi,dinner,True,267,14,33,22,6,844,5.76,3.84
RCP07931,Bangladeshi Snacks Special 233,Bangladeshi,morning_snack,True,414,17,30,17,8,333,6.66,2.79
RCP07932,Bhuna Khichuri,Bangladeshi,dinner,True,613,16,65,19,5,744,2.7,9.54
RCP07933,Chomchom,Bangladeshi,morning_snack,True,729,8,79,10,4,989,4.86,14.24
RCP07934,Chomchom,Bangladeshi,morning_snack,True,429,17,36,12,3,459,3.06,3.83
RCP07935,Chomchom,Bangladeshi,morning_snack,False,423,17,63,22,5,206,4.86,2.73
RCP07936,Mishti Doi,Bangladeshi,morning_snack,True,404,13,34,21,4,1401,6.66,22.28
RCP07937,Pitha,Bangladeshi,breakfast,True,383,8,43,16,13,394,3.06,2.64
RCP07938,Bhuna Khichuri,Bangladeshi,dinner,True,151,6,62,20,10,643,7.02,7.65
RCP07939,Chomchom,Bangladeshi,morning_snack,True,584,15,48,15,4,459,5.22,18.96
RCP07940,Pitha,Bangladeshi,breakfast,True,789,17,53,16,3,914,3.6,2.71
RCP07941,Bangladeshi Snacks Special 243,Bangladeshi,morning_snack,True,520,6,31,29,10,535,5.94,22.29
RCP07942,Bangladeshi Snacks Special 244,Bangladeshi,morning_snack,True,241,11,36,26,6,205,1.8,10.61
RCP07943,Pitha,Bangladeshi,breakfast,True,551,18,31,29,14,610,4.5,2.99
RCP07944,Bangladeshi Snacks Special 246,Bangladeshi,morning_snack,True,440,14,74,24,5,581,6.48,7.4
RCP07945,Bangladeshi Snacks Special 247,Bangladeshi,morning_snack,True,451,8,42,10,7,1185,1.98,11.59
RCP07946,Pitha,Bangladeshi,breakfast,True,207,7,52,28,5,826,3.6,11.67
RCP07947,Chomchom,Bangladeshi,morning_snack,True,463,5,32,22,6,1093,5.04,24.88
RCP07948,Shorshe Ilish,Bangladeshi,dinner,False,311,5,51,23,2,1272,2.52,14.72
RCP07949,Hilsa Fish Curry,Bangladeshi,dinner,False,181,13,61,21,4,1316,4.32,9.25
RCP07950,Bangladeshi Snacks Special 252,Bangladeshi,morning_snack,True,535,7,64,29,6,256,2.7,4.67
RCP07951,Pitha,Bangladeshi,breakfast,False,545,18,59,25,5,1281,6.84,14.97
RCP07952,Rezala,Bangladeshi,dinner,False,393,12,58,20,8,1207,4.68,3.29
RCP07953,Bangladeshi Snacks Special 255,Bangladeshi,morning_snack,True,610,18,68,28,5,769,6.84,23.05
RCP07954,Hilsa Fish Curry,Bangladeshi,dinner,False,773,16,77,16,10,1066,6.48,24.81
RCP07955,Chomchom,Bangladeshi,morning_snack,True,775,16,33,27,4,567,4.14,17.22
RCP07956,Pitha,Bangladeshi,breakfast,False,385,5,32,10,12,1270,6.12,16.4
RCP07957,Kacchi Biryani,Bangladeshi,dinner,True,508,12,59,27,3,1121,3.78,10.16
RCP07958,Chomchom,Bangladeshi,morning_snack,True,224,19,43,14,12,808,1.8,12.55
RCP07959,Chomchom,Bangladeshi,morning_snack,True,728,15,45,16,14,1187,4.5,3.15
RCP07960,Mishti Doi,Bangladeshi,morning_snack,False,521,15,47,18,9,599,2.52,11.35
RCP07961,Mishti Doi,Bangladeshi,morning_snack,False,272,8,59,28,7,650,1.8,19.21
RCP07962,Chomchom,Bangladeshi,morning_snack,False,186,8,70,18,12,338,3.78,12.52
RCP07963,Hilsa Fish Curry,Bangladeshi,dinner,False,599,19,48,28,14,945,5.58,19.63
RCP07964,Pitha,Bangladeshi,breakfast,True,334,16,61,28,6,652,6.48,9.29
RCP07965,Chomchom,Bangladeshi,morning_snack,True,397,6,52,29,12,1458,3.42,5.61
RCP07966,Rezala,Bangladeshi,dinner,False,424,6,40,20,7,1107,5.4,8.95
RCP07967,Bhuna Khichuri,Bangladeshi,dinner,True,198,11,59,15,10,1203,6.12,22.15
RCP07968,Bhuna Khichuri,Bangladeshi,dinner,False,665,12,69,28,10,214,2.52,7.75
RCP07969,Bangladeshi Snacks Special 271,Bangladeshi,morning_snack,True,405,7,46,19,10,777,6.84,6.64
RCP07970,Hilsa Fish Curry,Bangladeshi,dinner,False,395,10,35,20,4,591,2.16,8.31
RCP07971,Bangladeshi Snacks Special 273,Bangladeshi,morning_snack,False,601,10,53,27,11,442,7.02,2.24
RCP07972,Bangladeshi Snacks Special 274,Bangladeshi,morning_snack,True,292,7,57,16,4,1048,6.48,22.55
RCP07973,Shorshe Ilish,Bangladeshi,dinner,False,544,9,76,17,4,1302,4.14,12.24
RCP07974,Bangladeshi Snacks Special 276,Bangladeshi,morning_snack,True,552,15,59,27,10,633,2.16,17.87
RCP07975,Bangladeshi Snacks Special 277,Bangladeshi,morning_snack,True,621,14,42,20,7,265,6.12,9.25
RCP07976,Chomchom,Bangladeshi,morning_snack,True,702,6,71,17,4,1087,6.12,14.21
RCP07977,Pitha,Bangladeshi,breakfast,False,758,18,49,22,12,773,2.16,21.65
RCP07978,Bangladeshi Snacks Special 280,Bangladeshi,morning_snack,False,186,9,68,19,13,1296,6.12,6.68
RCP07979,Shorshe Ilish,Bangladeshi,dinner,False,350,9,68,18,6,612,3.42,2.73
RCP07980,Bangladeshi Snacks Special 282,Bangladeshi,morning_snack,True,662,9,55,20,14,420,5.4,7.72
RCP07981,Pitha,Bangladeshi,breakfast,False,776,9,40,11,14,359,2.7,15.22
RCP07982,Bangladeshi Snacks Special 284,Bangladeshi,morning_snack,False,553,18,74,20,10,946,7.02,23.07
RCP07983,Bangladeshi Snacks Special 285,Bangladeshi,morning_snack,False,651,10,72,11,9,1224,6.12,10.31
RCP07984,Chomchom,Bangladeshi,morning_snack,True,377,13,43,17,3,293,3.06,15.58
RCP07985,Mishti Doi,Bangladeshi,morning_snack,False,538,16,35,23,2,650,6.12,13.35
RCP07986,Rezala,Bangladeshi,dinner,False,495,10,58,20,9,751,6.12,2.16
RCP07987,Mishti Doi,Bangladeshi,morning_snack,True,156,10,59,28,14,1051,2.88,4.21
RCP07988,Kacchi Biryani,Bangladeshi,dinner,True,300,5,43,12,3,661,2.34,18.67
RCP07989,Pitha,Bangladeshi,breakfast,True,370,18,31,25,11,1022,4.14,7.2
RCP07990,Bangladeshi Snacks Special 292,Bangladeshi,morning_snack,False,217,14,46,13,8,1053,2.16,8.75
RCP07991,Bangladeshi Snacks Special 293,Bangladeshi,morning_snack,False,326,16,36,12,8,489,6.3,12.43
RCP07992,Shorshe Ilish,Bangladeshi,dinner,False,564,18,49,14,13,1118,2.34,6.38
RCP07993,Chomchom,Bangladeshi,morning_snack,True,297,18,67,29,2,1217,1.8,9.61
RCP07994,Rezala,Bangladeshi,dinner,False,775,5,50,13,6,757,1.98,23.75
RCP07995,Rezala,Bangladeshi,dinner,False,746,6,63,12,7,730,3.06,9.53
RCP07996,Bangladeshi Snacks Special 298,Bangladeshi,morning_snack,True,159,8,47,25,3,1361,3.06,10.99
RCP07997,Bangladeshi Snacks Special 299,Bangladeshi,morning_snack,True,651,11,58,25,6,699,3.96,9.03
RCP07998,Bhuna Khichuri,Bangladeshi,dinner,True,198,13,38,22,14,943,1.98,11.74
RCP07999,Afghan Main Course Special 1,Afghan,dinner,False,374,46,76,38,12,320,3.6,5.16
RCP08000,Afghan Main Course Special 2,Afghan,dinner,False,603,36,34,35,13,860,5.58,20.1
RCP08001,Kabuli Pulao,Afghan,dinner,False,761,46,30,22,8,1382,5.4,8.8
RCP08002,Firni,Afghan,morning_snack,False,427,42,71,24,4,622,4.5,8.68
RCP08003,Mantu,Afghan,dinner,False,309,44,32,24,12,675,5.22,24.08
RCP08004,Bolani,Afghan,breakfast,True,615,16,58,27,3,531,4.68,13.09
RCP08005,Kabuli Pulao,Afghan,dinner,False,716,43,65,18,9,1274,2.52,14.94
RCP08006,Afghan Main Course Special 8,Afghan,dinner,False,352,18,34,28,10,465,3.96,21.53
RCP08007,Afghan Main Course Special 9,Afghan,dinner,False,684,21,34,22,12,232,4.68,20.74
RCP08008,Afghan Main Course Special 10,Afghan,dinner,False,208,31,35,39,14,837,5.76,23.29
RCP08009,Afghan Naan,Afghan,breakfast,False,198,10,33,26,11,1418,3.24,7.97
RCP08010,Afghan Naan,Afghan,breakfast,False,692,27,65,35,11,784,3.6,5.69
RCP08011,Kabuli Pulao,Afghan,dinner,True,716,10,57,22,10,711,2.7,17.28
RCP08012,Chapli Kebab,Afghan,morning_snack,False,495,31,69,19,14,795,1.98,23.35
RCP08013,Chapli Kebab,Afghan,morning_snack,False,674,36,74,18,7,1168,6.66,17.78
RCP08014,Afghan Main Course Special 16,Afghan,dinner,True,741,5,33,15,4,1290,6.48,7.53
RCP08015,Firni,Afghan,morning_snack,False,571,5,69,17,13,1260,5.94,2.51
RCP08016,Afghan Naan,Afghan,breakfast,False,381,14,36,18,3,873,7.02,24.87
RCP08017,Qabili Palaw,Afghan,dinner,False,516,21,65,22,12,206,3.6,22.51
RCP08018,Mantu,Afghan,dinner,False,549,26,39,36,12,368,4.68,6.67
RCP08019,Afghan Main Course Special 21,Afghan,dinner,False,538,26,45,33,13,1223,5.04,22.62
RCP08020,Afghan Main Course Special 22,Afghan,dinner,True,306,6,39,21,11,598,3.6,5.42
RCP08021,Afghan Main Course Special 23,Afghan,dinner,False,771,29,56,30,2,803,6.3,4.14
RCP08022,Ashak,Afghan,dinner,False,401,6,70,10,5,701,2.88,8.72
RCP08023,Afghan Main Course Special 25,Afghan,dinner,False,609,47,63,37,11,1236,2.7,8.5
RCP08024,Mantu,Afghan,dinner,False,232,7,48,16,13,1084,5.4,15.35
RCP08025,Bolani,Afghan,breakfast,False,603,27,62,37,4,200,2.7,5.38
RCP08026,Afghan Main Course Special 28,Afghan,dinner,True,451,18,58,17,2,1316,5.22,18.71
RCP08027,Kabuli Pulao,Afghan,dinner,False,684,46,69,20,11,1439,2.52,13.31
RCP08028,Mantu,Afghan,dinner,False,386,29,67,28,3,1401,3.06,15.35
RCP08029,Afghan Main Course Special 31,Afghan,dinner,False,194,46,65,24,5,1397,3.6,10.16
RCP08030,Firni,Afghan,morning_snack,False,597,41,38,34,14,281,2.7,23.68
RCP08031,Afghan Main Course Special 33,Afghan,dinner,False,348,8,72,16,3,910,4.68,17.63
RCP08032,Chapli Kebab,Afghan,morning_snack,False,584,20,66,25,4,1184,2.52,3.0
RCP08033,Qabili Palaw,Afghan,dinner,False,683,41,77,16,13,962,1.98,5.52
RCP08034,Afghan Main Course Special 36,Afghan,dinner,False,738,14,70,16,3,1137,2.16,10.74
RCP08035,Chapli Kebab,Afghan,morning_snack,False,170,32,52,19,3,417,2.16,16.36
RCP08036,Mantu,Afghan,dinner,False,217,5,30,17,14,1277,4.5,16.97
RCP08037,Chapli Kebab,Afghan,morning_snack,False,164,48,41,33,4,1055,6.48,10.6
RCP08038,Bolani,Afghan,breakfast,False,750,49,66,29,2,1458,7.02,20.51
RCP08039,Afghan Naan,Afghan,breakfast,False,746,9,72,25,13,672,5.4,8.09
RCP08040,Qabili Palaw,Afghan,dinner,False,772,32,45,26,8,1051,6.84,23.44
RCP08041,Afghan Main Course Special 43,Afghan,dinner,True,229,10,37,15,7,838,7.02,22.95
RCP08042,Afghan Main Course Special 44,Afghan,dinner,False,485,43,45,17,7,319,2.7,19.8
RCP08043,Afghan Main Course Special 45,Afghan,dinner,False,285,37,64,37,4,779,6.66,23.78
RCP08044,Mantu,Afghan,dinner,False,709,38,38,20,6,927,6.3,14.39
RCP08045,Afghan Main Course Special 47,Afghan,dinner,False,322,47,72,37,13,1400,1.98,18.32
RCP08046,Afghan Naan,Afghan,breakfast,True,537,11,50,20,13,649,4.68,18.45
RCP08047,Kabuli Pulao,Afghan,dinner,False,594,25,70,39,7,358,5.58,21.72
RCP08048,Mantu,Afghan,dinner,False,504,17,33,21,4,674,2.7,20.08
RCP08049,Chapli Kebab,Afghan,morning_snack,False,526,35,40,20,10,972,3.42,16.61
RCP08050,Afghan Main Course Special 52,Afghan,dinner,False,672,49,76,24,8,955,6.48,2.68
RCP08051,Qabili Palaw,Afghan,dinner,True,580,18,40,22,13,1446,1.98,11.23
RCP08052,Afghan Main Course Special 54,Afghan,dinner,False,516,22,72,29,14,1422,1.8,2.2
RCP08053,Kabuli Pulao,Afghan,dinner,False,678,40,51,22,2,361,4.86,2.33
RCP08054,Afghan Main Course Special 56,Afghan,dinner,False,697,27,45,33,11,1442,3.78,23.76
RCP08055,Chapli Kebab,Afghan,morning_snack,False,592,17,38,28,2,979,1.98,21.52
RCP08056,Kabuli Pulao,Afghan,dinner,True,736,8,41,25,13,384,6.66,2.73
RCP08057,Chapli Kebab,Afghan,morning_snack,False,725,6,70,26,9,1184,3.96,19.35
RCP08058,Mantu,Afghan,dinner,False,253,45,64,29,5,633,6.84,15.4
RCP08059,Afghan Main Course Special 61,Afghan,dinner,True,276,11,40,12,3,236,6.3,8.97
RCP08060,Ashak,Afghan,dinner,False,458,15,48,16,7,1486,2.52,4.04
RCP08061,Ashak,Afghan,dinner,False,259,7,67,26,4,735,2.34,17.85
RCP08062,Afghan Main Course Special 64,Afghan,dinner,False,231,43,35,32,14,489,6.3,19.79
RCP08063,Afghan Main Course Special 65,Afghan,dinner,False,657,44,71,22,9,1247,5.04,9.72
RCP08064,Kabuli Pulao,Afghan,dinner,False,391,46,52,36,14,534,1.98,8.31
RCP08065,Bolani,Afghan,breakfast,False,241,47,79,23,12,571,3.96,23.56
RCP08066,Afghan Naan,Afghan,breakfast,False,376,32,76,17,3,450,4.5,13.2
RCP08067,Ashak,Afghan,dinner,False,708,12,64,11,14,447,3.24,20.23
RCP08068,Firni,Afghan,morning_snack,False,372,22,76,28,10,340,5.04,3.01
RCP08069,Afghan Main Course Special 71,Afghan,dinner,False,375,21,66,32,7,887,3.6,8.25
RCP08070,Afghan Main Course Special 72,Afghan,dinner,False,317,5,73,24,10,596,5.22,10.84
RCP08071,Firni,Afghan,morning_snack,False,235,27,46,23,12,928,4.68,23.42
RCP08072,Ashak,Afghan,dinner,False,684,17,42,23,10,801,6.3,11.86
RCP08073,Kabuli Pulao,Afghan,dinner,False,374,10,52,25,7,1120,5.76,14.67
RCP08074,Bolani,Afghan,breakfast,False,263,34,68,25,6,239,2.88,12.74
RCP08075,Afghan Naan,Afghan,breakfast,False,715,24,38,27,2,305,7.02,17.86
RCP08076,Qabili Palaw,Afghan,dinner,False,280,41,75,18,7,867,3.06,19.56
RCP08077,Qabili Palaw,Afghan,dinner,False,390,35,63,33,13,1226,2.16,15.21
RCP08078,Afghan Main Course Special 80,Afghan,dinner,True,667,8,59,18,9,411,3.42,7.06
RCP08079,Afghan Main Course Special 81,Afghan,dinner,True,754,6,38,24,10,1455,5.94,18.35
RCP08080,Mantu,Afghan,dinner,False,469,49,38,39,10,243,6.12,9.82
RCP08081,Afghan Naan,Afghan,breakfast,False,150,46,61,39,7,765,2.16,9.3
RCP08082,Qabili Palaw,Afghan,dinner,False,217,42,77,20,12,1215,3.78,17.97
RCP08083,Chapli Kebab,Afghan,morning_snack,False,798,24,42,25,11,883,2.7,19.63
RCP08084,Afghan Main Course Special 86,Afghan,dinner,False,230,21,37,37,4,1242,4.5,11.0
RCP08085,Firni,Afghan,morning_snack,False,556,24,57,33,12,776,2.16,7.43
RCP08086,Ashak,Afghan,dinner,False,507,35,56,16,8,761,5.94,8.59
RCP08087,Kabuli Pulao,Afghan,dinner,False,440,32,48,27,9,1372,6.84,8.24
RCP08088,Mantu,Afghan,dinner,False,626,26,44,18,3,1352,6.3,5.51
RCP08089,Ashak,Afghan,dinner,False,333,21,62,24,11,761,3.06,3.39
RCP08090,Chapli Kebab,Afghan,morning_snack,False,632,32,41,32,8,895,5.4,12.83
RCP08091,Afghan Main Course Special 93,Afghan,dinner,False,439,42,49,26,7,1290,5.94,23.64
RCP08092,Ashak,Afghan,dinner,False,734,49,32,34,8,1423,4.14,24.7
RCP08093,Chapli Kebab,Afghan,morning_snack,False,391,9,31,16,6,225,4.86,9.64
RCP08094,Ashak,Afghan,dinner,False,486,18,40,22,2,1173,4.14,19.72
RCP08095,Kabuli Pulao,Afghan,dinner,True,645,17,77,15,10,1452,3.78,19.63
RCP08096,Afghan Naan,Afghan,breakfast,False,516,35,31,37,10,639,4.14,18.1
RCP08097,Afghan Main Course Special 99,Afghan,dinner,False,661,26,57,23,11,1449,3.96,18.59
RCP08098,Afghan Naan,Afghan,breakfast,False,538,17,34,21,9,1070,6.48,21.75
RCP08099,Afghan Main Course Special 101,Afghan,dinner,False,381,22,66,37,10,1163,4.68,7.03
RCP08100,Mantu,Afghan,dinner,False,702,17,57,26,11,638,5.58,20.22
RCP08101,Afghan Main Course Special 103,Afghan,dinner,False,566,13,69,20,7,834,4.14,3.1
RCP08102,Chapli Kebab,Afghan,morning_snack,False,748,41,68,34,10,248,5.22,5.07
RCP08103,Afghan Main Course Special 105,Afghan,dinner,False,519,28,41,17,10,1395,6.12,7.53
RCP08104,Ashak,Afghan,dinner,False,314,22,63,23,7,870,3.06,21.5
RCP08105,Chapli Kebab,Afghan,morning_snack,False,342,7,74,25,4,823,6.84,10.87
RCP08106,Ashak,Afghan,dinner,False,152,28,55,28,5,753,5.94,12.63
RCP08107,Ashak,Afghan,dinner,False,190,12,67,12,14,1475,4.32,7.18
RCP08108,Afghan Main Course Special 110,Afghan,dinner,False,295,48,35,33,7,743,5.4,12.63
RCP08109,Bolani,Afghan,breakfast,False,304,45,50,24,11,369,3.96,9.81
RCP08110,Bolani,Afghan,breakfast,True,198,17,50,27,6,807,6.48,7.22
RCP08111,Afghan Main Course Special 113,Afghan,dinner,False,645,41,48,20,3,367,4.68,4.91
RCP08112,Qabili Palaw,Afghan,dinner,False,383,33,74,20,14,1276,3.42,17.62
RCP08113,Afghan Main Course Special 115,Afghan,dinner,False,574,26,40,20,12,1336,3.06,9.92
RCP08114,Ashak,Afghan,dinner,False,690,41,78,25,14,1186,4.14,5.96
RCP08115,Firni,Afghan,morning_snack,False,600,26,75,32,9,833,3.06,22.39
RCP08116,Kabuli Pulao,Afghan,dinner,False,259,45,73,32,13,779,4.32,2.62
RCP08117,Mantu,Afghan,dinner,False,414,41,60,38,10,586,3.6,21.08
RCP08118,Bolani,Afghan,breakfast,False,228,20,48,25,3,1384,3.42,13.57
RCP08119,Afghan Main Course Special 121,Afghan,dinner,False,543,23,65,16,12,1027,5.4,15.88
RCP08120,Afghan Naan,Afghan,breakfast,False,592,28,77,25,5,1017,5.04,25.0
RCP08121,Afghan Main Course Special 123,Afghan,dinner,False,534,49,70,29,14,1405,5.94,10.34
RCP08122,Kabuli Pulao,Afghan,dinner,False,230,40,64,18,2,1224,4.86,14.56
RCP08123,Ashak,Afghan,dinner,False,331,43,70,32,12,587,3.06,16.68
RCP08124,Kabuli Pulao,Afghan,dinner,False,207,35,34,21,6,1262,5.58,3.59
RCP08125,Firni,Afghan,morning_snack,False,752,21,61,36,10,1050,3.24,20.95
RCP08126,Afghan Main Course Special 128,Afghan,dinner,True,618,14,67,22,4,1164,4.14,20.79
RCP08127,Ashak,Afghan,dinner,False,293,49,63,20,6,1210,3.6,15.16
RCP08128,Ashak,Afghan,dinner,False,285,32,71,16,3,257,3.24,11.41
RCP08129,Mantu,Afghan,dinner,False,263,16,39,12,9,543,5.76,8.04
RCP08130,Mantu,Afghan,dinner,False,731,41,45,29,3,728,3.96,19.88
RCP08131,Firni,Afghan,morning_snack,True,592,15,45,22,3,1447,5.76,23.78
RCP08132,Qabili Palaw,Afghan,dinner,False,229,31,55,38,3,1423,5.76,12.35
RCP08133,Afghan Main Course Special 135,Afghan,dinner,False,633,32,68,20,13,1210,7.02,9.84
RCP08134,Ashak,Afghan,dinner,False,763,12,39,22,4,1451,3.96,4.07
RCP08135,Ashak,Afghan,dinner,False,244,12,75,26,13,740,2.34,18.02
RCP08136,Afghan Main Course Special 138,Afghan,dinner,True,285,18,71,26,9,1203,5.94,22.34
RCP08137,Bolani,Afghan,breakfast,False,302,43,40,30,6,581,6.12,13.55
RCP08138,Afghan Main Course Special 140,Afghan,dinner,True,361,5,41,25,3,978,5.58,13.34
RCP08139,Qabili Palaw,Afghan,dinner,False,395,45,36,38,10,607,4.14,20.1
RCP08140,Chapli Kebab,Afghan,morning_snack,False,685,10,75,10,7,650,5.94,15.64
RCP08141,Qabili Palaw,Afghan,dinner,False,750,46,41,18,12,893,2.88,5.52
RCP08142,Afghan Main Course Special 144,Afghan,dinner,True,376,14,53,25,7,888,4.5,16.64
RCP08143,Afghan Main Course Special 145,Afghan,dinner,False,229,29,61,30,3,321,4.5,8.41
RCP08144,Afghan Main Course Special 146,Afghan,dinner,False,656,7,57,29,5,1314,5.04,16.27
RCP08145,Afghan Naan,Afghan,breakfast,False,515,11,32,17,13,609,3.6,5.58
RCP08146,Afghan Main Course Special 148,Afghan,dinner,True,560,12,30,20,10,1369,3.06,23.82
RCP08147,Chapli Kebab,Afghan,morning_snack,False,202,37,34,25,8,221,2.34,11.99
RCP08148,Ashak,Afghan,dinner,False,518,31,37,33,10,1465,4.32,14.02
RCP08149,Kabuli Pulao,Afghan,dinner,False,646,24,41,33,4,456,3.78,8.76
RCP08150,Afghan Main Course Special 152,Afghan,dinner,False,304,44,56,15,12,583,5.04,15.21
RCP08151,Qabili Palaw,Afghan,dinner,False,582,25,47,39,4,843,2.16,4.33
RCP08152,Firni,Afghan,morning_snack,False,457,49,35,30,10,973,6.12,14.28
RCP08153,Bolani,Afghan,breakfast,False,713,42,74,33,14,689,6.3,19.11
RCP08154,Afghan Main Course Special 156,Afghan,dinner,False,224,11,69,29,2,1352,5.04,6.0
RCP08155,Afghan Naan,Afghan,breakfast,False,548,20,75,25,9,314,7.02,11.71
RCP08156,Kabuli Pulao,Afghan,dinner,False,717,30,36,26,11,709,4.32,21.44
RCP08157,Kabuli Pulao,Afghan,dinner,False,539,29,50,32,4,1051,7.02,14.85
RCP08158,Kabuli Pulao,Afghan,dinner,False,692,47,67,28,5,673,3.96,13.24
RCP08159,Mantu,Afghan,dinner,False,706,15,53,14,4,713,4.5,6.54
RCP08160,Firni,Afghan,morning_snack,False,657,35,72,17,10,200,2.7,6.97
RCP08161,Chapli Kebab,Afghan,morning_snack,False,364,21,55,33,3,843,2.88,7.26
RCP08162,Afghan Main Course Special 164,Afghan,dinner,True,554,18,50,28,9,1261,6.3,19.59
RCP08163,Ashak,Afghan,dinner,False,594,48,30,24,7,523,5.22,24.53
RCP08164,Afghan Main Course Special 166,Afghan,dinner,False,288,21,53,26,6,1227,5.58,22.14
RCP08165,Ashak,Afghan,dinner,False,412,16,53,13,2,475,3.96,12.6
RCP08166,Bolani,Afghan,breakfast,False,206,31,52,15,14,1126,3.42,11.99
RCP08167,Afghan Naan,Afghan,breakfast,True,222,19,68,25,13,1101,5.58,11.18
RCP08168,Afghan Main Course Special 170,Afghan,dinner,False,209,5,46,23,6,209,3.78,20.94
RCP08169,Afghan Main Course Special 171,Afghan,dinner,True,524,12,67,12,8,579,6.48,15.38
RCP08170,Bolani,Afghan,breakfast,False,350,23,64,15,11,542,3.78,20.92
RCP08171,Firni,Afghan,morning_snack,False,521,24,64,21,10,570,3.78,22.05
RCP08172,Bolani,Afghan,breakfast,False,194,45,65,30,2,314,2.7,7.09
RCP08173,Mantu,Afghan,dinner,False,368,18,73,10,2,1011,3.96,9.59
RCP08174,Afghan Main Course Special 176,Afghan,dinner,False,641,41,73,36,2,861,5.22,19.57
RCP08175,Chapli Kebab,Afghan,morning_snack,False,494,36,32,26,3,298,7.02,5.12
RCP08176,Firni,Afghan,morning_snack,False,211,47,49,36,4,1225,6.66,3.8
RCP08177,Kabuli Pulao,Afghan,dinner,False,241,39,53,19,13,232,4.32,5.45
RCP08178,Ashak,Afghan,dinner,False,365,6,33,10,8,1204,6.48,17.09
RCP08179,Qabili Palaw,Afghan,dinner,False,553,16,39,16,2,1284,3.06,18.35
RCP08180,Kabuli Pulao,Afghan,dinner,False,175,34,67,15,10,423,2.52,6.87
RCP08181,Afghan Main Course Special 183,Afghan,dinner,False,323,27,31,28,6,1186,7.02,16.93
RCP08182,Bolani,Afghan,breakfast,False,474,38,49,26,12,1327,7.02,24.46
RCP08183,Qabili Palaw,Afghan,dinner,True,301,12,74,24,6,572,6.3,13.63
RCP08184,Bolani,Afghan,breakfast,False,623,35,61,15,4,1349,3.6,3.07
RCP08185,Qabili Palaw,Afghan,dinner,False,568,37,66,25,8,730,4.5,10.4
RCP08186,Afghan Main Course Special 188,Afghan,dinner,False,705,30,51,38,3,904,5.4,10.41
RCP08187,Afghan Main Course Special 189,Afghan,dinner,True,678,16,61,10,5,566,1.8,21.13
RCP08188,Afghan Main Course Special 190,Afghan,dinner,False,441,27,41,20,3,237,6.48,5.66
RCP08189,Kabuli Pulao,Afghan,dinner,False,796,48,59,33,12,402,5.76,15.23
RCP08190,Chapli Kebab,Afghan,morning_snack,False,355,12,75,24,5,1214,6.12,20.15
RCP08191,Afghan Main Course Special 193,Afghan,dinner,False,487,37,59,30,2,604,1.8,2.39
RCP08192,Firni,Afghan,morning_snack,False,222,25,63,23,2,1473,6.3,7.66
RCP08193,Afghan Naan,Afghan,breakfast,False,337,28,73,17,13,1245,3.06,5.28
RCP08194,Afghan Main Course Special 196,Afghan,dinner,False,545,44,64,16,3,925,6.12,18.0
RCP08195,Ashak,Afghan,dinner,False,657,24,76,34,12,574,2.16,13.01
RCP08196,Afghan Main Course Special 198,Afghan,dinner,False,788,32,40,21,8,1423,1.8,8.01
RCP08197,Qabili Palaw,Afghan,dinner,False,429,29,70,33,14,1190,4.86,16.78
RCP08198,Firni,Afghan,morning_snack,False,458,39,75,15,5,711,1.8,18.3
RCP08199,Afghan Rice Dishes Special 1,Afghan,dinner,True,684,10,53,10,3,1200,1.8,18.81
RCP08200,Kabuli Pulao,Afghan,dinner,False,320,46,48,19,5,768,5.58,21.14
RCP08201,Afghan Rice Dishes Special 3,Afghan,dinner,False,515,26,67,19,7,1190,3.42,15.1
RCP08202,Afghan Rice Dishes Special 4,Afghan,dinner,False,587,32,61,35,8,1422,4.68,15.95
RCP08203,Mantu,Afghan,dinner,False,565,24,69,35,14,952,2.16,23.73
RCP08204,Chapli Kebab,Afghan,morning_snack,False,161,33,55,23,2,1129,3.78,8.51
RCP08205,Mantu,Afghan,dinner,False,535,11,64,11,9,1261,3.42,18.76
RCP08206,Bolani,Afghan,breakfast,False,605,46,71,34,4,1380,1.8,16.54
RCP08207,Afghan Naan,Afghan,breakfast,False,568,43,40,32,10,608,3.6,12.98
RCP08208,Firni,Afghan,morning_snack,False,378,32,59,30,12,925,5.04,19.49
RCP08209,Ashak,Afghan,dinner,False,363,41,52,15,2,282,3.96,19.08
RCP08210,Ashak,Afghan,dinner,False,184,18,58,10,2,1040,7.02,6.84
RCP08211,Bolani,Afghan,breakfast,False,510,46,52,15,12,711,5.4,13.37
RCP08212,Firni,Afghan,morning_snack,False,613,33,58,23,9,732,3.06,19.99
RCP08213,Firni,Afghan,morning_snack,False,263,32,34,30,14,809,4.14,13.74
RCP08214,Firni,Afghan,morning_snack,False,471,44,77,30,12,1122,4.68,18.66
RCP08215,Bolani,Afghan,breakfast,False,390,40,62,28,10,560,2.88,8.44
RCP08216,Afghan Naan,Afghan,breakfast,True,798,19,34,11,9,460,1.8,7.4
RCP08217,Mantu,Afghan,dinner,False,508,46,32,17,14,697,6.66,14.73
RCP08218,Afghan Naan,Afghan,breakfast,False,343,20,66,35,11,1237,5.4,2.72
RCP08219,Bolani,Afghan,breakfast,True,477,16,39,21,12,652,5.4,2.14
RCP08220,Afghan Rice Dishes Special 22,Afghan,dinner,False,167,44,31,17,10,1052,4.5,8.32
RCP08221,Afghan Naan,Afghan,breakfast,False,573,38,32,34,7,399,6.12,14.02
RCP08222,Mantu,Afghan,dinner,False,632,43,67,25,7,1389,3.42,6.17
RCP08223,Afghan Naan,Afghan,breakfast,True,655,7,63,23,10,1155,5.4,16.25
RCP08224,Afghan Rice Dishes Special 26,Afghan,dinner,True,336,10,42,18,10,494,3.6,15.91
RCP08225,Afghan Rice Dishes Special 27,Afghan,dinner,False,408,48,63,26,14,208,5.58,11.26
RCP08226,Kabuli Pulao,Afghan,dinner,True,450,15,47,12,13,1370,2.34,3.13
RCP08227,Chapli Kebab,Afghan,morning_snack,False,327,49,33,25,3,1188,3.96,9.28
RCP08228,Kabuli Pulao,Afghan,dinner,False,728,36,39,37,8,1209,7.02,22.81
RCP08229,Afghan Rice Dishes Special 31,Afghan,dinner,False,450,27,56,38,11,469,6.12,23.76
RCP08230,Kabuli Pulao,Afghan,dinner,False,538,40,64,17,10,582,6.48,17.48
RCP08231,Qabili Palaw,Afghan,dinner,False,331,12,32,12,7,423,6.3,8.45
RCP08232,Afghan Naan,Afghan,breakfast,True,456,19,42,29,12,733,2.16,2.46
RCP08233,Mantu,Afghan,dinner,False,692,36,73,17,3,1317,6.12,20.69
RCP08234,Afghan Rice Dishes Special 36,Afghan,dinner,True,723,6,30,26,9,1313,2.88,17.54
RCP08235,Afghan Rice Dishes Special 37,Afghan,dinner,False,213,32,59,21,8,1452,5.58,14.67
RCP08236,Mantu,Afghan,dinner,False,311,39,64,24,14,1115,3.96,6.4
RCP08237,Mantu,Afghan,dinner,False,604,42,74,34,7,945,3.42,21.17
RCP08238,Chapli Kebab,Afghan,morning_snack,False,788,21,62,36,4,534,4.68,2.68
RCP08239,Mantu,Afghan,dinner,False,557,45,35,28,5,364,5.58,6.05
RCP08240,Bolani,Afghan,breakfast,True,639,19,31,27,10,438,5.4,19.78
RCP08241,Afghan Rice Dishes Special 43,Afghan,dinner,False,591,39,38,24,8,1421,4.86,14.19
RCP08242,Bolani,Afghan,breakfast,False,797,34,76,38,2,1115,2.16,2.74
RCP08243,Mantu,Afghan,dinner,False,706,15,66,19,6,928,4.32,17.87
RCP08244,Mantu,Afghan,dinner,False,385,11,73,15,13,568,3.24,3.68
RCP08245,Firni,Afghan,morning_snack,False,656,37,42,17,11,1487,5.04,16.95
RCP08246,Ashak,Afghan,dinner,False,156,22,58,34,11,802,3.42,3.59
RCP08247,Ashak,Afghan,dinner,False,368,5,42,16,8,419,2.52,19.64
RCP08248,Kabuli Pulao,Afghan,dinner,False,660,33,69,29,8,1248,5.94,17.39
RCP08249,Firni,Afghan,morning_snack,False,490,27,50,35,4,423,6.66,11.03
RCP08250,Mantu,Afghan,dinner,False,516,33,69,17,5,755,2.34,4.32
RCP08251,Mantu,Afghan,dinner,False,558,35,44,31,3,814,5.22,23.27
RCP08252,Chapli Kebab,Afghan,morning_snack,False,305,49,77,32,8,1172,6.48,22.44
RCP08253,Firni,Afghan,morning_snack,False,591,43,52,31,13,649,5.22,12.34
RCP08254,Qabili Palaw,Afghan,dinner,True,276,16,47,15,4,1086,6.84,14.41
RCP08255,Bolani,Afghan,breakfast,True,562,19,76,14,14,1354,4.32,22.41
RCP08256,Ashak,Afghan,dinner,False,790,48,75,19,7,848,3.96,2.2
RCP08257,Bolani,Afghan,breakfast,False,379,18,72,20,7,762,5.22,17.89
RCP08258,Qabili Palaw,Afghan,dinner,False,765,22,54,19,7,980,1.8,2.32
RCP08259,Kabuli Pulao,Afghan,dinner,False,476,30,33,33,11,1499,2.34,16.29
RCP08260,Kabuli Pulao,Afghan,dinner,True,385,19,42,16,10,664,4.86,23.5
RCP08261,Qabili Palaw,Afghan,dinner,False,653,38,45,25,7,755,3.24,18.91
RCP08262,Qabili Palaw,Afghan,dinner,True,190,13,34,14,2,1039,4.5,18.94
RCP08263,Afghan Naan,Afghan,breakfast,False,219,48,72,21,5,510,5.94,12.76
RCP08264,Afghan Rice Dishes Special 66,Afghan,dinner,True,322,15,54,11,2,1456,3.42,24.63
RCP08265,Firni,Afghan,morning_snack,False,649,35,40,17,11,1467,4.14,8.28
RCP08266,Afghan Rice Dishes Special 68,Afghan,dinner,False,468,30,36,25,12,943,5.22,12.52
RCP08267,Ashak,Afghan,dinner,False,191,41,74,22,3,719,3.96,21.27
RCP08268,Mantu,Afghan,dinner,False,555,42,74,37,14,1264,3.24,15.92
RCP08269,Afghan Naan,Afghan,breakfast,False,265,45,73,38,4,529,6.66,8.67
RCP08270,Afghan Rice Dishes Special 72,Afghan,dinner,False,163,49,41,35,14,1274,6.3,2.66
RCP08271,Ashak,Afghan,dinner,False,712,11,30,29,10,326,3.06,21.72
RCP08272,Afghan Rice Dishes Special 74,Afghan,dinner,True,188,13,60,27,3,379,4.32,20.78
RCP08273,Afghan Rice Dishes Special 75,Afghan,dinner,False,741,22,77,30,14,1121,2.7,9.29
RCP08274,Afghan Rice Dishes Special 76,Afghan,dinner,False,783,45,34,22,2,1283,6.12,15.45
RCP08275,Afghan Rice Dishes Special 77,Afghan,dinner,True,289,12,66,12,10,625,2.88,23.47
RCP08276,Mantu,Afghan,dinner,False,597,36,39,33,3,652,2.88,16.89
RCP08277,Afghan Rice Dishes Special 79,Afghan,dinner,True,425,18,31,24,6,1072,5.76,12.72
RCP08278,Chapli Kebab,Afghan,morning_snack,False,290,17,60,19,9,1193,6.48,21.9
RCP08279,Afghan Rice Dishes Special 81,Afghan,dinner,False,521,9,50,16,2,1400,2.16,10.18
RCP08280,Firni,Afghan,morning_snack,False,296,5,70,24,2,930,5.04,20.07
RCP08281,Ashak,Afghan,dinner,False,489,19,56,21,2,1065,1.98,20.53
RCP08282,Afghan Rice Dishes Special 84,Afghan,dinner,False,693,48,46,25,4,572,5.22,12.86
RCP08283,Bolani,Afghan,breakfast,False,244,42,49,16,5,600,5.22,23.62
RCP08284,Ashak,Afghan,dinner,False,646,38,53,37,6,1126,2.34,14.69
RCP08285,Mantu,Afghan,dinner,False,177,43,31,15,4,1412,2.7,3.05
RCP08286,Mantu,Afghan,dinner,False,638,46,79,15,3,876,3.24,13.43
RCP08287,Afghan Rice Dishes Special 89,Afghan,dinner,True,799,16,54,21,14,273,5.76,20.32
RCP08288,Afghan Rice Dishes Special 90,Afghan,dinner,False,715,17,54,29,3,953,7.02,21.76
RCP08289,Afghan Naan,Afghan,breakfast,False,744,16,64,18,9,1157,4.68,16.04
RCP08290,Mantu,Afghan,dinner,False,453,26,54,24,14,831,2.52,7.54
RCP08291,Firni,Afghan,morning_snack,False,437,18,63,27,10,763,6.3,15.17
RCP08292,Afghan Rice Dishes Special 94,Afghan,dinner,False,193,30,72,24,3,1068,3.24,18.85
RCP08293,Chapli Kebab,Afghan,morning_snack,False,598,8,68,23,6,924,5.76,4.38
RCP08294,Afghan Rice Dishes Special 96,Afghan,dinner,True,487,19,35,20,8,1276,6.84,18.36
RCP08295,Afghan Naan,Afghan,breakfast,False,216,22,66,18,6,1039,5.4,3.23
RCP08296,Afghan Rice Dishes Special 98,Afghan,dinner,True,775,19,52,25,9,409,4.86,24.16
RCP08297,Bolani,Afghan,breakfast,False,173,31,73,29,2,311,5.4,15.44
RCP08298,Qabili Palaw,Afghan,dinner,False,254,19,74,22,10,462,5.58,8.44
RCP08299,Chapli Kebab,Afghan,morning_snack,False,368,19,61,14,6,819,3.6,20.3
RCP08300,Afghan Rice Dishes Special 102,Afghan,dinner,False,299,32,66,21,5,1072,2.88,10.01
RCP08301,Kabuli Pulao,Afghan,dinner,False,672,24,72,24,6,1450,5.94,4.07
RCP08302,Mantu,Afghan,dinner,False,338,23,43,28,5,1002,4.14,6.62
RCP08303,Afghan Naan,Afghan,breakfast,False,337,16,32,20,2,1276,4.5,24.84
RCP08304,Afghan Rice Dishes Special 106,Afghan,dinner,False,661,39,42,38,12,676,7.02,23.21
RCP08305,Chapli Kebab,Afghan,morning_snack,False,624,41,72,28,10,687,4.14,21.76
RCP08306,Chapli Kebab,Afghan,morning_snack,False,646,44,39,21,9,352,5.4,5.93
RCP08307,Afghan Rice Dishes Special 109,Afghan,dinner,False,396,30,74,21,9,653,2.34,20.43
RCP08308,Afghan Rice Dishes Special 110,Afghan,dinner,False,317,30,68,29,9,439,1.98,23.39
RCP08309,Afghan Naan,Afghan,breakfast,True,300,12,66,21,14,1263,5.58,12.77
RCP08310,Mantu,Afghan,dinner,False,668,28,57,31,2,1406,4.68,8.14
RCP08311,Bolani,Afghan,breakfast,False,634,13,33,19,6,1432,1.98,21.63
RCP08312,Afghan Rice Dishes Special 114,Afghan,dinner,False,184,48,73,22,9,1446,2.52,4.73
RCP08313,Afghan Rice Dishes Special 115,Afghan,dinner,False,327,35,42,20,14,1283,4.68,16.71
RCP08314,Afghan Rice Dishes Special 116,Afghan,dinner,False,696,26,35,34,4,812,6.3,7.62
RCP08315,Afghan Rice Dishes Special 117,Afghan,dinner,False,254,43,65,33,12,844,2.7,3.4
RCP08316,Firni,Afghan,morning_snack,False,187,34,70,15,7,687,4.14,6.08
RCP08317,Firni,Afghan,morning_snack,False,745,12,60,21,12,1275,3.24,11.42
RCP08318,Mantu,Afghan,dinner,False,382,28,41,25,8,1337,4.5,23.36
RCP08319,Bolani,Afghan,breakfast,False,362,26,76,20,14,1324,2.7,13.89
RCP08320,Firni,Afghan,morning_snack,False,461,40,50,39,12,1354,6.48,10.92
RCP08321,Firni,Afghan,morning_snack,False,245,48,53,39,4,1359,5.58,4.8
RCP08322,Qabili Palaw,Afghan,dinner,False,679,23,31,24,11,1312,4.32,7.17
RCP08323,Chapli Kebab,Afghan,morning_snack,False,668,20,37,34,3,1147,5.94,14.0
RCP08324,Ashak,Afghan,dinner,False,767,44,30,30,11,841,2.7,21.96
RCP08325,Afghan Rice Dishes Special 127,Afghan,dinner,True,580,9,74,11,13,892,6.84,22.44
RCP08326,Kabuli Pulao,Afghan,dinner,False,449,24,69,24,5,596,3.06,13.37
RCP08327,Mantu,Afghan,dinner,False,343,11,69,29,10,1208,2.52,10.58
RCP08328,Afghan Rice Dishes Special 130,Afghan,dinner,True,546,17,35,25,12,491,5.94,13.27
RCP08329,Bolani,Afghan,breakfast,False,752,45,70,38,13,1125,6.48,9.96
RCP08330,Ashak,Afghan,dinner,False,633,25,42,15,10,911,3.78,19.91
RCP08331,Chapli Kebab,Afghan,morning_snack,False,520,15,50,19,13,228,3.06,18.64
RCP08332,Kabuli Pulao,Afghan,dinner,True,208,8,32,24,4,895,3.06,24.86
RCP08333,Afghan Rice Dishes Special 135,Afghan,dinner,False,545,15,56,25,4,1441,2.88,7.67
RCP08334,Firni,Afghan,morning_snack,True,761,18,41,29,5,273,5.76,15.46
RCP08335,Kabuli Pulao,Afghan,dinner,False,675,31,74,19,14,655,6.84,2.8
RCP08336,Afghan Rice Dishes Special 138,Afghan,dinner,True,732,13,33,12,6,414,6.48,12.63
RCP08337,Afghan Rice Dishes Special 139,Afghan,dinner,False,446,31,30,34,4,1462,5.22,10.08
RCP08338,Afghan Rice Dishes Special 140,Afghan,dinner,False,730,33,51,32,14,1112,4.14,19.48
RCP08339,Afghan Rice Dishes Special 141,Afghan,dinner,False,360,32,46,21,5,296,4.68,8.55
RCP08340,Afghan Rice Dishes Special 142,Afghan,dinner,True,615,19,34,13,2,473,4.68,12.54
RCP08341,Bolani,Afghan,breakfast,False,442,20,48,22,13,1084,5.4,6.38
RCP08342,Kabuli Pulao,Afghan,dinner,False,684,49,41,31,10,1305,4.14,23.87
RCP08343,Qabili Palaw,Afghan,dinner,False,405,42,49,39,14,970,3.96,6.79
RCP08344,Chapli Kebab,Afghan,morning_snack,False,660,41,55,33,10,991,6.48,11.82
RCP08345,Kabuli Pulao,Afghan,dinner,False,742,45,40,22,8,359,2.7,24.98
RCP08346,Chapli Kebab,Afghan,morning_snack,False,337,19,39,14,11,1223,4.5,9.48
RCP08347,Afghan Rice Dishes Special 149,Afghan,dinner,False,410,49,53,35,13,1165,3.96,15.28
RCP08348,Bolani,Afghan,breakfast,False,184,43,75,32,10,711,5.76,21.35
RCP08349,Bolani,Afghan,breakfast,False,220,28,51,17,12,1256,6.84,18.32
RCP08350,Qabili Palaw,Afghan,dinner,False,261,28,33,26,8,365,5.4,21.98
RCP08351,Mantu,Afghan,dinner,False,178,28,43,33,5,886,6.12,12.72
RCP08352,Afghan Rice Dishes Special 154,Afghan,dinner,False,728,16,57,10,8,764,5.94,21.28
RCP08353,Kabuli Pulao,Afghan,dinner,False,413,25,66,29,9,1302,4.14,3.65
RCP08354,Mantu,Afghan,dinner,False,467,40,56,16,11,766,1.98,4.1
RCP08355,Chapli Kebab,Afghan,morning_snack,False,687,11,43,28,8,1326,5.94,11.56
RCP08356,Afghan Naan,Afghan,breakfast,False,278,37,72,34,2,357,6.84,20.33
RCP08357,Kabuli Pulao,Afghan,dinner,False,457,32,30,29,13,775,5.76,4.91
RCP08358,Afghan Rice Dishes Special 160,Afghan,dinner,True,667,18,72,11,14,739,5.58,2.19
RCP08359,Afghan Naan,Afghan,breakfast,True,528,17,40,20,13,438,5.94,24.76
RCP08360,Kabuli Pulao,Afghan,dinner,False,758,20,35,33,10,852,4.5,12.65
RCP08361,Afghan Rice Dishes Special 163,Afghan,dinner,True,280,12,61,25,3,1362,6.66,17.36
RCP08362,Afghan Rice Dishes Special 164,Afghan,dinner,False,460,47,61,34,2,657,5.94,13.39
RCP08363,Afghan Rice Dishes Special 165,Afghan,dinner,False,481,40,31,21,6,316,4.86,24.78
RCP08364,Chapli Kebab,Afghan,morning_snack,False,604,8,40,17,9,1198,2.16,3.29
RCP08365,Qabili Palaw,Afghan,dinner,True,242,18,74,24,5,1273,3.78,15.0
RCP08366,Chapli Kebab,Afghan,morning_snack,False,366,46,58,25,6,859,4.32,23.39
RCP08367,Qabili Palaw,Afghan,dinner,False,345,44,64,18,11,1272,6.12,13.77
RCP08368,Ashak,Afghan,dinner,False,583,14,34,26,10,802,2.16,15.71
RCP08369,Afghan Rice Dishes Special 171,Afghan,dinner,True,759,15,71,28,8,556,3.42,18.65
RCP08370,Kabuli Pulao,Afghan,dinner,True,684,18,52,14,2,973,2.16,7.57
RCP08371,Afghan Rice Dishes Special 173,Afghan,dinner,False,177,42,79,27,7,1382,2.16,20.51
RCP08372,Afghan Rice Dishes Special 174,Afghan,dinner,False,500,21,70,19,9,1116,3.96,15.81
RCP08373,Qabili Palaw,Afghan,dinner,False,673,32,71,21,7,547,4.32,21.33
RCP08374,Bolani,Afghan,breakfast,False,445,46,69,25,2,1354,6.12,10.44
RCP08375,Afghan Rice Dishes Special 177,Afghan,dinner,False,599,48,75,35,2,1166,1.98,19.33
RCP08376,Afghan Rice Dishes Special 178,Afghan,dinner,False,523,7,43,25,7,799,6.84,11.33
RCP08377,Qabili Palaw,Afghan,dinner,False,477,22,76,16,4,899,2.16,21.37
RCP08378,Afghan Naan,Afghan,breakfast,False,620,8,30,28,13,514,6.84,7.3
RCP08379,Afghan Rice Dishes Special 181,Afghan,dinner,False,375,36,54,34,5,1173,6.3,9.53
RCP08380,Mantu,Afghan,dinner,False,699,41,53,23,2,421,2.7,24.94
RCP08381,Mantu,Afghan,dinner,False,161,15,62,19,7,750,1.8,4.15
RCP08382,Chapli Kebab,Afghan,morning_snack,False,634,36,35,27,13,814,2.34,12.97
RCP08383,Mantu,Afghan,dinner,False,636,19,62,24,14,724,3.42,11.5
RCP08384,Kabuli Pulao,Afghan,dinner,False,671,29,42,29,13,1340,3.24,23.46
RCP08385,Firni,Afghan,morning_snack,True,538,8,55,14,7,1188,6.48,12.77
RCP08386,Qabili Palaw,Afghan,dinner,False,669,32,67,35,12,425,4.5,15.12
RCP08387,Afghan Rice Dishes Special 189,Afghan,dinner,False,155,35,52,21,5,618,6.66,18.58
RCP08388,Chapli Kebab,Afghan,morning_snack,False,181,29,32,23,14,959,1.8,13.9
RCP08389,Afghan Naan,Afghan,breakfast,False,554,31,45,15,4,679,6.3,5.54
RCP08390,Bolani,Afghan,breakfast,False,170,29,35,25,6,277,2.7,20.7
RCP08391,Firni,Afghan,morning_snack,True,179,7,67,29,10,813,2.16,22.26
RCP08392,Afghan Naan,Afghan,breakfast,False,760,30,34,36,5,453,5.58,12.45
RCP08393,Mantu,Afghan,dinner,False,569,45,44,25,2,492,4.14,21.84
RCP08394,Chapli Kebab,Afghan,morning_snack,False,601,20,58,25,4,1311,3.78,22.33
RCP08395,Afghan Naan,Afghan,breakfast,False,154,43,67,35,4,608,2.88,20.01
RCP08396,Afghan Rice Dishes Special 198,Afghan,dinner,False,598,39,62,29,5,880,6.12,9.51
RCP08397,Ashak,Afghan,dinner,False,419,22,37,28,8,421,6.12,23.07
RCP08398,Kabuli Pulao,Afghan,dinner,False,409,48,58,21,8,1409,3.42,4.72
RCP08399,Afghan Bread Special 1,Afghan,breakfast,True,309,9,31,19,3,1032,4.86,15.59
RCP08400,Firni,Afghan,morning_snack,False,452,26,34,19,3,724,3.96,21.66
RCP08401,Afghan Bread Special 3,Afghan,breakfast,False,191,43,60,24,2,1360,3.78,14.91
RCP08402,Qabili Palaw,Afghan,dinner,False,241,28,79,25,14,838,5.04,6.2
RCP08403,Qabili Palaw,Afghan,dinner,True,621,6,48,25,14,386,6.66,15.61
RCP08404,Afghan Bread Special 6,Afghan,breakfast,False,344,8,45,26,13,1111,7.02,15.46
RCP08405,Afghan Naan,Afghan,breakfast,False,447,28,48,36,8,1468,5.4,2.24
RCP08406,Firni,Afghan,morning_snack,True,580,16,48,23,4,433,1.8,4.07
RCP08407,Firni,Afghan,morning_snack,False,577,38,40,35,8,1290,4.32,7.04
RCP08408,Afghan Bread Special 10,Afghan,breakfast,False,389,41,59,19,2,1007,3.6,2.15
RCP08409,Afghan Bread Special 11,Afghan,breakfast,False,564,25,59,34,11,719,5.4,10.76
RCP08410,Kabuli Pulao,Afghan,dinner,False,363,29,68,22,2,511,3.6,24.22
RCP08411,Afghan Naan,Afghan,breakfast,False,664,44,78,33,11,600,2.7,22.04
RCP08412,Qabili Palaw,Afghan,dinner,False,722,36,48,38,7,1320,2.16,15.76
RCP08413,Qabili Palaw,Afghan,dinner,False,348,16,77,26,14,332,3.06,24.01
RCP08414,Ashak,Afghan,dinner,False,718,36,36,38,11,678,6.66,22.62
RCP08415,Kabuli Pulao,Afghan,dinner,False,546,46,38,37,13,820,4.86,15.16
RCP08416,Afghan Bread Special 18,Afghan,breakfast,False,674,29,54,24,11,643,3.96,13.74
RCP08417,Chapli Kebab,Afghan,morning_snack,False,338,45,39,37,9,1364,4.32,11.14
RCP08418,Afghan Naan,Afghan,breakfast,False,422,48,42,18,3,431,5.4,5.06
RCP08419,Mantu,Afghan,dinner,False,197,45,41,37,13,750,2.34,23.95
RCP08420,Ashak,Afghan,dinner,False,660,27,65,38,11,477,5.76,20.72
RCP08421,Afghan Naan,Afghan,breakfast,True,620,14,67,29,7,404,1.98,14.85
RCP08422,Afghan Bread Special 24,Afghan,breakfast,False,736,44,77,18,4,1029,6.66,23.12
RCP08423,Ashak,Afghan,dinner,False,532,24,77,26,13,414,2.16,24.85
RCP08424,Bolani,Afghan,breakfast,False,591,32,62,17,6,350,3.6,24.96
RCP08425,Chapli Kebab,Afghan,morning_snack,False,260,45,40,28,7,433,2.52,17.69
RCP08426,Afghan Naan,Afghan,breakfast,True,151,17,41,12,8,215,3.6,7.89
RCP08427,Afghan Naan,Afghan,breakfast,False,495,16,61,16,4,562,3.42,17.53
RCP08428,Bolani,Afghan,breakfast,False,569,29,35,26,4,875,2.52,13.86
RCP08429,Mantu,Afghan,dinner,False,235,23,54,24,9,690,1.98,6.27
RCP08430,Afghan Bread Special 32,Afghan,breakfast,False,638,37,30,18,4,1429,6.12,12.96
RCP08431,Qabili Palaw,Afghan,dinner,False,786,46,40,24,11,1130,2.16,2.78
RCP08432,Mantu,Afghan,dinner,False,583,32,38,23,8,872,4.5,16.52
RCP08433,Afghan Naan,Afghan,breakfast,False,359,24,59,26,4,1372,2.16,5.64
RCP08434,Firni,Afghan,morning_snack,False,737,39,64,30,11,1106,3.24,7.08
RCP08435,Mantu,Afghan,dinner,False,188,37,53,19,6,1080,3.6,12.64
RCP08436,Firni,Afghan,morning_snack,False,481,15,57,23,11,1190,6.48,5.62
RCP08437,Qabili Palaw,Afghan,dinner,False,557,32,68,20,9,927,2.7,19.06
RCP08438,Kabuli Pulao,Afghan,dinner,True,422,5,74,10,4,1448,4.86,2.12
RCP08439,Afghan Bread Special 41,Afghan,breakfast,True,206,16,33,17,7,1387,6.84,2.86
RCP08440,Mantu,Afghan,dinner,False,430,20,73,25,8,822,3.24,14.45
RCP08441,Qabili Palaw,Afghan,dinner,False,223,29,43,17,2,772,3.6,6.08
RCP08442,Kabuli Pulao,Afghan,dinner,False,415,22,56,26,5,1266,3.24,17.53
RCP08443,Afghan Bread Special 45,Afghan,breakfast,False,264,25,58,32,6,713,6.48,20.1
RCP08444,Afghan Bread Special 46,Afghan,breakfast,True,788,12,76,15,5,1433,1.8,13.02
RCP08445,Qabili Palaw,Afghan,dinner,True,600,10,52,24,14,1037,3.96,16.67
RCP08446,Mantu,Afghan,dinner,False,543,45,34,16,4,1166,5.04,15.5
RCP08447,Mantu,Afghan,dinner,False,630,33,75,19,3,1476,6.66,21.84
RCP08448,Afghan Bread Special 50,Afghan,breakfast,False,376,12,59,12,6,855,3.96,13.24
RCP08449,Afghan Bread Special 51,Afghan,breakfast,False,405,35,31,36,13,585,6.3,22.9
RCP08450,Afghan Naan,Afghan,breakfast,False,638,41,68,19,5,623,1.98,5.45
RCP08451,Afghan Bread Special 53,Afghan,breakfast,False,259,34,71,23,11,987,2.16,22.01
RCP08452,Qabili Palaw,Afghan,dinner,True,317,7,55,28,3,1341,5.76,19.31
RCP08453,Firni,Afghan,morning_snack,False,404,28,77,32,13,1288,1.8,14.04
RCP08454,Kabuli Pulao,Afghan,dinner,False,565,7,56,25,12,681,2.34,2.79
RCP08455,Chapli Kebab,Afghan,morning_snack,False,152,12,38,27,6,944,3.06,17.72
RCP08456,Bolani,Afghan,breakfast,False,560,23,36,27,9,1136,1.8,5.12
RCP08457,Afghan Bread Special 59,Afghan,breakfast,False,360,19,68,27,4,1180,1.98,7.05
RCP08458,Afghan Bread Special 60,Afghan,breakfast,False,450,25,31,31,4,601,2.88,16.88
RCP08459,Mantu,Afghan,dinner,False,328,49,46,38,8,474,2.52,9.02
RCP08460,Afghan Bread Special 62,Afghan,breakfast,False,259,16,74,10,13,480,5.94,21.78
RCP08461,Afghan Bread Special 63,Afghan,breakfast,False,740,20,34,30,13,1099,3.24,23.24
RCP08462,Firni,Afghan,morning_snack,False,242,27,42,29,14,1223,6.12,7.9
RCP08463,Chapli Kebab,Afghan,morning_snack,False,298,20,49,25,9,1385,4.5,15.04
RCP08464,Chapli Kebab,Afghan,morning_snack,False,303,36,47,38,4,1347,4.68,18.88
RCP08465,Afghan Bread Special 67,Afghan,breakfast,False,237,49,62,30,2,1335,6.48,24.01
RCP08466,Qabili Palaw,Afghan,dinner,True,472,16,40,22,12,929,6.66,4.17
RCP08467,Afghan Naan,Afghan,breakfast,True,722,8,77,26,7,1030,2.16,24.85
RCP08468,Afghan Bread Special 70,Afghan,breakfast,False,434,5,57,17,2,336,1.8,3.1
RCP08469,Afghan Bread Special 71,Afghan,breakfast,False,251,11,78,13,4,923,5.58,18.46
RCP08470,Chapli Kebab,Afghan,morning_snack,False,390,21,44,26,14,1302,5.22,14.74
RCP08471,Mantu,Afghan,dinner,False,446,34,47,37,8,472,6.84,17.26
RCP08472,Afghan Bread Special 74,Afghan,breakfast,False,622,11,55,13,13,668,1.98,19.05
RCP08473,Afghan Bread Special 75,Afghan,breakfast,False,428,22,36,15,4,782,4.5,12.23
RCP08474,Afghan Bread Special 76,Afghan,breakfast,False,328,37,72,32,4,686,2.16,11.63
RCP08475,Afghan Bread Special 77,Afghan,breakfast,False,764,6,66,22,6,912,1.98,7.55
RCP08476,Kabuli Pulao,Afghan,dinner,False,450,34,72,16,13,1239,2.52,5.74
RCP08477,Qabili Palaw,Afghan,dinner,True,363,7,72,13,5,863,6.48,16.34
RCP08478,Mantu,Afghan,dinner,False,398,45,75,21,12,1276,4.14,7.26
RCP08479,Afghan Naan,Afghan,breakfast,True,626,17,35,16,12,846,5.94,4.81
RCP08480,Qabili Palaw,Afghan,dinner,True,413,12,70,23,9,1397,3.24,15.27
RCP08481,Chapli Kebab,Afghan,morning_snack,False,691,19,42,28,6,1033,4.14,17.83
RCP08482,Mantu,Afghan,dinner,False,765,36,69,21,11,1202,2.88,10.1
RCP08483,Mantu,Afghan,dinner,False,212,21,44,24,10,1359,3.42,23.83
RCP08484,Qabili Palaw,Afghan,dinner,False,380,41,72,24,8,215,1.8,17.32
RCP08485,Mantu,Afghan,dinner,False,308,23,72,20,13,274,2.7,15.26
RCP08486,Chapli Kebab,Afghan,morning_snack,False,553,8,53,13,14,1266,5.4,24.81
RCP08487,Qabili Palaw,Afghan,dinner,False,351,30,57,35,12,1070,4.14,20.79
RCP08488,Firni,Afghan,morning_snack,False,432,41,70,26,12,1164,3.06,23.52
RCP08489,Kabuli Pulao,Afghan,dinner,False,338,22,79,23,13,1410,7.02,14.58
RCP08490,Afghan Bread Special 92,Afghan,breakfast,True,602,7,46,22,12,510,3.96,9.08
RCP08491,Bolani,Afghan,breakfast,False,603,35,45,23,7,899,5.4,7.19
RCP08492,Kabuli Pulao,Afghan,dinner,False,198,47,63,24,14,1231,6.84,21.81
RCP08493,Kabuli Pulao,Afghan,dinner,False,736,30,52,29,7,848,1.8,10.97
RCP08494,Afghan Bread Special 96,Afghan,breakfast,True,298,12,37,24,12,1126,4.86,14.18
RCP08495,Bolani,Afghan,breakfast,True,714,15,59,10,2,453,4.32,22.85
RCP08496,Afghan Bread Special 98,Afghan,breakfast,False,306,48,54,36,12,555,6.48,2.29
RCP08497,Afghan Bread Special 99,Afghan,breakfast,False,512,27,77,22,7,837,5.22,18.02
RCP08498,Kabuli Pulao,Afghan,dinner,False,689,35,77,25,8,365,5.94,16.58
RCP08499,Ashak,Afghan,dinner,False,215,30,43,15,3,399,3.78,9.74
RCP08500,Afghan Bread Special 102,Afghan,breakfast,False,694,35,78,32,6,723,4.32,24.5
RCP08501,Afghan Bread Special 103,Afghan,breakfast,True,747,17,48,18,7,587,1.98,16.26
RCP08502,Afghan Bread Special 104,Afghan,breakfast,False,180,39,64,34,5,1081,3.78,12.35
RCP08503,Afghan Bread Special 105,Afghan,breakfast,False,156,24,79,24,11,1111,5.22,8.56
RCP08504,Chapli Kebab,Afghan,morning_snack,False,604,12,52,19,9,1066,5.76,14.73
RCP08505,Bolani,Afghan,breakfast,False,694,39,74,24,5,1370,3.96,8.5
RCP08506,Bolani,Afghan,breakfast,False,212,28,41,23,3,1085,3.6,4.63
RCP08507,Afghan Bread Special 109,Afghan,breakfast,False,276,13,68,15,10,1350,3.6,21.73
RCP08508,Afghan Bread Special 110,Afghan,breakfast,False,466,40,68,31,5,240,3.96,24.42
RCP08509,Bolani,Afghan,breakfast,False,451,33,41,25,10,1428,5.04,20.03
RCP08510,Qabili Palaw,Afghan,dinner,False,410,14,60,20,12,923,5.94,4.97
RCP08511,Afghan Bread Special 113,Afghan,breakfast,True,610,19,61,19,7,1247,6.84,6.17
RCP08512,Afghan Bread Special 114,Afghan,breakfast,False,199,48,48,36,12,1022,3.24,11.97
RCP08513,Ashak,Afghan,dinner,False,220,49,66,31,12,1283,5.22,12.52
RCP08514,Bolani,Afghan,breakfast,False,222,5,68,23,11,1368,1.8,17.45
RCP08515,Qabili Palaw,Afghan,dinner,False,344,11,64,20,10,459,6.66,8.44
RCP08516,Kabuli Pulao,Afghan,dinner,False,506,24,76,29,8,941,3.42,2.13
RCP08517,Kabuli Pulao,Afghan,dinner,False,649,44,73,22,12,761,6.3,7.9
RCP08518,Chapli Kebab,Afghan,morning_snack,False,382,22,41,22,10,1405,6.12,5.65
RCP08519,Qabili Palaw,Afghan,dinner,False,402,22,75,37,5,938,4.5,21.49
RCP08520,Ashak,Afghan,dinner,False,323,27,78,22,6,472,6.48,4.85
RCP08521,Qabili Palaw,Afghan,dinner,False,715,49,49,34,8,1076,4.68,11.79
RCP08522,Chapli Kebab,Afghan,morning_snack,False,416,39,74,28,14,1458,7.02,11.85
RCP08523,Afghan Bread Special 125,Afghan,breakfast,False,409,15,48,10,6,255,3.96,3.69
RCP08524,Mantu,Afghan,dinner,False,605,18,74,12,13,774,6.48,23.45
RCP08525,Bolani,Afghan,breakfast,False,788,43,48,25,12,449,2.88,3.26
RCP08526,Mantu,Afghan,dinner,False,496,18,37,21,11,1019,3.42,11.95
RCP08527,Afghan Bread Special 129,Afghan,breakfast,False,527,44,57,17,6,986,4.32,15.11
RCP08528,Mantu,Afghan,dinner,False,697,28,60,15,13,694,6.48,18.28
RCP08529,Mantu,Afghan,dinner,False,386,47,67,35,8,1476,5.76,4.87
RCP08530,Firni,Afghan,morning_snack,True,344,5,78,27,9,1156,4.32,13.24
RCP08531,Afghan Bread Special 133,Afghan,breakfast,False,609,48,53,21,9,1366,6.48,23.33
RCP08532,Afghan Naan,Afghan,breakfast,False,627,42,41,34,14,1093,2.7,12.25
RCP08533,Kabuli Pulao,Afghan,dinner,False,476,23,31,24,5,916,3.78,8.91
RCP08534,Afghan Bread Special 136,Afghan,breakfast,False,198,25,38,16,4,1159,3.96,20.36
RCP08535,Kabuli Pulao,Afghan,dinner,False,189,30,32,27,3,1379,3.78,6.25
RCP08536,Afghan Bread Special 138,Afghan,breakfast,False,176,45,34,29,10,1001,6.12,12.62
RCP08537,Bolani,Afghan,breakfast,True,207,14,53,14,4,563,5.76,20.63
RCP08538,Afghan Bread Special 140,Afghan,breakfast,True,745,17,36,27,12,1062,4.68,20.59
RCP08539,Kabuli Pulao,Afghan,dinner,False,172,7,56,18,3,734,3.6,2.94
RCP08540,Mantu,Afghan,dinner,False,738,31,72,25,9,1217,3.42,14.34
RCP08541,Kabuli Pulao,Afghan,dinner,False,294,36,34,15,8,956,1.98,3.85
RCP08542,Kabuli Pulao,Afghan,dinner,False,154,40,62,15,10,1478,3.96,8.23
RCP08543,Mantu,Afghan,dinner,False,562,14,44,21,7,838,2.34,4.99
RCP08544,Qabili Palaw,Afghan,dinner,False,179,38,77,32,13,1202,7.02,19.91
RCP08545,Chapli Kebab,Afghan,morning_snack,False,274,7,73,16,2,1213,2.16,14.31
RCP08546,Afghan Bread Special 148,Afghan,breakfast,True,449,17,76,12,6,1337,5.4,5.8
RCP08547,Kabuli Pulao,Afghan,dinner,False,793,34,76,28,11,535,6.3,2.17
RCP08548,Afghan Naan,Afghan,breakfast,False,751,37,63,22,12,1064,4.86,23.57
RCP08549,Afghan Bread Special 151,Afghan,breakfast,False,695,28,65,17,11,510,2.34,11.56
RCP08550,Mantu,Afghan,dinner,False,188,26,44,29,7,310,4.14,3.59
RCP08551,Firni,Afghan,morning_snack,False,306,31,59,25,9,1310,3.42,3.69
RCP08552,Kabuli Pulao,Afghan,dinner,False,292,49,79,32,11,511,5.94,12.12
RCP08553,Afghan Bread Special 155,Afghan,breakfast,False,629,42,75,38,3,1064,3.96,19.51
RCP08554,Afghan Bread Special 156,Afghan,breakfast,False,224,23,59,36,3,919,2.88,6.31
RCP08555,Firni,Afghan,morning_snack,False,719,41,62,26,14,1443,7.02,5.39
RCP08556,Afghan Bread Special 158,Afghan,breakfast,False,381,30,49,36,9,718,3.24,3.84
RCP08557,Afghan Bread Special 159,Afghan,breakfast,False,326,31,42,35,9,245,6.3,4.0
RCP08558,Chapli Kebab,Afghan,morning_snack,False,604,21,37,27,6,1159,3.6,2.5
RCP08559,Firni,Afghan,morning_snack,False,195,42,52,22,10,302,1.98,23.85
RCP08560,Firni,Afghan,morning_snack,False,393,45,47,34,13,1204,2.34,8.62
RCP08561,Bolani,Afghan,breakfast,False,795,37,78,33,2,1347,3.96,24.87
RCP08562,Kabuli Pulao,Afghan,dinner,False,676,39,75,27,5,259,7.02,12.88
RCP08563,Mantu,Afghan,dinner,False,241,6,37,13,14,855,1.8,15.56
RCP08564,Ashak,Afghan,dinner,False,493,5,48,21,10,1230,5.04,20.07
RCP08565,Afghan Bread Special 167,Afghan,breakfast,False,767,45,67,37,8,1205,2.52,6.11
RCP08566,Kabuli Pulao,Afghan,dinner,True,747,13,73,29,12,1317,6.84,2.74
RCP08567,Afghan Naan,Afghan,breakfast,True,378,16,32,23,12,906,5.76,19.73
RCP08568,Afghan Bread Special 170,Afghan,breakfast,False,269,24,41,26,2,1124,6.12,21.63
RCP08569,Afghan Naan,Afghan,breakfast,False,614,31,38,31,7,583,6.3,6.06
RCP08570,Afghan Naan,Afghan,breakfast,True,167,5,70,24,12,1360,3.96,10.85
RCP08571,Mantu,Afghan,dinner,False,258,48,45,18,11,1330,5.22,19.87
RCP08572,Afghan Naan,Afghan,breakfast,True,221,6,77,24,7,932,4.32,10.38
RCP08573,Ashak,Afghan,dinner,False,558,28,32,31,12,1170,5.4,10.08
RCP08574,Mantu,Afghan,dinner,False,219,20,42,21,6,586,2.52,8.39
RCP08575,Afghan Bread Special 177,Afghan,breakfast,True,764,13,40,18,9,492,3.96,2.09
RCP08576,Firni,Afghan,morning_snack,False,377,35,78,31,9,1000,4.86,3.31
RCP08577,Bolani,Afghan,breakfast,False,720,31,54,35,5,336,7.02,6.48
RCP08578,Ashak,Afghan,dinner,False,404,5,79,23,13,994,3.96,16.7
RCP08579,Afghan Naan,Afghan,breakfast,False,315,21,50,25,2,469,1.98,19.49
RCP08580,Chapli Kebab,Afghan,morning_snack,False,460,38,38,34,10,1053,6.66,7.54
RCP08581,Ashak,Afghan,dinner,False,150,18,50,23,8,995,2.7,12.39
RCP08582,Ashak,Afghan,dinner,False,795,25,38,21,3,1397,6.66,9.57
RCP08583,Afghan Bread Special 185,Afghan,breakfast,False,426,48,73,25,10,463,5.22,17.49
RCP08584,Afghan Bread Special 186,Afghan,breakfast,False,435,29,65,38,11,1208,1.8,18.34
RCP08585,Afghan Bread Special 187,Afghan,breakfast,False,484,32,79,31,14,1033,2.7,2.41
RCP08586,Bolani,Afghan,breakfast,False,626,36,60,20,2,463,3.6,3.04
RCP08587,Chapli Kebab,Afghan,morning_snack,False,435,35,59,38,7,407,4.68,24.74
RCP08588,Chapli Kebab,Afghan,morning_snack,False,341,25,35,23,5,816,3.6,23.7
RCP08589,Chapli Kebab,Afghan,morning_snack,False,387,26,45,27,11,675,5.76,4.17
RCP08590,Chapli Kebab,Afghan,morning_snack,False,172,18,63,11,12,799,3.6,8.54
RCP08591,Bolani,Afghan,breakfast,True,363,14,67,21,6,1322,5.22,19.3
RCP08592,Firni,Afghan,morning_snack,True,699,6,78,21,9,776,6.84,4.93
RCP08593,Afghan Bread Special 195,Afghan,breakfast,True,745,6,61,27,4,637,2.34,9.24
RCP08594,Mantu,Afghan,dinner,False,688,22,73,25,5,832,6.48,14.63
RCP08595,Kabuli Pulao,Afghan,dinner,False,184,20,46,32,2,484,1.8,19.17
RCP08596,Chapli Kebab,Afghan,morning_snack,False,285,33,42,39,13,621,5.58,20.3
RCP08597,Firni,Afghan,morning_snack,False,583,32,73,17,4,1304,5.04,18.25
RCP08598,Bolani,Afghan,breakfast,True,239,13,77,13,7,502,5.04,6.08
RCP08599,Ashak,Afghan,dinner,False,195,29,45,26,6,1409,3.78,19.48
RCP08600,Qabili Palaw,Afghan,dinner,False,155,29,34,19,6,815,2.88,19.66
RCP08601,Afghan Desserts Special 3,Afghan,morning_snack,True,763,9,67,12,13,1456,5.94,15.2
RCP08602,Afghan Naan,Afghan,breakfast,False,537,20,41,38,11,1389,4.32,10.32
RCP08603,Afghan Desserts Special 5,Afghan,morning_snack,False,273,24,77,34,10,511,3.78,20.52
RCP08604,Afghan Desserts Special 6,Afghan,morning_snack,False,281,44,62,21,8,1486,3.96,3.18
RCP08605,Ashak,Afghan,dinner,False,313,41,44,30,5,575,1.8,19.19
RCP08606,Afghan Naan,Afghan,breakfast,False,675,5,54,19,8,1033,6.84,3.72
RCP08607,Afghan Desserts Special 9,Afghan,morning_snack,True,572,6,78,14,2,965,5.04,9.81
RCP08608,Afghan Desserts Special 10,Afghan,morning_snack,False,209,40,47,18,14,1219,2.34,5.65
RCP08609,Bolani,Afghan,breakfast,True,280,10,51,18,5,246,4.86,18.21
RCP08610,Afghan Desserts Special 12,Afghan,morning_snack,False,235,48,51,26,6,226,2.7,2.76
RCP08611,Kabuli Pulao,Afghan,dinner,True,749,19,61,22,4,644,2.52,3.21
RCP08612,Mantu,Afghan,dinner,False,287,18,40,13,13,1197,2.16,20.43
RCP08613,Firni,Afghan,morning_snack,False,600,49,40,23,6,406,2.88,15.75
RCP08614,Afghan Desserts Special 16,Afghan,morning_snack,False,275,29,58,23,14,1124,2.16,7.1
RCP08615,Afghan Naan,Afghan,breakfast,False,724,10,68,24,4,675,1.8,8.3
RCP08616,Afghan Desserts Special 18,Afghan,morning_snack,False,748,31,46,39,2,557,4.86,23.7
RCP08617,Firni,Afghan,morning_snack,True,602,7,36,20,11,930,1.8,19.93
RCP08618,Kabuli Pulao,Afghan,dinner,False,322,19,33,19,11,564,6.66,3.72
RCP08619,Firni,Afghan,morning_snack,False,368,37,69,21,2,1037,2.52,16.49
RCP08620,Chapli Kebab,Afghan,morning_snack,False,154,5,30,15,2,1210,5.4,22.29
RCP08621,Afghan Desserts Special 23,Afghan,morning_snack,False,456,7,36,20,9,1334,4.14,8.78
RCP08622,Kabuli Pulao,Afghan,dinner,True,168,5,61,20,5,1299,4.86,3.0
RCP08623,Afghan Naan,Afghan,breakfast,False,692,47,78,32,2,1156,1.98,13.09
RCP08624,Afghan Naan,Afghan,breakfast,True,535,10,61,16,8,1487,1.98,2.4
RCP08625,Chapli Kebab,Afghan,morning_snack,False,760,7,76,27,10,1481,2.7,8.31
RCP08626,Kabuli Pulao,Afghan,dinner,False,232,45,34,26,7,435,2.88,24.63
RCP08627,Afghan Naan,Afghan,breakfast,False,249,47,32,37,8,213,3.96,24.45
RCP08628,Afghan Desserts Special 30,Afghan,morning_snack,False,306,24,64,15,10,1127,3.96,10.97
RCP08629,Afghan Desserts Special 31,Afghan,morning_snack,True,325,6,75,25,4,882,1.98,20.99
RCP08630,Afghan Desserts Special 32,Afghan,morning_snack,True,676,17,77,19,13,1079,4.86,24.0
RCP08631,Qabili Palaw,Afghan,dinner,True,373,15,36,10,10,1141,3.06,24.21
RCP08632,Mantu,Afghan,dinner,False,228,19,56,14,2,748,5.22,13.81
RCP08633,Ashak,Afghan,dinner,False,272,46,56,18,8,1080,5.76,21.6
RCP08634,Qabili Palaw,Afghan,dinner,False,455,45,59,23,8,324,5.04,19.98
RCP08635,Bolani,Afghan,breakfast,False,356,30,65,23,11,762,6.12,11.17
RCP08636,Afghan Desserts Special 38,Afghan,morning_snack,False,539,13,33,25,7,1304,4.32,19.24
RCP08637,Afghan Naan,Afghan,breakfast,False,793,15,49,12,12,758,3.96,14.82
RCP08638,Afghan Naan,Afghan,breakfast,True,455,7,41,18,8,1480,6.3,10.06
RCP08639,Afghan Desserts Special 41,Afghan,morning_snack,False,204,44,79,19,10,1409,2.52,4.09
RCP08640,Afghan Desserts Special 42,Afghan,morning_snack,False,311,26,40,18,11,802,6.12,21.95
RCP08641,Afghan Naan,Afghan,breakfast,False,201,21,73,17,3,229,4.86,11.32
RCP08642,Bolani,Afghan,breakfast,False,168,22,40,28,12,323,6.12,2.39
RCP08643,Afghan Desserts Special 45,Afghan,morning_snack,False,581,24,38,34,13,421,4.86,17.38
RCP08644,Firni,Afghan,morning_snack,False,484,22,53,30,5,1479,3.24,23.28
RCP08645,Chapli Kebab,Afghan,morning_snack,False,397,42,49,31,9,578,4.5,9.03
RCP08646,Mantu,Afghan,dinner,False,438,27,74,20,14,1365,2.7,5.61
RCP08647,Mantu,Afghan,dinner,False,281,22,38,15,9,1139,7.02,14.32
RCP08648,Afghan Desserts Special 50,Afghan,morning_snack,False,336,27,60,28,13,1431,7.02,5.34
RCP08649,Ashak,Afghan,dinner,False,597,7,57,21,12,1308,6.84,23.99
RCP08650,Bolani,Afghan,breakfast,False,204,29,30,29,9,239,6.66,12.55
RCP08651,Mantu,Afghan,dinner,False,772,46,48,21,14,1456,4.32,5.49
RCP08652,Firni,Afghan,morning_snack,False,270,28,49,22,14,567,3.24,5.14
RCP08653,Chapli Kebab,Afghan,morning_snack,False,328,8,59,26,2,208,2.88,7.06
RCP08654,Mantu,Afghan,dinner,False,757,6,68,10,9,616,4.86,16.4
RCP08655,Afghan Naan,Afghan,breakfast,False,740,45,65,33,4,979,3.78,17.0
RCP08656,Firni,Afghan,morning_snack,False,432,47,32,23,7,1047,3.6,21.82
RCP08657,Kabuli Pulao,Afghan,dinner,False,219,49,50,37,14,1309,3.6,21.32
RCP08658,Afghan Desserts Special 60,Afghan,morning_snack,False,233,35,54,18,11,1430,2.16,12.1
RCP08659,Qabili Palaw,Afghan,dinner,False,273,26,32,32,3,602,2.34,18.63
RCP08660,Kabuli Pulao,Afghan,dinner,False,600,41,76,21,9,1113,5.4,18.4
RCP08661,Afghan Desserts Special 63,Afghan,morning_snack,False,634,46,51,27,6,790,4.5,14.71
RCP08662,Afghan Naan,Afghan,breakfast,False,573,29,36,32,2,761,3.96,4.01
RCP08663,Afghan Desserts Special 65,Afghan,morning_snack,True,779,17,47,24,12,1455,4.68,14.35
RCP08664,Mantu,Afghan,dinner,False,313,5,31,20,12,1226,4.86,17.78
RCP08665,Bolani,Afghan,breakfast,False,592,48,50,15,3,1263,5.94,2.36
RCP08666,Afghan Desserts Special 68,Afghan,morning_snack,True,780,8,59,17,12,750,5.4,21.82
RCP08667,Chapli Kebab,Afghan,morning_snack,False,328,30,68,21,3,603,2.52,22.85
RCP08668,Mantu,Afghan,dinner,False,338,48,46,37,13,1207,2.52,5.79
RCP08669,Ashak,Afghan,dinner,False,639,46,41,15,10,1362,3.96,8.89
RCP08670,Afghan Naan,Afghan,breakfast,False,401,40,46,38,2,1478,4.86,17.54
RCP08671,Afghan Naan,Afghan,breakfast,False,561,18,70,20,2,806,2.34,21.01
RCP08672,Afghan Desserts Special 74,Afghan,morning_snack,True,450,19,42,13,7,993,2.16,17.27
RCP08673,Chapli Kebab,Afghan,morning_snack,False,351,8,46,24,7,542,2.34,19.74
RCP08674,Afghan Naan,Afghan,breakfast,False,611,12,62,11,2,1282,3.96,11.56
RCP08675,Afghan Naan,Afghan,breakfast,False,208,25,78,38,6,566,3.6,20.09
RCP08676,Afghan Desserts Special 78,Afghan,morning_snack,False,357,35,71,22,12,253,5.94,11.74
RCP08677,Firni,Afghan,morning_snack,True,201,5,45,20,6,258,4.32,14.12
RCP08678,Afghan Naan,Afghan,breakfast,True,201,19,30,23,8,382,5.4,14.86
RCP08679,Afghan Desserts Special 81,Afghan,morning_snack,False,787,46,34,30,13,1155,6.12,10.91
RCP08680,Afghan Desserts Special 82,Afghan,morning_snack,True,465,7,48,23,12,479,2.16,10.96
RCP08681,Mantu,Afghan,dinner,False,575,32,39,25,12,1192,6.66,14.75
RCP08682,Chapli Kebab,Afghan,morning_snack,False,790,43,56,35,11,1464,3.6,12.17
RCP08683,Bolani,Afghan,breakfast,True,723,13,38,27,14,1158,3.78,10.65
RCP08684,Chapli Kebab,Afghan,morning_snack,False,364,19,76,11,12,952,6.12,13.46
RCP08685,Afghan Desserts Special 87,Afghan,morning_snack,True,773,13,68,26,5,721,4.32,2.17
RCP08686,Kabuli Pulao,Afghan,dinner,False,777,22,52,22,14,1209,3.06,2.72
RCP08687,Mantu,Afghan,dinner,False,195,28,57,18,5,364,3.78,17.85
RCP08688,Qabili Palaw,Afghan,dinner,False,737,32,50,34,10,582,3.06,17.23
RCP08689,Mantu,Afghan,dinner,False,564,13,68,20,3,538,5.04,24.24
RCP08690,Mantu,Afghan,dinner,False,428,25,54,19,3,1440,6.48,12.98
RCP08691,Bolani,Afghan,breakfast,False,338,26,37,32,2,545,2.88,8.65
RCP08692,Afghan Desserts Special 94,Afghan,morning_snack,False,282,49,55,17,2,1307,5.58,3.71
RCP08693,Afghan Desserts Special 95,Afghan,morning_snack,False,419,49,46,21,2,409,3.42,6.23
RCP08694,Afghan Desserts Special 96,Afghan,morning_snack,True,588,14,30,18,2,618,3.06,15.37
RCP08695,Afghan Desserts Special 97,Afghan,morning_snack,False,387,11,33,29,4,552,4.86,14.33
RCP08696,Afghan Naan,Afghan,breakfast,False,569,31,49,26,10,906,3.78,19.29
RCP08697,Afghan Desserts Special 99,Afghan,morning_snack,False,642,24,56,28,5,245,3.96,3.94
RCP08698,Afghan Desserts Special 100,Afghan,morning_snack,False,679,49,77,18,13,1485,1.98,24.78
RCP08699,Afghan Desserts Special 101,Afghan,morning_snack,False,260,39,73,24,9,326,4.32,2.23
RCP08700,Ashak,Afghan,dinner,False,686,33,52,22,6,1220,2.88,17.63
RCP08701,Bolani,Afghan,breakfast,False,776,47,54,26,8,1180,5.94,16.39
RCP08702,Kabuli Pulao,Afghan,dinner,False,718,20,59,21,9,874,1.98,9.25
RCP08703,Qabili Palaw,Afghan,dinner,False,249,31,34,26,3,421,5.22,16.65
RCP08704,Chapli Kebab,Afghan,morning_snack,False,330,6,58,12,7,1093,2.88,9.49
RCP08705,Qabili Palaw,Afghan,dinner,False,735,49,44,34,8,467,3.42,21.85
RCP08706,Mantu,Afghan,dinner,False,291,35,33,25,6,1165,2.34,13.87
RCP08707,Chapli Kebab,Afghan,morning_snack,False,255,38,34,36,8,1344,3.42,20.59
RCP08708,Mantu,Afghan,dinner,False,180,41,64,20,3,1208,2.34,2.52
RCP08709,Bolani,Afghan,breakfast,False,639,23,61,31,12,649,4.14,12.62
RCP08710,Kabuli Pulao,Afghan,dinner,False,798,48,67,29,12,767,5.4,21.46
RCP08711,Qabili Palaw,Afghan,dinner,False,347,28,40,15,4,605,3.06,18.89
RCP08712,Afghan Naan,Afghan,breakfast,False,633,32,70,31,7,236,6.48,24.37
RCP08713,Bolani,Afghan,breakfast,False,711,40,40,33,4,504,5.22,21.24
RCP08714,Afghan Naan,Afghan,breakfast,False,489,36,45,34,12,1036,5.4,6.88
RCP08715,Ashak,Afghan,dinner,False,392,10,31,17,11,434,6.48,2.51
RCP08716,Kabuli Pulao,Afghan,dinner,False,287,22,40,28,6,577,5.76,9.55
RCP08717,Kabuli Pulao,Afghan,dinner,True,563,7,50,23,7,225,4.32,7.8
RCP08718,Kabuli Pulao,Afghan,dinner,False,772,43,36,17,14,1095,6.66,15.17
RCP08719,Firni,Afghan,morning_snack,False,396,41,40,15,10,359,1.98,5.61
RCP08720,Bolani,Afghan,breakfast,False,489,45,34,20,2,685,6.48,12.59
RCP08721,Afghan Desserts Special 123,Afghan,morning_snack,False,374,22,45,27,9,554,3.42,16.02
RCP08722,Chapli Kebab,Afghan,morning_snack,False,627,47,79,19,4,1161,4.68,6.15
RCP08723,Afghan Desserts Special 125,Afghan,morning_snack,False,447,10,62,23,5,1093,3.42,21.94
RCP08724,Kabuli Pulao,Afghan,dinner,False,618,40,47,15,12,392,3.6,8.6
RCP08725,Afghan Naan,Afghan,breakfast,False,596,37,58,24,13,1474,3.42,4.86
RCP08726,Afghan Desserts Special 128,Afghan,morning_snack,True,417,10,79,25,14,1410,6.66,4.68
RCP08727,Afghan Desserts Special 129,Afghan,morning_snack,False,457,35,67,33,5,327,4.5,14.58
RCP08728,Mantu,Afghan,dinner,False,739,16,44,21,8,1115,1.8,23.84
RCP08729,Chapli Kebab,Afghan,morning_snack,False,791,7,76,13,14,1262,4.86,4.68
RCP08730,Bolani,Afghan,breakfast,False,443,31,48,26,14,948,6.3,7.35
RCP08731,Afghan Desserts Special 133,Afghan,morning_snack,False,168,22,59,26,8,811,4.14,5.28
RCP08732,Bolani,Afghan,breakfast,True,640,19,62,11,9,1044,7.02,23.44
RCP08733,Ashak,Afghan,dinner,False,614,42,34,36,9,1018,3.42,16.46
RCP08734,Afghan Desserts Special 136,Afghan,morning_snack,False,220,30,56,21,2,1409,6.12,4.64
RCP08735,Afghan Desserts Special 137,Afghan,morning_snack,False,241,34,67,34,4,787,4.68,8.82
RCP08736,Afghan Desserts Special 138,Afghan,morning_snack,False,418,36,64,15,7,599,4.14,18.03
RCP08737,Afghan Desserts Special 139,Afghan,morning_snack,True,592,12,38,19,11,1011,6.3,3.08
RCP08738,Afghan Desserts Special 140,Afghan,morning_snack,True,177,15,33,20,2,868,5.76,18.1
RCP08739,Ashak,Afghan,dinner,False,172,49,49,30,6,212,6.66,4.32
RCP08740,Kabuli Pulao,Afghan,dinner,False,495,22,66,20,6,544,5.76,7.38
RCP08741,Afghan Desserts Special 143,Afghan,morning_snack,False,269,34,42,34,5,783,2.7,12.96
RCP08742,Firni,Afghan,morning_snack,False,177,36,78,29,12,1413,2.7,19.65
RCP08743,Chapli Kebab,Afghan,morning_snack,False,367,49,42,39,9,1435,3.42,2.11
RCP08744,Afghan Desserts Special 146,Afghan,morning_snack,True,290,12,43,21,11,1017,2.34,21.11
RCP08745,Bolani,Afghan,breakfast,True,329,17,54,20,7,679,1.98,22.99
RCP08746,Bolani,Afghan,breakfast,True,237,14,73,19,6,1199,5.76,10.41
RCP08747,Afghan Desserts Special 149,Afghan,morning_snack,False,630,41,41,26,14,693,3.42,23.41
RCP08748,Afghan Desserts Special 150,Afghan,morning_snack,False,345,48,59,23,11,570,6.84,10.12
RCP08749,Chapli Kebab,Afghan,morning_snack,False,734,11,67,12,2,1385,7.02,20.08
RCP08750,Qabili Palaw,Afghan,dinner,True,238,19,53,29,3,420,5.58,9.98
RCP08751,Afghan Desserts Special 153,Afghan,morning_snack,False,753,33,37,32,3,618,3.42,10.48
RCP08752,Kabuli Pulao,Afghan,dinner,False,731,30,76,36,11,672,6.12,20.95
RCP08753,Afghan Desserts Special 155,Afghan,morning_snack,False,298,26,57,25,11,534,1.98,6.22
RCP08754,Ashak,Afghan,dinner,False,207,6,72,20,13,1209,4.32,11.0
RCP08755,Afghan Desserts Special 157,Afghan,morning_snack,True,347,7,78,22,7,481,3.78,16.61
RCP08756,Kabuli Pulao,Afghan,dinner,False,414,21,60,29,8,787,4.5,7.74
RCP08757,Mantu,Afghan,dinner,False,181,13,61,17,6,1357,3.96,18.09
RCP08758,Bolani,Afghan,breakfast,False,378,22,57,35,14,1486,4.5,22.58
RCP08759,Afghan Desserts Special 161,Afghan,morning_snack,False,282,23,55,28,4,897,1.8,18.02
RCP08760,Afghan Desserts Special 162,Afghan,morning_snack,False,168,6,61,23,9,1426,6.84,19.85
RCP08761,Qabili Palaw,Afghan,dinner,True,194,10,38,13,3,525,3.78,11.6
RCP08762,Chapli Kebab,Afghan,morning_snack,False,591,32,52,31,13,897,5.04,23.81
RCP08763,Chapli Kebab,Afghan,morning_snack,False,260,47,37,18,2,1262,5.76,17.02
RCP08764,Afghan Desserts Special 166,Afghan,morning_snack,False,339,40,55,32,13,750,3.42,6.27
RCP08765,Afghan Desserts Special 167,Afghan,morning_snack,False,353,22,40,28,7,718,5.22,5.32
RCP08766,Chapli Kebab,Afghan,morning_snack,False,753,29,46,22,8,1428,4.14,10.06
RCP08767,Afghan Desserts Special 169,Afghan,morning_snack,False,327,21,34,19,2,801,2.34,11.74
RCP08768,Ashak,Afghan,dinner,False,568,48,47,27,4,1420,3.96,6.22
RCP08769,Mantu,Afghan,dinner,False,270,38,72,27,8,1268,4.86,11.13
RCP08770,Firni,Afghan,morning_snack,False,201,41,34,18,11,716,2.88,19.58
RCP08771,Mantu,Afghan,dinner,False,461,24,32,33,11,1320,6.48,20.49
RCP08772,Afghan Desserts Special 174,Afghan,morning_snack,False,536,43,52,24,9,203,3.78,5.08
RCP08773,Afghan Desserts Special 175,Afghan,morning_snack,False,581,35,69,31,9,442,1.98,10.27
RCP08774,Firni,Afghan,morning_snack,False,565,46,32,37,4,1179,4.68,17.68
RCP08775,Chapli Kebab,Afghan,morning_snack,False,520,28,59,21,5,700,2.16,21.57
RCP08776,Afghan Desserts Special 178,Afghan,morning_snack,False,541,32,58,28,3,1395,3.06,18.68
RCP08777,Qabili Palaw,Afghan,dinner,False,489,20,77,35,2,1463,3.78,9.86
RCP08778,Bolani,Afghan,breakfast,False,646,21,78,33,14,731,4.68,15.59
RCP08779,Firni,Afghan,morning_snack,False,575,28,77,34,8,1476,5.94,17.41
RCP08780,Mantu,Afghan,dinner,False,561,23,39,22,7,1020,3.24,22.39
RCP08781,Afghan Desserts Special 183,Afghan,morning_snack,False,572,48,36,34,8,1222,4.32,3.12
RCP08782,Kabuli Pulao,Afghan,dinner,False,181,49,67,29,7,322,6.48,10.4
RCP08783,Afghan Desserts Special 185,Afghan,morning_snack,False,378,47,41,30,8,644,6.84,21.43
RCP08784,Kabuli Pulao,Afghan,dinner,False,387,35,33,24,7,774,1.8,21.31
RCP08785,Afghan Desserts Special 187,Afghan,morning_snack,False,604,41,75,16,9,504,5.76,17.01
RCP08786,Mantu,Afghan,dinner,False,637,17,49,21,3,724,6.12,18.04
RCP08787,Afghan Desserts Special 189,Afghan,morning_snack,False,305,31,69,28,4,1113,4.32,13.88
RCP08788,Afghan Desserts Special 190,Afghan,morning_snack,False,776,26,63,26,2,1264,6.12,8.81
RCP08789,Afghan Desserts Special 191,Afghan,morning_snack,False,686,22,54,22,6,1452,4.14,3.99
RCP08790,Chapli Kebab,Afghan,morning_snack,False,532,31,53,36,5,686,6.3,16.59
RCP08791,Firni,Afghan,morning_snack,False,250,32,76,36,12,379,3.6,8.53
RCP08792,Afghan Desserts Special 194,Afghan,morning_snack,True,273,7,42,10,3,1226,2.16,24.24
RCP08793,Chapli Kebab,Afghan,morning_snack,False,312,34,59,21,13,253,5.04,5.03
RCP08794,Afghan Desserts Special 196,Afghan,morning_snack,False,285,32,63,22,14,204,2.16,7.62
RCP08795,Qabili Palaw,Afghan,dinner,False,541,30,52,24,14,590,4.32,18.51
RCP08796,Qabili Palaw,Afghan,dinner,True,549,14,75,20,4,275,6.12,22.4
RCP08797,Bolani,Afghan,breakfast,False,749,35,58,35,2,424,1.98,4.4
RCP08798,Afghan Naan,Afghan,breakfast,True,304,12,71,29,9,581,3.96,12.2
RCP08799,Firni,Afghan,morning_snack,False,717,10,32,14,8,1340,2.88,11.95
RCP08800,Chapli Kebab,Afghan,morning_snack,False,353,6,41,28,6,1103,2.88,7.52
RCP08801,Chapli Kebab,Afghan,morning_snack,False,366,37,76,38,10,301,1.8,12.04
RCP08802,Afghan Appetizers Special 4,Afghan,morning_snack,False,496,10,78,17,3,1034,5.22,5.25
RCP08803,Afghan Appetizers Special 5,Afghan,morning_snack,True,584,18,52,17,8,690,5.94,20.65
RCP08804,Bolani,Afghan,breakfast,False,599,32,35,26,6,889,5.76,14.06
RCP08805,Chapli Kebab,Afghan,morning_snack,False,368,37,33,22,4,863,3.06,18.7
RCP08806,Afghan Appetizers Special 8,Afghan,morning_snack,False,652,38,76,28,5,572,5.04,23.82
RCP08807,Qabili Palaw,Afghan,dinner,False,655,41,50,26,10,895,6.48,11.0
RCP08808,Mantu,Afghan,dinner,False,767,15,51,27,7,518,3.96,6.56
RCP08809,Afghan Appetizers Special 11,Afghan,morning_snack,True,404,17,56,16,9,793,3.42,24.9
RCP08810,Mantu,Afghan,dinner,False,210,34,36,23,13,491,3.06,24.65
RCP08811,Afghan Appetizers Special 13,Afghan,morning_snack,True,495,13,52,24,14,522,6.3,4.74
RCP08812,Afghan Naan,Afghan,breakfast,False,294,19,48,10,5,710,6.3,20.42
RCP08813,Mantu,Afghan,dinner,False,535,37,35,28,5,1337,2.52,15.26
RCP08814,Chapli Kebab,Afghan,morning_snack,False,789,19,38,10,11,826,5.58,24.32
RCP08815,Kabuli Pulao,Afghan,dinner,False,154,38,62,24,3,589,6.84,22.5
RCP08816,Bolani,Afghan,breakfast,False,250,29,57,29,3,903,2.7,16.71
RCP08817,Ashak,Afghan,dinner,False,470,43,61,38,6,534,5.76,12.14
RCP08818,Bolani,Afghan,breakfast,False,248,26,47,33,9,1049,5.04,11.3
RCP08819,Bolani,Afghan,breakfast,False,433,43,38,31,12,897,6.66,22.6
RCP08820,Afghan Appetizers Special 22,Afghan,morning_snack,False,263,35,32,38,9,309,7.02,9.27
RCP08821,Ashak,Afghan,dinner,False,333,22,64,31,8,416,2.7,17.98
RCP08822,Afghan Appetizers Special 24,Afghan,morning_snack,False,774,47,34,21,12,607,3.24,8.13
RCP08823,Chapli Kebab,Afghan,morning_snack,False,213,14,48,16,8,1093,6.12,4.11
RCP08824,Chapli Kebab,Afghan,morning_snack,False,504,37,32,20,12,909,2.16,10.82
RCP08825,Qabili Palaw,Afghan,dinner,True,306,18,68,11,2,1098,4.5,21.2
RCP08826,Ashak,Afghan,dinner,False,652,17,50,28,11,1047,4.5,21.21
RCP08827,Afghan Appetizers Special 29,Afghan,morning_snack,True,300,5,54,26,2,302,2.34,15.98
RCP08828,Afghan Appetizers Special 30,Afghan,morning_snack,False,462,46,65,25,9,644,5.4,12.53
RCP08829,Afghan Naan,Afghan,breakfast,False,303,37,76,25,11,1207,4.14,7.07
RCP08830,Afghan Appetizers Special 32,Afghan,morning_snack,False,295,49,68,32,4,859,1.8,10.74
RCP08831,Mantu,Afghan,dinner,False,732,11,34,21,12,415,5.94,10.28
RCP08832,Kabuli Pulao,Afghan,dinner,True,777,12,50,23,5,482,6.12,24.92
RCP08833,Afghan Appetizers Special 35,Afghan,morning_snack,False,422,31,76,17,6,572,4.86,9.31
RCP08834,Afghan Appetizers Special 36,Afghan,morning_snack,False,528,5,60,26,8,1077,3.78,21.52
RCP08835,Ashak,Afghan,dinner,False,287,24,54,30,11,1173,5.04,14.05
RCP08836,Ashak,Afghan,dinner,False,794,47,32,37,8,272,2.34,18.03
RCP08837,Qabili Palaw,Afghan,dinner,False,768,43,78,36,11,1064,6.84,20.2
RCP08838,Chapli Kebab,Afghan,morning_snack,False,323,29,55,17,9,483,3.96,14.57
RCP08839,Afghan Appetizers Special 41,Afghan,morning_snack,True,690,8,53,10,9,454,7.02,8.25
RCP08840,Afghan Appetizers Special 42,Afghan,morning_snack,False,558,29,75,36,2,930,2.34,24.21
RCP08841,Afghan Appetizers Special 43,Afghan,morning_snack,False,355,40,40,28,14,1474,1.98,4.39
RCP08842,Afghan Naan,Afghan,breakfast,False,337,13,31,14,14,532,5.04,16.84
RCP08843,Mantu,Afghan,dinner,False,509,6,71,13,7,1492,3.42,5.13
RCP08844,Mantu,Afghan,dinner,False,154,11,71,15,6,843,4.32,21.98
RCP08845,Afghan Appetizers Special 47,Afghan,morning_snack,False,323,34,35,37,8,277,1.8,7.48
RCP08846,Afghan Appetizers Special 48,Afghan,morning_snack,False,495,22,73,22,4,616,2.34,4.2
RCP08847,Ashak,Afghan,dinner,False,641,11,70,20,9,568,2.88,11.29
RCP08848,Firni,Afghan,morning_snack,False,246,8,61,22,8,443,7.02,10.83
RCP08849,Afghan Appetizers Special 51,Afghan,morning_snack,False,266,45,51,38,11,325,3.06,9.93
RCP08850,Firni,Afghan,morning_snack,False,160,33,70,39,2,1024,6.12,19.68
RCP08851,Kabuli Pulao,Afghan,dinner,False,188,26,47,36,9,1269,6.48,24.83
RCP08852,Ashak,Afghan,dinner,False,218,42,69,38,6,1102,4.68,12.15
RCP08853,Qabili Palaw,Afghan,dinner,False,653,47,65,17,14,1255,2.88,19.87
RCP08854,Ashak,Afghan,dinner,False,455,32,39,32,14,964,5.4,18.78
RCP08855,Afghan Appetizers Special 57,Afghan,morning_snack,False,393,49,69,24,12,682,1.8,3.2
RCP08856,Afghan Naan,Afghan,breakfast,False,162,37,70,18,13,1456,2.88,15.83
RCP08857,Afghan Naan,Afghan,breakfast,True,305,8,30,17,8,412,2.52,22.02
RCP08858,Chapli Kebab,Afghan,morning_snack,False,672,36,48,39,14,957,6.3,21.9
RCP08859,Afghan Appetizers Special 61,Afghan,morning_snack,False,254,49,33,21,14,924,5.58,9.29
RCP08860,Firni,Afghan,morning_snack,True,627,17,64,15,8,616,2.52,13.54
RCP08861,Mantu,Afghan,dinner,False,259,34,40,22,2,787,2.7,22.18
RCP08862,Chapli Kebab,Afghan,morning_snack,False,192,45,75,23,2,447,5.04,14.36
RCP08863,Afghan Appetizers Special 65,Afghan,morning_snack,False,572,46,58,17,11,375,3.78,20.31
RCP08864,Ashak,Afghan,dinner,False,726,17,53,17,10,570,3.78,5.57
RCP08865,Bolani,Afghan,breakfast,False,604,20,46,17,12,594,4.86,5.08
RCP08866,Kabuli Pulao,Afghan,dinner,False,170,32,39,21,5,1216,4.32,7.95
RCP08867,Afghan Appetizers Special 69,Afghan,morning_snack,False,607,27,71,20,2,1420,2.16,17.62
RCP08868,Bolani,Afghan,breakfast,True,780,11,37,25,5,601,6.12,13.6
RCP08869,Afghan Appetizers Special 71,Afghan,morning_snack,False,727,44,32,15,12,835,2.7,13.79
RCP08870,Chapli Kebab,Afghan,morning_snack,False,560,14,42,23,2,924,6.84,8.35
RCP08871,Qabili Palaw,Afghan,dinner,False,777,8,30,26,13,466,1.8,23.36
RCP08872,Firni,Afghan,morning_snack,False,620,11,56,19,2,1491,4.14,3.47
RCP08873,Firni,Afghan,morning_snack,False,702,41,78,22,7,273,5.04,6.76
RCP08874,Afghan Appetizers Special 76,Afghan,morning_snack,True,482,16,47,25,4,856,6.3,12.97
RCP08875,Bolani,Afghan,breakfast,False,552,27,52,20,12,405,2.16,11.27
RCP08876,Firni,Afghan,morning_snack,False,515,6,54,27,11,1095,3.78,3.24
RCP08877,Afghan Appetizers Special 79,Afghan,morning_snack,False,555,27,67,23,6,1378,3.78,16.7
RCP08878,Afghan Appetizers Special 80,Afghan,morning_snack,False,378,45,30,19,12,750,1.8,14.16
RCP08879,Afghan Appetizers Special 81,Afghan,morning_snack,False,702,33,61,36,13,468,5.58,8.71
RCP08880,Mantu,Afghan,dinner,False,165,47,66,35,10,906,3.96,21.67
RCP08881,Afghan Appetizers Special 83,Afghan,morning_snack,True,471,8,40,19,5,1081,2.52,24.67
RCP08882,Chapli Kebab,Afghan,morning_snack,False,538,12,67,13,9,611,5.4,24.84
RCP08883,Qabili Palaw,Afghan,dinner,False,475,24,41,24,10,1393,7.02,10.45
RCP08884,Afghan Appetizers Special 86,Afghan,morning_snack,False,158,49,76,33,2,873,6.84,2.52
RCP08885,Qabili Palaw,Afghan,dinner,True,484,15,30,21,6,602,6.3,23.78
RCP08886,Bolani,Afghan,breakfast,False,488,37,45,20,8,978,6.48,23.98
RCP08887,Qabili Palaw,Afghan,dinner,False,558,25,31,21,2,498,6.3,15.99
RCP08888,Afghan Appetizers Special 90,Afghan,morning_snack,False,444,39,54,32,3,1146,3.06,3.36
RCP08889,Afghan Appetizers Special 91,Afghan,morning_snack,False,671,37,40,30,12,1241,4.14,21.97
RCP08890,Afghan Naan,Afghan,breakfast,False,430,20,70,33,8,1183,6.3,8.41
RCP08891,Qabili Palaw,Afghan,dinner,False,663,42,56,36,10,351,3.24,8.15
RCP08892,Afghan Naan,Afghan,breakfast,False,621,40,66,19,11,1292,4.68,6.94
RCP08893,Kabuli Pulao,Afghan,dinner,True,504,9,65,23,6,1104,6.12,8.97
RCP08894,Afghan Naan,Afghan,breakfast,False,505,30,72,28,5,993,2.7,12.06
RCP08895,Mantu,Afghan,dinner,False,499,37,58,25,14,1151,2.7,5.98
RCP08896,Qabili Palaw,Afghan,dinner,False,396,16,67,22,11,1246,4.14,13.08
RCP08897,Kabuli Pulao,Afghan,dinner,False,573,22,67,32,8,1490,4.14,10.12
RCP08898,Afghan Appetizers Special 100,Afghan,morning_snack,False,465,13,51,26,4,958,6.66,9.88
RCP08899,Firni,Afghan,morning_snack,True,772,18,41,13,3,453,5.58,23.86
RCP08900,Qabili Palaw,Afghan,dinner,True,500,5,40,17,11,1476,4.86,5.39
RCP08901,Ashak,Afghan,dinner,False,441,6,35,12,12,573,5.58,22.42
RCP08902,Firni,Afghan,morning_snack,True,668,13,41,26,9,1402,5.76,15.04
RCP08903,Bolani,Afghan,breakfast,False,193,29,33,21,10,1163,2.7,16.67
RCP08904,Afghan Naan,Afghan,breakfast,False,254,48,73,34,12,1273,6.12,2.91
RCP08905,Mantu,Afghan,dinner,False,694,45,73,20,3,902,3.96,4.88
RCP08906,Bolani,Afghan,breakfast,False,266,22,38,24,11,614,4.86,8.9
RCP08907,Afghan Appetizers Special 109,Afghan,morning_snack,False,406,26,33,19,5,1210,5.04,2.23
RCP08908,Firni,Afghan,morning_snack,True,542,11,73,21,9,482,2.16,18.53
RCP08909,Firni,Afghan,morning_snack,True,398,10,63,24,6,1494,2.16,15.53
RCP08910,Afghan Appetizers Special 112,Afghan,morning_snack,False,770,43,35,15,7,1064,3.42,5.57
RCP08911,Bolani,Afghan,breakfast,True,502,18,59,18,2,481,5.04,8.4
RCP08912,Afghan Appetizers Special 114,Afghan,morning_snack,False,773,23,48,37,2,850,6.66,17.98
RCP08913,Afghan Appetizers Special 115,Afghan,morning_snack,False,451,43,33,16,11,1178,3.42,12.57
RCP08914,Afghan Naan,Afghan,breakfast,False,738,34,40,22,3,676,3.24,19.33
RCP08915,Afghan Appetizers Special 117,Afghan,morning_snack,False,312,35,67,21,14,861,6.3,11.04
RCP08916,Ashak,Afghan,dinner,False,334,5,65,22,10,1338,6.48,3.81
RCP08917,Mantu,Afghan,dinner,False,711,48,38,38,4,810,5.58,15.07
RCP08918,Afghan Appetizers Special 120,Afghan,morning_snack,False,433,31,77,24,11,249,3.96,16.39
RCP08919,Afghan Appetizers Special 121,Afghan,morning_snack,False,241,11,66,19,13,365,1.8,9.97
RCP08920,Afghan Appetizers Special 122,Afghan,morning_snack,False,646,24,47,16,5,1332,4.68,18.69
RCP08921,Afghan Naan,Afghan,breakfast,False,331,21,64,24,3,928,3.78,23.03
RCP08922,Chapli Kebab,Afghan,morning_snack,False,712,35,76,33,10,533,5.22,10.36
RCP08923,Afghan Appetizers Special 125,Afghan,morning_snack,False,414,40,48,34,11,974,6.66,9.74
RCP08924,Ashak,Afghan,dinner,False,560,30,49,30,4,1110,6.48,8.37
RCP08925,Afghan Appetizers Special 127,Afghan,morning_snack,False,266,8,59,26,6,579,3.6,6.5
RCP08926,Afghan Appetizers Special 128,Afghan,morning_snack,False,314,20,69,25,14,1052,2.88,16.73
RCP08927,Firni,Afghan,morning_snack,False,786,7,79,16,9,1373,4.86,10.19
RCP08928,Afghan Appetizers Special 130,Afghan,morning_snack,False,307,22,78,35,12,715,5.94,5.93
RCP08929,Kabuli Pulao,Afghan,dinner,True,406,19,47,16,14,301,4.14,12.85
RCP08930,Bolani,Afghan,breakfast,False,220,39,57,30,6,675,2.34,15.99
RCP08931,Afghan Appetizers Special 133,Afghan,morning_snack,True,333,5,79,29,12,244,4.32,2.84
RCP08932,Afghan Naan,Afghan,breakfast,True,309,9,69,28,5,262,2.7,6.32
RCP08933,Mantu,Afghan,dinner,False,380,45,64,20,8,675,2.88,12.49
RCP08934,Afghan Appetizers Special 136,Afghan,morning_snack,False,673,30,59,31,14,483,1.98,18.3
RCP08935,Afghan Appetizers Special 137,Afghan,morning_snack,False,175,28,55,38,4,764,4.5,2.47
RCP08936,Mantu,Afghan,dinner,False,420,46,50,16,4,388,3.42,11.2
RCP08937,Qabili Palaw,Afghan,dinner,True,610,5,45,13,4,961,2.16,15.86
RCP08938,Firni,Afghan,morning_snack,False,501,47,49,17,12,1233,1.8,11.14
RCP08939,Afghan Appetizers Special 141,Afghan,morning_snack,False,785,37,48,28,2,1079,6.48,15.33
RCP08940,Chapli Kebab,Afghan,morning_snack,False,305,39,60,27,13,566,3.42,8.11
RCP08941,Afghan Appetizers Special 143,Afghan,morning_snack,False,299,46,40,27,6,786,4.5,20.72
RCP08942,Afghan Appetizers Special 144,Afghan,morning_snack,True,387,9,41,10,4,544,5.76,4.78
RCP08943,Bolani,Afghan,breakfast,True,343,8,56,26,9,640,4.68,14.74
RCP08944,Afghan Appetizers Special 146,Afghan,morning_snack,True,260,6,49,16,8,988,3.24,11.46
RCP08945,Afghan Appetizers Special 147,Afghan,morning_snack,False,182,34,44,28,13,922,5.58,8.62
RCP08946,Afghan Appetizers Special 148,Afghan,morning_snack,True,606,9,36,18,4,1344,2.7,21.9
RCP08947,Afghan Naan,Afghan,breakfast,True,793,15,56,28,3,1407,2.16,8.25
RCP08948,Bolani,Afghan,breakfast,False,527,32,41,26,10,815,6.84,16.49
RCP08949,Qabili Palaw,Afghan,dinner,False,282,24,34,15,8,350,6.66,24.25
RCP08950,Afghan Appetizers Special 152,Afghan,morning_snack,True,721,15,79,23,2,1346,5.4,16.02
RCP08951,Afghan Naan,Afghan,breakfast,False,735,12,51,17,13,460,2.7,14.26
RCP08952,Qabili Palaw,Afghan,dinner,False,537,49,52,36,5,569,6.3,19.73
RCP08953,Afghan Appetizers Special 155,Afghan,morning_snack,False,275,28,51,37,7,851,3.06,19.99
RCP08954,Qabili Palaw,Afghan,dinner,False,718,40,73,20,7,787,6.84,16.0
RCP08955,Afghan Appetizers Special 157,Afghan,morning_snack,False,429,27,60,37,7,381,5.76,23.97
RCP08956,Mantu,Afghan,dinner,False,246,46,78,17,6,1344,5.04,22.04
RCP08957,Afghan Naan,Afghan,breakfast,False,734,37,48,16,9,1220,4.32,17.66
RCP08958,Kabuli Pulao,Afghan,dinner,False,298,12,49,20,8,1149,6.3,14.87
RCP08959,Afghan Naan,Afghan,breakfast,True,284,8,72,17,6,816,2.88,7.22
RCP08960,Chapli Kebab,Afghan,morning_snack,False,692,41,76,37,9,499,3.6,19.36
RCP08961,Qabili Palaw,Afghan,dinner,False,654,26,47,19,11,762,5.4,9.1
RCP08962,Afghan Appetizers Special 164,Afghan,morning_snack,False,404,49,30,32,8,320,7.02,16.57
RCP08963,Afghan Appetizers Special 165,Afghan,morning_snack,False,379,22,70,29,5,1282,3.42,5.66
RCP08964,Afghan Naan,Afghan,breakfast,False,776,40,70,29,6,410,5.94,14.06
RCP08965,Afghan Appetizers Special 167,Afghan,morning_snack,False,410,27,39,18,6,365,6.3,23.38
RCP08966,Kabuli Pulao,Afghan,dinner,False,704,48,33,25,8,1127,2.34,24.59
RCP08967,Afghan Appetizers Special 169,Afghan,morning_snack,False,610,49,42,28,5,1089,2.7,4.22
RCP08968,Kabuli Pulao,Afghan,dinner,False,189,21,35,18,2,653,2.34,3.83
RCP08969,Afghan Naan,Afghan,breakfast,True,605,8,78,22,10,957,6.12,2.17
RCP08970,Firni,Afghan,morning_snack,False,222,42,54,18,3,317,1.98,2.07
RCP08971,Afghan Appetizers Special 173,Afghan,morning_snack,False,798,36,58,19,11,994,4.86,11.13
RCP08972,Afghan Appetizers Special 174,Afghan,morning_snack,False,746,20,50,30,6,817,5.04,8.3
RCP08973,Afghan Appetizers Special 175,Afghan,morning_snack,False,332,22,52,23,2,632,6.48,22.49
RCP08974,Afghan Naan,Afghan,breakfast,False,425,27,37,17,12,1056,4.14,9.39
RCP08975,Afghan Appetizers Special 177,Afghan,morning_snack,True,781,10,46,27,9,768,5.58,7.75
RCP08976,Mantu,Afghan,dinner,False,603,37,70,24,13,675,4.14,23.03
RCP08977,Afghan Appetizers Special 179,Afghan,morning_snack,True,593,14,66,15,13,1183,3.24,11.55
RCP08978,Ashak,Afghan,dinner,False,695,11,78,18,13,1399,3.78,11.3
RCP08979,Firni,Afghan,morning_snack,False,170,48,69,17,13,792,4.5,13.64
RCP08980,Qabili Palaw,Afghan,dinner,True,453,16,63,15,10,302,3.78,24.82
RCP08981,Afghan Appetizers Special 183,Afghan,morning_snack,True,178,5,46,19,3,564,3.42,21.51
RCP08982,Kabuli Pulao,Afghan,dinner,False,301,25,47,20,11,1395,5.76,15.02
RCP08983,Ashak,Afghan,dinner,False,478,12,73,29,3,630,1.98,13.86
RCP08984,Ashak,Afghan,dinner,False,335,32,55,23,3,1011,6.48,21.63
RCP08985,Chapli Kebab,Afghan,morning_snack,False,255,40,65,15,9,372,6.12,9.69
RCP08986,Ashak,Afghan,dinner,False,621,13,37,17,11,647,3.42,9.16
RCP08987,Chapli Kebab,Afghan,morning_snack,False,635,18,61,19,14,1027,1.8,17.97
RCP08988,Afghan Naan,Afghan,breakfast,False,687,18,74,24,6,504,4.32,9.74
RCP08989,Mantu,Afghan,dinner,False,417,24,72,37,13,361,6.48,11.4
RCP08990,Qabili Palaw,Afghan,dinner,False,342,49,62,16,5,613,1.8,24.88
RCP08991,Qabili Palaw,Afghan,dinner,False,548,46,31,32,12,703,5.4,12.68
RCP08992,Ashak,Afghan,dinner,False,212,12,68,15,9,1438,6.66,9.1
RCP08993,Afghan Appetizers Special 195,Afghan,morning_snack,False,423,14,73,19,12,1035,6.84,10.75
RCP08994,Afghan Appetizers Special 196,Afghan,morning_snack,True,171,14,50,19,7,1164,5.94,14.82
RCP08995,Qabili Palaw,Afghan,dinner,False,214,29,65,34,10,608,3.6,5.29
RCP08996,Mantu,Afghan,dinner,False,411,7,74,11,9,1230,3.24,22.22
RCP08997,Afghan Appetizers Special 199,Afghan,morning_snack,False,587,32,73,23,3,1468,6.48,14.15
RCP08998,Afghan Appetizers Special 200,Afghan,morning_snack,True,734,16,52,14,10,245,3.96,3.3
RCP08999,Chilli Chicken,Fusion,morning_snack,False,561,49,35,35,9,1063,6.84,14.11
RCP09000,Chaat,Fusion,morning_snack,False,235,24,75,39,8,611,4.68,16.58
RCP09001,Pani Puri,Fusion,morning_snack,False,333,35,52,35,3,1073,2.52,21.63
RCP09002,Chilli Chicken,Fusion,morning_snack,False,585,29,53,37,12,978,3.24,8.99
RCP09003,Gol Gappa,Fusion,morning_snack,False,387,9,32,19,12,1450,5.94,13.93
RCP09004,Hakka Noodles,Fusion,morning_snack,False,721,24,69,19,6,505,6.84,22.34
RCP09005,Hakka Noodles,Fusion,morning_snack,True,324,17,52,28,2,937,2.16,4.76
RCP09006,Fusion Indo-Chinese Special 8,Fusion,dinner,False,552,43,40,23,7,1088,6.66,8.13
RCP09007,Chilli Chicken,Fusion,morning_snack,False,742,13,41,16,9,1063,4.5,9.74
RCP09008,Fusion Indo-Chinese Special 10,Fusion,dinner,True,644,15,77,28,5,1396,6.84,7.34
RCP09009,Fusion Indo-Chinese Special 11,Fusion,dinner,False,158,48,48,29,2,498,4.5,11.19
RCP09010,Chaat,Fusion,morning_snack,True,721,16,73,17,4,991,1.98,3.7
RCP09011,Fusion Indo-Chinese Special 13,Fusion,dinner,False,477,45,62,20,14,1383,4.86,4.03
RCP09012,Gol Gappa,Fusion,morning_snack,False,548,21,37,30,8,925,6.3,14.65
RCP09013,Fusion Indo-Chinese Special 15,Fusion,dinner,False,314,30,66,24,7,965,3.24,12.45
RCP09014,Chaat,Fusion,morning_snack,False,452,26,60,38,7,1315,2.52,23.27
RCP09015,Fusion Indo-Chinese Special 17,Fusion,dinner,False,677,11,79,12,14,876,4.86,21.78
RCP09016,Dahi Bhalla,Fusion,morning_snack,True,540,8,73,21,4,1379,3.06,18.74
RCP09017,Fusion Indo-Chinese Special 19,Fusion,dinner,True,493,10,39,26,10,1098,3.24,21.3
RCP09018,Hakka Noodles,Fusion,morning_snack,False,628,27,55,37,6,984,6.3,24.83
RCP09019,Chaat,Fusion,morning_snack,True,528,12,59,22,14,1286,2.34,22.29
RCP09020,Gol Gappa,Fusion,morning_snack,False,641,35,34,35,10,724,5.4,14.97
RCP09021,Chicken Manchurian,Fusion,morning_snack,False,296,14,72,18,8,1012,4.68,5.81
RCP09022,Fusion Indo-Chinese Special 24,Fusion,dinner,False,372,23,65,39,3,1496,2.34,22.8
RCP09023,Pani Puri,Fusion,morning_snack,False,196,34,77,27,8,1089,3.24,2.17
RCP09024,Fusion Indo-Chinese Special 26,Fusion,dinner,False,344,31,64,30,14,1483,1.98,20.48
RCP09025,Fusion Indo-Chinese Special 27,Fusion,dinner,False,717,35,31,30,5,1273,4.14,22.33
RCP09026,Chaat,Fusion,morning_snack,False,286,14,48,25,13,580,5.94,24.03
RCP09027,Fusion Indo-Chinese Special 29,Fusion,dinner,False,635,43,37,34,6,387,5.58,22.15
RCP09028,Chaat,Fusion,morning_snack,False,731,44,51,35,12,367,5.4,5.68
RCP09029,Fusion Indo-Chinese Special 31,Fusion,dinner,True,325,10,42,16,14,258,4.32,10.39
RCP09030,Fusion Indo-Chinese Special 32,Fusion,dinner,False,550,24,79,27,8,414,3.96,20.8
RCP09031,Chilli Chicken,Fusion,morning_snack,False,364,49,73,39,2,1468,5.04,19.96
RCP09032,Fusion Indo-Chinese Special 34,Fusion,dinner,False,295,44,79,23,4,1189,5.22,18.2
RCP09033,Fusion Indo-Chinese Special 35,Fusion,dinner,False,382,25,65,38,14,220,4.86,11.97
RCP09034,Chicken Manchurian,Fusion,morning_snack,False,689,46,45,39,10,245,2.34,20.07
RCP09035,Chilli Chicken,Fusion,morning_snack,False,424,9,30,24,5,1104,7.02,11.16
RCP09036,Pani Puri,Fusion,morning_snack,False,506,33,37,34,3,615,1.98,6.42
RCP09037,Chaat,Fusion,morning_snack,False,579,31,44,38,10,1285,6.66,4.47
RCP09038,Fusion Indo-Chinese Special 40,Fusion,dinner,False,519,38,48,27,12,1004,5.76,19.51
RCP09039,Gol Gappa,Fusion,morning_snack,False,188,31,31,34,9,1224,2.34,10.1
RCP09040,Dahi Bhalla,Fusion,morning_snack,True,585,16,74,10,8,201,3.06,6.85
RCP09041,Chilli Chicken,Fusion,morning_snack,False,487,37,66,25,10,313,4.68,2.26
RCP09042,Pani Puri,Fusion,morning_snack,False,670,43,32,29,7,535,2.16,23.81
RCP09043,Chicken Manchurian,Fusion,morning_snack,False,154,43,46,18,9,493,3.24,7.81
RCP09044,Chilli Chicken,Fusion,morning_snack,False,499,31,31,29,3,448,6.3,9.99
RCP09045,Fusion Indo-Chinese Special 47,Fusion,dinner,False,223,25,74,15,5,912,3.6,17.84
RCP09046,Dahi Bhalla,Fusion,morning_snack,False,464,9,39,19,5,1311,3.42,22.47
RCP09047,Chaat,Fusion,morning_snack,False,393,44,43,38,12,961,4.32,14.01
RCP09048,Gol Gappa,Fusion,morning_snack,False,468,11,78,13,4,285,6.84,4.34
RCP09049,Chaat,Fusion,morning_snack,False,734,33,71,27,12,1439,5.22,14.88
RCP09050,Fusion Indo-Chinese Special 52,Fusion,dinner,False,592,33,65,25,13,650,6.66,12.05
RCP09051,Fusion Indo-Chinese Special 53,Fusion,dinner,False,254,32,75,19,6,771,7.02,3.08
RCP09052,Chicken Manchurian,Fusion,morning_snack,False,210,42,79,16,7,1165,4.14,3.6
RCP09053,Chicken Manchurian,Fusion,morning_snack,False,756,16,40,24,12,717,4.68,11.11
RCP09054,Fusion Indo-Chinese Special 56,Fusion,dinner,True,776,11,69,13,13,471,2.52,7.88
RCP09055,Chaat,Fusion,morning_snack,False,384,25,61,25,11,1068,3.24,6.51
RCP09056,Fusion Indo-Chinese Special 58,Fusion,dinner,True,506,19,73,17,14,472,2.16,3.27
RCP09057,Dahi Bhalla,Fusion,morning_snack,False,325,25,37,36,9,875,4.68,4.05
RCP09058,Gol Gappa,Fusion,morning_snack,True,166,7,57,15,6,1039,6.12,7.95
RCP09059,Hakka Noodles,Fusion,morning_snack,False,630,32,62,38,4,629,6.66,20.49
RCP09060,Hakka Noodles,Fusion,morning_snack,False,534,23,55,31,6,361,5.76,18.57
RCP09061,Chicken Manchurian,Fusion,morning_snack,False,512,22,46,35,14,856,3.42,22.67
RCP09062,Fusion Indo-Chinese Special 64,Fusion,dinner,True,590,16,33,17,8,658,3.24,2.9
RCP09063,Fusion Indo-Chinese Special 65,Fusion,dinner,False,530,47,32,33,9,1225,2.34,9.7
RCP09064,Chicken Manchurian,Fusion,morning_snack,False,783,8,66,17,8,678,6.66,24.96
RCP09065,Hakka Noodles,Fusion,morning_snack,False,214,27,44,16,12,1177,4.32,21.41
RCP09066,Hakka Noodles,Fusion,morning_snack,False,202,33,74,38,10,1368,7.02,21.15
RCP09067,Gol Gappa,Fusion,morning_snack,False,381,25,63,17,11,959,4.32,2.31
RCP09068,Chilli Chicken,Fusion,morning_snack,False,581,21,34,35,7,979,3.78,16.93
RCP09069,Fusion Indo-Chinese Special 71,Fusion,dinner,True,452,17,35,28,11,636,5.58,21.47
RCP09070,Fusion Indo-Chinese Special 72,Fusion,dinner,False,413,41,72,27,10,1171,6.12,22.39
RCP09071,Chilli Chicken,Fusion,morning_snack,False,336,11,44,23,3,888,2.52,6.4
RCP09072,Chaat,Fusion,morning_snack,False,778,9,33,20,14,748,2.16,18.32
RCP09073,Dahi Bhalla,Fusion,morning_snack,False,404,43,55,21,11,922,6.66,14.11
RCP09074,Fusion Indo-Chinese Special 76,Fusion,dinner,True,223,18,35,18,11,1334,3.42,21.41
RCP09075,Chicken Manchurian,Fusion,morning_snack,False,171,43,72,37,14,1237,3.24,9.82
RCP09076,Pani Puri,Fusion,morning_snack,False,435,27,32,30,5,838,3.6,4.61
RCP09077,Fusion Indo-Chinese Special 79,Fusion,dinner,True,356,12,75,26,7,1055,6.48,7.29
RCP09078,Dahi Bhalla,Fusion,morning_snack,False,404,28,33,38,11,667,6.48,10.92
RCP09079,Chaat,Fusion,morning_snack,False,504,48,75,17,12,1326,1.98,19.36
RCP09080,Fusion Indo-Chinese Special 82,Fusion,dinner,True,380,14,68,29,7,1262,2.16,24.61
RCP09081,Chilli Chicken,Fusion,morning_snack,False,197,39,30,31,8,1446,4.14,13.84
RCP09082,Gol Gappa,Fusion,morning_snack,False,478,44,48,28,12,1192,5.76,13.47
RCP09083,Gol Gappa,Fusion,morning_snack,False,519,49,79,19,3,985,4.68,4.96
RCP09084,Hakka Noodles,Fusion,morning_snack,True,360,15,49,12,12,383,6.3,11.09
RCP09085,Chaat,Fusion,morning_snack,False,672,46,53,33,11,818,6.84,17.13
RCP09086,Fusion Indo-Chinese Special 88,Fusion,dinner,False,469,46,59,23,3,571,2.16,12.49
RCP09087,Chicken Manchurian,Fusion,morning_snack,False,266,5,34,20,13,1474,2.88,18.99
RCP09088,Chilli Chicken,Fusion,morning_snack,False,284,35,53,38,3,253,2.88,17.59
RCP09089,Hakka Noodles,Fusion,morning_snack,False,579,40,61,23,3,1214,6.48,19.94
RCP09090,Chicken Manchurian,Fusion,morning_snack,False,671,45,68,23,4,715,4.32,11.28
RCP09091,Chilli Chicken,Fusion,morning_snack,False,531,9,44,15,14,867,3.24,9.74
RCP09092,Gol Gappa,Fusion,morning_snack,False,717,45,67,20,14,468,2.34,13.1
RCP09093,Fusion Indo-Chinese Special 95,Fusion,dinner,False,784,34,31,24,10,658,3.6,20.44
RCP09094,Fusion Indo-Chinese Special 96,Fusion,dinner,True,583,19,41,27,2,1189,2.7,13.98
RCP09095,Chilli Chicken,Fusion,morning_snack,False,492,7,51,29,7,772,3.06,24.31
RCP09096,Dahi Bhalla,Fusion,morning_snack,False,369,28,45,20,2,932,6.3,8.48
RCP09097,Pani Puri,Fusion,morning_snack,False,232,39,51,39,6,203,6.66,4.57
RCP09098,Fusion Indo-Chinese Special 100,Fusion,dinner,True,286,5,50,29,2,1254,5.22,22.6
RCP09099,Fusion Indo-Chinese Special 101,Fusion,dinner,False,739,28,73,29,13,297,2.16,11.24
RCP09100,Fusion Indo-Chinese Special 102,Fusion,dinner,True,486,12,75,29,6,1037,5.58,12.8
RCP09101,Chicken Manchurian,Fusion,morning_snack,False,405,21,43,20,2,362,3.06,14.66
RCP09102,Fusion Indo-Chinese Special 104,Fusion,dinner,False,685,21,36,35,8,1458,4.5,7.88
RCP09103,Fusion Indo-Chinese Special 105,Fusion,dinner,False,232,26,61,29,10,800,2.52,21.85
RCP09104,Fusion Indo-Chinese Special 106,Fusion,dinner,False,501,48,74,25,7,411,3.78,11.54
RCP09105,Gol Gappa,Fusion,morning_snack,False,684,22,66,30,14,1313,7.02,16.21
RCP09106,Fusion Indo-Chinese Special 108,Fusion,dinner,False,741,12,69,11,6,1496,6.84,6.2
RCP09107,Chicken Manchurian,Fusion,morning_snack,False,769,12,50,19,7,418,2.88,3.19
RCP09108,Chicken Manchurian,Fusion,morning_snack,False,714,22,39,25,13,551,7.02,24.21
RCP09109,Fusion Indo-Chinese Special 111,Fusion,dinner,False,591,16,32,17,7,261,6.66,12.42
RCP09110,Fusion Indo-Chinese Special 112,Fusion,dinner,False,226,28,32,31,9,977,5.94,16.66
RCP09111,Pani Puri,Fusion,morning_snack,True,623,9,45,24,5,741,3.96,18.6
RCP09112,Chaat,Fusion,morning_snack,True,705,15,40,14,3,1419,2.34,7.51
RCP09113,Dahi Bhalla,Fusion,morning_snack,False,511,37,75,33,14,808,3.24,3.83
RCP09114,Pani Puri,Fusion,morning_snack,False,581,46,72,15,4,867,5.94,7.45
RCP09115,Chicken Manchurian,Fusion,morning_snack,False,356,12,34,12,9,851,6.3,8.92
RCP09116,Fusion Indo-Chinese Special 118,Fusion,dinner,False,233,49,78,39,4,945,6.84,6.57
RCP09117,Gol Gappa,Fusion,morning_snack,False,408,37,40,35,11,296,3.78,7.9
RCP09118,Pani Puri,Fusion,morning_snack,True,192,17,56,10,4,1100,4.5,23.24
RCP09119,Fusion Indo-Chinese Special 121,Fusion,dinner,False,737,34,64,31,6,1232,3.78,22.59
RCP09120,Fusion Indo-Chinese Special 122,Fusion,dinner,False,602,47,73,17,2,671,1.8,15.39
RCP09121,Fusion Indo-Chinese Special 123,Fusion,dinner,True,508,17,33,22,3,645,4.14,23.83
RCP09122,Chilli Chicken,Fusion,morning_snack,False,678,18,43,11,14,678,2.52,2.43
RCP09123,Pani Puri,Fusion,morning_snack,True,509,18,50,12,8,712,6.12,15.29
RCP09124,Gol Gappa,Fusion,morning_snack,False,452,40,72,35,7,1083,5.4,24.45
RCP09125,Chicken Manchurian,Fusion,morning_snack,False,554,37,43,30,7,999,3.24,5.16
RCP09126,Fusion Indo-Chinese Special 128,Fusion,dinner,False,265,9,65,21,3,262,6.48,8.76
RCP09127,Gol Gappa,Fusion,morning_snack,False,300,49,69,26,3,561,6.84,21.14
RCP09128,Hakka Noodles,Fusion,morning_snack,False,182,44,50,19,12,547,5.22,15.45
RCP09129,Chaat,Fusion,morning_snack,False,213,28,37,26,14,1082,5.58,3.6
RCP09130,Gol Gappa,Fusion,morning_snack,False,318,49,77,26,8,252,4.14,8.31
RCP09131,Chaat,Fusion,morning_snack,True,541,8,69,28,6,606,6.3,22.14
RCP09132,Chicken Manchurian,Fusion,morning_snack,False,220,15,39,22,10,980,4.86,20.0
RCP09133,Chicken Manchurian,Fusion,morning_snack,False,525,23,42,34,10,906,1.98,12.74
RCP09134,Gol Gappa,Fusion,morning_snack,False,180,47,48,26,13,1455,7.02,4.31
RCP09135,Hakka Noodles,Fusion,morning_snack,True,512,18,75,25,2,341,6.66,21.01
RCP09136,Hakka Noodles,Fusion,morning_snack,False,421,35,33,17,5,1143,3.42,7.48
RCP09137,Hakka Noodles,Fusion,morning_snack,True,317,19,63,26,9,1160,6.48,9.16
RCP09138,Chaat,Fusion,morning_snack,True,589,18,31,10,3,556,2.88,15.97
RCP09139,Pani Puri,Fusion,morning_snack,False,663,24,46,30,13,818,6.12,22.49
RCP09140,Fusion Indo-Chinese Special 142,Fusion,dinner,True,288,15,38,12,13,1418,5.22,17.27
RCP09141,Fusion Indo-Chinese Special 143,Fusion,dinner,False,744,39,61,33,12,950,5.76,19.76
RCP09142,Hakka Noodles,Fusion,morning_snack,False,414,49,65,15,2,977,5.22,24.77
RCP09143,Chaat,Fusion,morning_snack,False,624,22,72,39,2,1161,2.88,15.55
RCP09144,Fusion Indo-Chinese Special 146,Fusion,dinner,False,459,38,38,25,9,393,4.14,19.72
RCP09145,Dahi Bhalla,Fusion,morning_snack,True,300,18,39,23,4,1409,3.78,6.81
RCP09146,Fusion Indo-Chinese Special 148,Fusion,dinner,True,321,17,70,21,5,426,1.8,14.89
RCP09147,Gol Gappa,Fusion,morning_snack,True,340,9,76,20,11,322,4.5,9.66
RCP09148,Chicken Manchurian,Fusion,morning_snack,False,477,6,72,14,3,743,5.22,4.93
RCP09149,Fusion Indo-Chinese Special 151,Fusion,dinner,False,452,34,78,18,12,1353,5.22,21.86
RCP09150,Pani Puri,Fusion,morning_snack,True,309,18,44,21,14,1320,7.02,9.65
RCP09151,Fusion Indo-Chinese Special 153,Fusion,dinner,False,159,35,68,33,4,766,4.32,24.8
RCP09152,Chilli Chicken,Fusion,morning_snack,False,799,11,76,12,13,659,6.48,9.98
RCP09153,Chicken Manchurian,Fusion,morning_snack,False,636,32,51,28,7,912,6.12,14.93
RCP09154,Chaat,Fusion,morning_snack,False,423,25,79,28,5,1246,6.66,14.84
RCP09155,Hakka Noodles,Fusion,morning_snack,False,224,42,56,26,13,1345,2.88,20.59
RCP09156,Pani Puri,Fusion,morning_snack,True,775,5,59,12,12,1156,7.02,12.51
RCP09157,Chilli Chicken,Fusion,morning_snack,False,320,6,46,10,3,1396,4.32,8.1
RCP09158,Hakka Noodles,Fusion,morning_snack,False,595,44,31,28,2,775,1.98,13.21
RCP09159,Chicken Manchurian,Fusion,morning_snack,False,423,7,53,19,12,798,4.14,20.44
RCP09160,Pani Puri,Fusion,morning_snack,False,494,21,44,27,9,235,3.24,5.86
RCP09161,Hakka Noodles,Fusion,morning_snack,False,761,48,56,37,6,1222,5.94,8.33
RCP09162,Dahi Bhalla,Fusion,morning_snack,False,668,40,62,30,11,1003,1.8,19.39
RCP09163,Chaat,Fusion,morning_snack,True,569,11,68,17,4,847,6.48,8.58
RCP09164,Fusion Indo-Chinese Special 166,Fusion,dinner,False,642,46,44,22,3,849,5.76,4.84
RCP09165,Pani Puri,Fusion,morning_snack,True,233,11,51,18,10,1395,2.88,15.39
RCP09166,Chicken Manchurian,Fusion,morning_snack,False,625,19,68,13,9,665,1.98,12.4
RCP09167,Pani Puri,Fusion,morning_snack,False,522,35,71,38,7,777,6.84,21.27
RCP09168,Fusion Indo-Chinese Special 170,Fusion,dinner,True,554,17,79,18,5,519,4.68,18.83
RCP09169,Fusion Indo-Chinese Special 171,Fusion,dinner,False,621,39,52,20,2,1391,6.84,17.91
RCP09170,Gol Gappa,Fusion,morning_snack,False,652,24,79,15,9,303,5.04,2.88
RCP09171,Chilli Chicken,Fusion,morning_snack,False,622,29,30,25,6,272,4.86,12.83
RCP09172,Chilli Chicken,Fusion,morning_snack,False,645,34,76,35,4,801,2.7,16.55
RCP09173,Chaat,Fusion,morning_snack,False,772,34,48,22,9,1086,4.5,22.12
RCP09174,Dahi Bhalla,Fusion,morning_snack,False,512,43,78,30,6,937,3.42,9.44
RCP09175,Pani Puri,Fusion,morning_snack,False,495,36,42,29,2,1247,6.66,9.98
RCP09176,Pani Puri,Fusion,morning_snack,True,166,15,37,23,4,434,5.58,20.33
RCP09177,Fusion Indo-Chinese Special 179,Fusion,dinner,False,255,10,49,22,14,1051,3.78,16.54
RCP09178,Chicken Manchurian,Fusion,morning_snack,False,380,12,40,15,7,205,5.94,2.31
RCP09179,Fusion Indo-Chinese Special 181,Fusion,dinner,False,307,44,41,23,10,1008,3.42,8.0
RCP09180,Dahi Bhalla,Fusion,morning_snack,True,278,16,73,29,5,228,4.5,22.45
RCP09181,Fusion Indo-Chinese Special 183,Fusion,dinner,False,216,30,59,21,12,219,1.8,17.1
RCP09182,Fusion Indo-Chinese Special 184,Fusion,dinner,True,247,17,33,24,2,237,4.5,3.19
RCP09183,Fusion Indo-Chinese Special 185,Fusion,dinner,False,565,14,66,13,6,527,2.16,23.01
RCP09184,Fusion Indo-Chinese Special 186,Fusion,dinner,False,675,6,61,20,10,235,2.88,18.08
RCP09185,Pani Puri,Fusion,morning_snack,False,590,34,68,29,8,1141,6.84,15.92
RCP09186,Gol Gappa,Fusion,morning_snack,True,517,6,31,25,8,495,2.88,16.86
RCP09187,Fusion Indo-Chinese Special 189,Fusion,dinner,False,556,45,75,31,11,1004,2.7,8.47
RCP09188,Chicken Manchurian,Fusion,morning_snack,False,725,11,30,27,8,916,2.52,8.27
RCP09189,Pani Puri,Fusion,morning_snack,False,237,31,51,23,6,1288,4.5,4.21
RCP09190,Chicken Manchurian,Fusion,morning_snack,False,244,49,53,15,8,988,2.88,21.23
RCP09191,Fusion Indo-Chinese Special 193,Fusion,dinner,True,554,16,30,21,4,832,4.86,23.23
RCP09192,Dahi Bhalla,Fusion,morning_snack,False,263,36,33,24,10,571,6.3,15.2
RCP09193,Fusion Indo-Chinese Special 195,Fusion,dinner,True,273,17,32,21,4,974,3.78,24.22
RCP09194,Chicken Manchurian,Fusion,morning_snack,False,167,39,72,39,12,1338,5.4,19.95
RCP09195,Chicken Manchurian,Fusion,morning_snack,False,152,32,68,15,2,1084,7.02,17.58
RCP09196,Chilli Chicken,Fusion,morning_snack,False,300,6,79,20,9,1338,3.06,23.02
RCP09197,Fusion Indo-Chinese Special 199,Fusion,dinner,False,770,36,51,24,7,680,5.4,15.15
RCP09198,Chilli Chicken,Fusion,morning_snack,False,524,49,51,17,13,1009,4.14,22.87
RCP09199,Dahi Bhalla,Fusion,morning_snack,True,430,16,38,12,7,860,4.14,16.65
RCP09200,Chaat,Fusion,morning_snack,False,565,49,38,16,10,358,3.42,4.43
RCP09201,Fusion Indo-Chinese Special 203,Fusion,dinner,False,336,11,37,23,6,1150,6.3,20.56
RCP09202,Chilli Chicken,Fusion,morning_snack,False,258,8,77,26,6,461,2.52,14.91
RCP09203,Chilli Chicken,Fusion,morning_snack,False,626,43,70,17,10,905,3.6,17.03
RCP09204,Fusion Indo-Chinese Special 206,Fusion,dinner,True,332,13,52,24,7,674,6.48,6.06
RCP09205,Hakka Noodles,Fusion,morning_snack,False,764,28,59,19,6,638,4.5,16.38
RCP09206,Chilli Chicken,Fusion,morning_snack,False,509,29,78,30,5,401,5.22,21.01
RCP09207,Hakka Noodles,Fusion,morning_snack,False,195,5,69,25,2,539,5.4,8.54
RCP09208,Gol Gappa,Fusion,morning_snack,True,253,6,68,22,10,624,5.4,12.92
RCP09209,Dahi Bhalla,Fusion,morning_snack,False,706,32,31,24,13,777,2.16,20.06
RCP09210,Chicken Manchurian,Fusion,morning_snack,False,554,6,75,18,12,716,2.16,2.71
RCP09211,Fusion Indo-Chinese Special 213,Fusion,dinner,True,784,12,63,27,6,929,3.96,22.28
RCP09212,Gol Gappa,Fusion,morning_snack,False,266,24,56,18,3,317,3.6,7.49
RCP09213,Pani Puri,Fusion,morning_snack,False,404,33,33,30,2,866,1.98,4.09
RCP09214,Fusion Indo-Chinese Special 216,Fusion,dinner,False,231,23,74,27,6,461,5.58,11.0
RCP09215,Pani Puri,Fusion,morning_snack,False,208,41,48,30,12,1206,4.86,23.7
RCP09216,Chicken Manchurian,Fusion,morning_snack,False,575,48,36,30,10,663,5.04,11.77
RCP09217,Fusion Indo-Chinese Special 219,Fusion,dinner,True,580,7,48,18,2,391,2.34,23.92
RCP09218,Fusion Indo-Chinese Special 220,Fusion,dinner,False,755,30,79,29,8,848,5.58,3.93
RCP09219,Fusion Indo-Chinese Special 221,Fusion,dinner,False,767,40,62,15,5,354,2.88,8.65
RCP09220,Hakka Noodles,Fusion,morning_snack,False,200,43,74,38,9,1233,4.5,18.81
RCP09221,Fusion Indo-Chinese Special 223,Fusion,dinner,False,462,22,55,18,7,213,3.06,16.93
RCP09222,Hakka Noodles,Fusion,morning_snack,False,252,40,42,38,2,896,3.96,20.28
RCP09223,Dahi Bhalla,Fusion,morning_snack,False,730,9,31,13,11,1394,5.58,3.66
RCP09224,Dahi Bhalla,Fusion,morning_snack,False,482,29,63,23,7,1148,2.88,16.43
RCP09225,Fusion Indo-Chinese Special 227,Fusion,dinner,True,664,5,53,24,2,960,4.14,8.61
RCP09226,Fusion Indo-Chinese Special 228,Fusion,dinner,False,207,25,56,36,11,1253,1.8,21.25
RCP09227,Dahi Bhalla,Fusion,morning_snack,False,329,46,76,23,10,1421,5.22,20.73
RCP09228,Fusion Indo-Chinese Special 230,Fusion,dinner,True,383,10,73,19,6,300,4.86,24.72
RCP09229,Dahi Bhalla,Fusion,morning_snack,False,390,37,54,22,2,1064,2.52,14.23
RCP09230,Chicken Manchurian,Fusion,morning_snack,False,645,10,30,24,5,659,3.96,13.8
RCP09231,Fusion Indo-Chinese Special 233,Fusion,dinner,False,474,31,46,17,4,413,3.06,2.41
RCP09232,Fusion Indo-Chinese Special 234,Fusion,dinner,False,301,33,47,22,10,642,7.02,18.69
RCP09233,Fusion Indo-Chinese Special 235,Fusion,dinner,True,571,14,77,14,8,771,6.3,2.57
RCP09234,Fusion Indo-Chinese Special 236,Fusion,dinner,True,579,12,67,27,13,1076,2.7,10.52
RCP09235,Pani Puri,Fusion,morning_snack,False,715,45,54,15,8,577,3.96,12.91
RCP09236,Gol Gappa,Fusion,morning_snack,True,638,17,49,18,12,983,3.6,19.15
RCP09237,Fusion Indo-Chinese Special 239,Fusion,dinner,False,453,25,50,19,13,1119,7.02,6.88
RCP09238,Chilli Chicken,Fusion,morning_snack,False,793,11,74,27,7,1287,1.8,3.33
RCP09239,Chicken Manchurian,Fusion,morning_snack,False,263,47,44,32,4,874,6.12,18.23
RCP09240,Pani Puri,Fusion,morning_snack,False,572,43,74,25,14,290,5.4,16.88
RCP09241,Chaat,Fusion,morning_snack,False,537,31,49,22,4,822,5.4,3.05
RCP09242,Hakka Noodles,Fusion,morning_snack,False,428,20,65,19,7,566,2.52,3.36
RCP09243,Gol Gappa,Fusion,morning_snack,True,172,9,70,18,5,285,5.4,3.34
RCP09244,Pani Puri,Fusion,morning_snack,False,150,45,35,27,5,1225,6.3,17.44
RCP09245,Hakka Noodles,Fusion,morning_snack,False,233,22,61,29,7,695,5.58,15.32
RCP09246,Pani Puri,Fusion,morning_snack,True,417,10,48,14,12,1147,5.58,6.22
RCP09247,Dahi Bhalla,Fusion,morning_snack,False,193,24,76,37,7,1115,6.3,22.02
RCP09248,Gol Gappa,Fusion,morning_snack,False,636,32,33,39,5,1268,1.98,9.12
RCP09249,Hakka Noodles,Fusion,morning_snack,False,453,35,38,21,4,1254,3.6,21.89
RCP09250,Fusion Indo-Chinese Special 252,Fusion,dinner,False,585,21,41,29,9,1097,4.32,19.76
RCP09251,Fusion Indo-Chinese Special 253,Fusion,dinner,False,410,42,67,26,8,779,2.52,12.98
RCP09252,Fusion Indo-Chinese Special 254,Fusion,dinner,False,511,11,68,26,2,430,4.14,16.32
RCP09253,Hakka Noodles,Fusion,morning_snack,True,441,14,49,11,14,768,3.96,8.95
RCP09254,Fusion Indo-Chinese Special 256,Fusion,dinner,False,751,9,63,26,13,524,2.88,19.01
RCP09255,Chilli Chicken,Fusion,morning_snack,False,744,22,78,15,14,852,5.4,2.06
RCP09256,Fusion Indo-Chinese Special 258,Fusion,dinner,False,196,40,67,20,10,1155,3.6,4.04
RCP09257,Chaat,Fusion,morning_snack,False,492,25,47,31,12,873,4.86,13.45
RCP09258,Pani Puri,Fusion,morning_snack,False,712,32,47,30,14,927,3.42,10.29
RCP09259,Fusion Indo-Chinese Special 261,Fusion,dinner,True,391,8,57,19,9,523,5.76,16.93
RCP09260,Chilli Chicken,Fusion,morning_snack,False,262,46,74,33,4,1086,5.04,22.01
RCP09261,Chicken Manchurian,Fusion,morning_snack,False,247,46,45,33,12,374,2.34,16.47
RCP09262,Chicken Manchurian,Fusion,morning_snack,False,614,36,71,17,10,583,4.32,9.45
RCP09263,Gol Gappa,Fusion,morning_snack,False,438,49,56,35,2,1104,6.84,24.83
RCP09264,Hakka Noodles,Fusion,morning_snack,True,533,9,57,20,8,434,4.14,22.76
RCP09265,Dahi Bhalla,Fusion,morning_snack,False,391,13,64,10,13,932,2.16,22.75
RCP09266,Chicken Manchurian,Fusion,morning_snack,False,375,14,61,21,5,712,4.32,24.39
RCP09267,Chaat,Fusion,morning_snack,False,762,31,68,32,2,288,4.68,18.96
RCP09268,Pani Puri,Fusion,morning_snack,False,533,43,75,28,2,1245,3.24,7.13
RCP09269,Pani Puri,Fusion,morning_snack,True,730,7,68,19,13,624,3.78,16.63
RCP09270,Hakka Noodles,Fusion,morning_snack,False,157,24,37,18,12,1322,4.14,17.18
RCP09271,Chaat,Fusion,morning_snack,False,613,43,43,38,5,323,6.84,22.13
RCP09272,Fusion Indo-Chinese Special 274,Fusion,dinner,False,490,48,30,21,5,1076,5.76,10.11
RCP09273,Hakka Noodles,Fusion,morning_snack,False,671,27,76,17,11,1260,3.24,23.09
RCP09274,Chaat,Fusion,morning_snack,False,304,44,40,36,8,1285,3.96,21.92
RCP09275,Chicken Manchurian,Fusion,morning_snack,False,611,21,48,19,2,929,3.24,21.96
RCP09276,Hakka Noodles,Fusion,morning_snack,False,623,8,34,15,10,807,3.24,21.62
RCP09277,Dahi Bhalla,Fusion,morning_snack,False,538,24,52,19,2,916,2.16,9.2
RCP09278,Fusion Indo-Chinese Special 280,Fusion,dinner,False,601,44,71,28,7,721,7.02,13.3
RCP09279,Fusion Indo-Chinese Special 281,Fusion,dinner,False,633,8,73,18,8,874,5.94,5.69
RCP09280,Gol Gappa,Fusion,morning_snack,False,242,21,50,34,2,1414,3.06,22.41
RCP09281,Chilli Chicken,Fusion,morning_snack,False,361,23,52,35,3,1342,6.48,18.71
RCP09282,Chicken Manchurian,Fusion,morning_snack,False,200,38,44,15,5,1362,2.34,23.5
RCP09283,Chaat,Fusion,morning_snack,True,368,19,39,15,14,1398,3.6,23.89
RCP09284,Pani Puri,Fusion,morning_snack,False,515,12,54,12,3,875,3.42,23.13
RCP09285,Fusion Indo-Chinese Special 287,Fusion,dinner,False,786,42,69,34,3,911,4.32,12.66
RCP09286,Fusion Indo-Chinese Special 288,Fusion,dinner,False,701,44,63,34,4,392,2.88,20.48
RCP09287,Chilli Chicken,Fusion,morning_snack,False,367,34,35,33,6,492,6.48,23.13
RCP09288,Chaat,Fusion,morning_snack,False,662,39,73,16,4,1438,5.4,6.78
RCP09289,Chaat,Fusion,morning_snack,False,695,43,39,30,6,1192,5.4,14.89
RCP09290,Chaat,Fusion,morning_snack,False,618,41,42,25,9,831,5.4,13.98
RCP09291,Chilli Chicken,Fusion,morning_snack,False,157,6,66,13,6,1220,2.16,17.8
RCP09292,Fusion Indo-Chinese Special 294,Fusion,dinner,False,602,26,38,16,7,956,5.22,9.25
RCP09293,Gol Gappa,Fusion,morning_snack,False,707,20,50,35,2,356,2.16,5.95
RCP09294,Hakka Noodles,Fusion,morning_snack,False,661,44,70,24,3,1204,2.52,22.99
RCP09295,Fusion Indo-Chinese Special 297,Fusion,dinner,False,647,36,59,32,10,693,4.14,18.74
RCP09296,Chaat,Fusion,morning_snack,True,672,5,63,23,8,899,2.7,24.76
RCP09297,Pani Puri,Fusion,morning_snack,False,320,21,52,38,9,207,4.32,18.96
RCP09298,Chilli Chicken,Fusion,morning_snack,False,504,42,38,23,4,1092,3.6,18.87
RCP09299,Dahi Bhalla,Fusion,morning_snack,False,677,48,46,24,11,428,3.6,12.71
RCP09300,Pani Puri,Fusion,morning_snack,True,318,19,64,25,10,504,4.5,3.88
RCP09301,Hakka Noodles,Fusion,morning_snack,False,394,20,34,36,7,401,6.84,2.49
RCP09302,Gol Gappa,Fusion,morning_snack,False,494,23,72,15,13,1270,1.98,10.08
RCP09303,Pani Puri,Fusion,morning_snack,False,776,22,62,25,9,459,3.78,4.96
RCP09304,Pani Puri,Fusion,morning_snack,True,688,12,49,20,12,317,6.84,20.94
RCP09305,Fusion Indo-Chinese Special 307,Fusion,dinner,False,262,47,31,32,14,641,2.16,7.02
RCP09306,Chicken Manchurian,Fusion,morning_snack,False,326,34,31,22,10,768,3.78,5.34
RCP09307,Dahi Bhalla,Fusion,morning_snack,False,672,19,55,29,11,736,3.24,11.49
RCP09308,Hakka Noodles,Fusion,morning_snack,False,553,31,64,23,6,837,4.14,7.95
RCP09309,Pani Puri,Fusion,morning_snack,False,203,27,68,32,5,1118,1.98,12.56
RCP09310,Chilli Chicken,Fusion,morning_snack,False,370,11,45,25,3,473,3.42,13.61
RCP09311,Chilli Chicken,Fusion,morning_snack,False,583,49,74,29,2,390,2.88,13.91
RCP09312,Fusion Indo-Chinese Special 314,Fusion,dinner,False,507,24,63,25,10,1250,5.58,2.79
RCP09313,Chilli Chicken,Fusion,morning_snack,False,409,28,55,32,12,1009,3.06,11.8
RCP09314,Pani Puri,Fusion,morning_snack,False,606,49,41,37,5,221,5.04,6.38
RCP09315,Hakka Noodles,Fusion,morning_snack,False,380,21,40,39,6,506,4.68,18.82
RCP09316,Chilli Chicken,Fusion,morning_snack,False,287,33,31,18,13,763,6.66,14.83
RCP09317,Chaat,Fusion,morning_snack,False,708,33,65,35,2,927,4.32,17.36
RCP09318,Hakka Noodles,Fusion,morning_snack,False,302,48,68,25,6,285,2.7,14.05
RCP09319,Fusion Indo-Chinese Special 321,Fusion,dinner,False,275,47,39,34,3,1362,1.98,24.45
RCP09320,Dahi Bhalla,Fusion,morning_snack,False,636,23,34,15,3,1372,1.98,23.7
RCP09321,Chilli Chicken,Fusion,morning_snack,False,693,45,39,19,8,1423,3.78,9.86
RCP09322,Gol Gappa,Fusion,morning_snack,False,272,45,76,15,2,1308,6.48,16.74
RCP09323,Fusion Indo-Chinese Special 325,Fusion,dinner,False,756,46,54,17,9,818,5.22,4.68
RCP09324,Chaat,Fusion,morning_snack,False,538,23,64,25,11,1291,1.8,9.03
RCP09325,Chaat,Fusion,morning_snack,False,551,41,30,22,7,610,4.5,2.18
RCP09326,Fusion Indo-Chinese Special 328,Fusion,dinner,False,675,30,34,33,2,397,2.16,17.57
RCP09327,Fusion Indo-Chinese Special 329,Fusion,dinner,True,407,19,76,11,11,276,4.14,2.6
RCP09328,Gol Gappa,Fusion,morning_snack,True,377,13,47,16,9,758,2.16,5.08
RCP09329,Pani Puri,Fusion,morning_snack,False,507,44,51,31,3,1135,4.5,16.81
RCP09330,Fusion Indo-Chinese Special 332,Fusion,dinner,False,442,26,53,28,14,439,5.76,16.96
RCP09331,Dahi Bhalla,Fusion,morning_snack,False,399,44,32,28,9,1337,4.68,22.95
RCP09332,Fusion Street Food Special 1,Fusion,morning_snack,True,222,15,76,14,6,263,3.78,10.11
RCP09333,Chicken Manchurian,Fusion,morning_snack,False,750,48,72,39,12,301,7.02,16.83
RCP09334,Fusion Street Food Special 3,Fusion,morning_snack,False,281,22,57,37,2,1020,3.06,22.93
RCP09335,Fusion Street Food Special 4,Fusion,morning_snack,False,182,22,41,34,9,1442,5.04,21.1
RCP09336,Hakka Noodles,Fusion,morning_snack,False,606,24,62,18,7,914,3.6,9.04
RCP09337,Chaat,Fusion,morning_snack,True,729,6,68,28,14,806,4.14,21.76
RCP09338,Gol Gappa,Fusion,morning_snack,True,211,19,41,25,4,815,4.68,2.89
RCP09339,Dahi Bhalla,Fusion,morning_snack,False,708,29,50,21,3,262,2.16,12.01
RCP09340,Gol Gappa,Fusion,morning_snack,False,483,23,78,21,10,526,6.3,15.96
RCP09341,Hakka Noodles,Fusion,morning_snack,True,548,9,76,23,12,725,4.32,11.15
RCP09342,Dahi Bhalla,Fusion,morning_snack,True,187,12,68,21,9,964,2.34,7.66
RCP09343,Fusion Street Food Special 12,Fusion,morning_snack,False,481,32,74,25,13,1357,4.68,17.77
RCP09344,Chaat,Fusion,morning_snack,False,215,39,38,23,9,1426,3.06,8.95
RCP09345,Fusion Street Food Special 14,Fusion,morning_snack,False,698,49,50,19,5,1496,3.24,19.72
RCP09346,Fusion Street Food Special 15,Fusion,morning_snack,False,345,36,43,24,13,1259,3.96,8.92
RCP09347,Chaat,Fusion,morning_snack,True,403,9,60,23,10,1148,6.48,5.77
RCP09348,Fusion Street Food Special 17,Fusion,morning_snack,True,673,8,75,27,3,362,5.58,20.11
RCP09349,Gol Gappa,Fusion,morning_snack,True,471,17,75,26,8,616,2.52,14.59
RCP09350,Chicken Manchurian,Fusion,morning_snack,False,418,7,42,19,14,1215,2.16,24.86
RCP09351,Pani Puri,Fusion,morning_snack,False,392,42,58,33,2,691,6.12,15.54
RCP09352,Chicken Manchurian,Fusion,morning_snack,False,603,30,54,37,3,1385,3.06,23.93
RCP09353,Chilli Chicken,Fusion,morning_snack,False,475,45,34,38,10,570,4.86,3.91
RCP09354,Fusion Street Food Special 23,Fusion,morning_snack,False,481,27,43,16,8,1104,7.02,19.14
RCP09355,Gol Gappa,Fusion,morning_snack,False,238,28,71,20,11,1464,6.3,24.94
RCP09356,Fusion Street Food Special 25,Fusion,morning_snack,False,498,30,51,32,7,1270,6.66,11.31
RCP09357,Hakka Noodles,Fusion,morning_snack,False,244,27,52,17,10,1134,5.58,5.15
RCP09358,Pani Puri,Fusion,morning_snack,False,421,31,42,30,5,1027,3.42,12.04
RCP09359,Fusion Street Food Special 28,Fusion,morning_snack,True,702,13,73,24,5,616,4.14,16.74
RCP09360,Hakka Noodles,Fusion,morning_snack,False,177,15,62,14,8,660,5.4,24.21
RCP09361,Pani Puri,Fusion,morning_snack,False,666,16,71,19,7,1422,6.66,6.55
RCP09362,Fusion Street Food Special 31,Fusion,morning_snack,False,499,12,38,25,12,313,2.7,14.59
RCP09363,Fusion Street Food Special 32,Fusion,morning_snack,False,254,24,69,29,7,716,5.22,13.53
RCP09364,Chicken Manchurian,Fusion,morning_snack,False,739,43,57,30,12,826,1.98,12.94
RCP09365,Fusion Street Food Special 34,Fusion,morning_snack,False,582,41,37,22,8,1071,5.94,7.74
RCP09366,Fusion Street Food Special 35,Fusion,morning_snack,False,540,21,67,17,2,265,2.88,10.09
RCP09367,Pani Puri,Fusion,morning_snack,False,264,35,34,28,5,477,3.78,19.69
RCP09368,Gol Gappa,Fusion,morning_snack,True,172,13,48,19,4,1244,4.5,24.53
RCP09369,Chaat,Fusion,morning_snack,False,586,26,76,22,6,236,6.48,13.48
RCP09370,Hakka Noodles,Fusion,morning_snack,False,181,25,76,36,3,958,2.52,11.04
RCP09371,Chilli Chicken,Fusion,morning_snack,False,228,8,71,15,6,391,5.58,17.76
RCP09372,Dahi Bhalla,Fusion,morning_snack,False,592,5,63,12,5,1203,2.7,21.88
RCP09373,Chaat,Fusion,morning_snack,False,388,36,37,16,7,246,3.24,2.64
RCP09374,Fusion Street Food Special 43,Fusion,morning_snack,False,538,32,52,37,9,1155,1.98,21.23
RCP09375,Hakka Noodles,Fusion,morning_snack,False,151,38,68,25,8,769,5.4,9.11
RCP09376,Fusion Street Food Special 45,Fusion,morning_snack,True,265,12,69,14,13,1489,3.96,5.08
RCP09377,Pani Puri,Fusion,morning_snack,False,190,49,55,25,5,865,3.42,16.9
RCP09378,Fusion Street Food Special 47,Fusion,morning_snack,False,250,32,44,17,8,1210,4.86,6.67
RCP09379,Fusion Street Food Special 48,Fusion,morning_snack,False,478,32,50,38,14,693,3.06,9.12
RCP09380,Chicken Manchurian,Fusion,morning_snack,False,483,29,33,30,5,279,7.02,18.74
RCP09381,Dahi Bhalla,Fusion,morning_snack,False,305,19,64,21,10,1497,3.06,2.39
RCP09382,Fusion Street Food Special 51,Fusion,morning_snack,False,356,45,36,36,13,869,4.5,20.24
RCP09383,Fusion Street Food Special 52,Fusion,morning_snack,False,559,46,48,21,11,624,2.16,3.11
RCP09384,Chaat,Fusion,morning_snack,False,438,39,35,27,9,662,6.3,16.01
RCP09385,Dahi Bhalla,Fusion,morning_snack,False,202,19,40,10,12,283,4.68,14.83
RCP09386,Fusion Street Food Special 55,Fusion,morning_snack,False,396,41,61,16,13,706,5.04,8.58
RCP09387,Fusion Street Food Special 56,Fusion,morning_snack,False,720,28,52,30,5,825,4.5,18.32
RCP09388,Chaat,Fusion,morning_snack,True,452,16,31,24,4,575,5.76,15.89
RCP09389,Pani Puri,Fusion,morning_snack,False,486,20,56,19,6,1378,3.42,23.13
RCP09390,Gol Gappa,Fusion,morning_snack,False,383,15,49,13,9,1261,5.04,6.4
RCP09391,Fusion Street Food Special 60,Fusion,morning_snack,False,777,38,43,34,11,1482,3.24,12.82
RCP09392,Chilli Chicken,Fusion,morning_snack,False,641,33,54,15,4,763,5.58,24.39
RCP09393,Dahi Bhalla,Fusion,morning_snack,False,330,45,32,39,14,1077,2.52,23.89
RCP09394,Pani Puri,Fusion,morning_snack,False,243,49,58,16,7,995,4.32,22.93
RCP09395,Fusion Street Food Special 64,Fusion,morning_snack,False,691,19,43,12,4,1097,5.04,17.81
RCP09396,Fusion Street Food Special 65,Fusion,morning_snack,False,444,23,47,35,14,377,6.48,18.7
RCP09397,Hakka Noodles,Fusion,morning_snack,True,323,14,73,21,8,794,4.32,8.75
RCP09398,Chicken Manchurian,Fusion,morning_snack,False,738,23,71,21,7,720,1.98,21.19
RCP09399,Hakka Noodles,Fusion,morning_snack,True,730,8,33,18,3,571,2.88,8.48
RCP09400,Fusion Street Food Special 69,Fusion,morning_snack,False,311,45,40,36,2,1424,5.04,3.36
RCP09401,Gol Gappa,Fusion,morning_snack,False,791,24,66,23,12,521,3.6,17.34
RCP09402,Fusion Street Food Special 71,Fusion,morning_snack,False,284,47,34,17,11,1487,4.86,11.48
RCP09403,Fusion Street Food Special 72,Fusion,morning_snack,False,564,47,63,17,12,943,6.12,3.07
RCP09404,Pani Puri,Fusion,morning_snack,False,341,39,35,36,10,1162,2.34,3.85
RCP09405,Chaat,Fusion,morning_snack,False,260,39,33,19,8,799,1.8,20.03
RCP09406,Hakka Noodles,Fusion,morning_snack,False,202,30,73,23,2,1484,6.12,10.89
RCP09407,Chilli Chicken,Fusion,morning_snack,False,346,25,63,22,2,1497,3.06,20.22
RCP09408,Chicken Manchurian,Fusion,morning_snack,False,242,41,32,17,5,801,4.5,20.31
RCP09409,Fusion Street Food Special 78,Fusion,morning_snack,False,403,38,31,37,6,1381,3.96,3.65
RCP09410,Chilli Chicken,Fusion,morning_snack,False,339,39,67,19,12,909,1.98,14.89
RCP09411,Chilli Chicken,Fusion,morning_snack,False,292,27,35,34,6,539,5.76,4.02
RCP09412,Fusion Street Food Special 81,Fusion,morning_snack,True,749,15,75,19,9,279,6.3,13.57
RCP09413,Chicken Manchurian,Fusion,morning_snack,False,506,31,51,18,9,1032,3.42,5.48
RCP09414,Hakka Noodles,Fusion,morning_snack,False,196,31,63,16,6,496,6.3,14.28
RCP09415,Pani Puri,Fusion,morning_snack,False,410,43,74,39,14,235,3.96,17.28
RCP09416,Dahi Bhalla,Fusion,morning_snack,False,211,32,59,15,4,612,3.06,7.94
RCP09417,Fusion Street Food Special 86,Fusion,morning_snack,False,348,35,35,37,11,550,4.68,17.11
RCP09418,Chicken Manchurian,Fusion,morning_snack,False,477,7,62,29,3,1178,2.52,7.24
RCP09419,Pani Puri,Fusion,morning_snack,False,701,27,40,31,7,319,2.52,14.04
RCP09420,Dahi Bhalla,Fusion,morning_snack,True,317,17,65,26,4,1190,6.48,17.47
RCP09421,Chaat,Fusion,morning_snack,False,664,43,60,33,8,341,3.24,7.93
RCP09422,Fusion Street Food Special 91,Fusion,morning_snack,False,395,33,56,21,9,215,3.24,18.35
RCP09423,Chaat,Fusion,morning_snack,False,202,32,30,33,6,1458,4.32,9.99
RCP09424,Chilli Chicken,Fusion,morning_snack,False,317,49,50,32,14,672,4.68,3.75
RCP09425,Dahi Bhalla,Fusion,morning_snack,False,384,46,34,27,5,1131,2.7,21.95
RCP09426,Dahi Bhalla,Fusion,morning_snack,False,394,25,66,27,6,1398,4.14,15.65
RCP09427,Fusion Street Food Special 96,Fusion,morning_snack,False,367,47,54,34,14,624,5.58,12.82
RCP09428,Chicken Manchurian,Fusion,morning_snack,False,540,35,49,15,3,388,4.32,14.26
RCP09429,Fusion Street Food Special 98,Fusion,morning_snack,False,734,33,57,27,8,775,6.48,14.69
RCP09430,Pani Puri,Fusion,morning_snack,False,685,29,49,28,14,544,2.88,16.47
RCP09431,Gol Gappa,Fusion,morning_snack,False,512,42,64,24,13,1310,3.24,21.41
RCP09432,Chaat,Fusion,morning_snack,False,650,24,75,38,11,461,5.76,13.9
RCP09433,Fusion Street Food Special 102,Fusion,morning_snack,False,419,46,41,17,14,1317,3.96,11.75
RCP09434,Dahi Bhalla,Fusion,morning_snack,False,380,34,57,26,12,648,6.48,14.88
RCP09435,Dahi Bhalla,Fusion,morning_snack,False,640,19,71,24,6,851,5.04,3.4
RCP09436,Fusion Street Food Special 105,Fusion,morning_snack,True,192,12,30,28,9,412,4.86,15.61
RCP09437,Pani Puri,Fusion,morning_snack,False,504,38,54,34,13,925,5.22,14.17
RCP09438,Chaat,Fusion,morning_snack,False,262,36,77,29,2,986,4.86,17.5
RCP09439,Chilli Chicken,Fusion,morning_snack,False,517,44,36,36,5,256,2.88,23.83
RCP09440,Fusion Street Food Special 109,Fusion,morning_snack,False,449,40,30,36,13,1234,4.68,10.38
RCP09441,Dahi Bhalla,Fusion,morning_snack,False,506,20,56,34,3,664,6.66,19.7
RCP09442,Dahi Bhalla,Fusion,morning_snack,False,751,37,67,16,8,763,1.8,18.25
RCP09443,Dahi Bhalla,Fusion,morning_snack,True,638,6,61,25,14,271,1.98,16.12
RCP09444,Chicken Manchurian,Fusion,morning_snack,False,196,19,38,20,5,655,7.02,11.54
RCP09445,Chaat,Fusion,morning_snack,False,208,13,34,19,5,549,2.16,19.59
RCP09446,Chilli Chicken,Fusion,morning_snack,False,173,45,79,19,4,373,3.24,24.85
RCP09447,Chicken Manchurian,Fusion,morning_snack,False,658,13,48,29,3,236,7.02,2.93
RCP09448,Chilli Chicken,Fusion,morning_snack,False,312,47,74,33,3,521,5.04,5.07
RCP09449,Pani Puri,Fusion,morning_snack,False,379,23,51,23,3,1426,5.22,7.91
RCP09450,Pani Puri,Fusion,morning_snack,False,422,20,35,25,8,1165,6.12,18.45
RCP09451,Chilli Chicken,Fusion,morning_snack,False,357,48,71,31,8,460,2.16,8.23
RCP09452,Pani Puri,Fusion,morning_snack,False,531,46,65,36,2,444,5.4,16.73
RCP09453,Gol Gappa,Fusion,morning_snack,False,609,20,79,17,4,1026,6.12,3.83
RCP09454,Hakka Noodles,Fusion,morning_snack,False,707,46,49,30,14,284,5.94,14.66
RCP09455,Fusion Street Food Special 124,Fusion,morning_snack,True,704,5,54,10,13,710,5.94,5.06
RCP09456,Fusion Street Food Special 125,Fusion,morning_snack,False,715,35,74,25,13,1011,1.8,16.32
RCP09457,Chaat,Fusion,morning_snack,False,474,27,42,24,12,924,6.84,3.79
RCP09458,Hakka Noodles,Fusion,morning_snack,True,562,9,60,12,8,450,3.6,17.05
RCP09459,Gol Gappa,Fusion,morning_snack,False,503,28,40,36,12,580,6.12,23.42
RCP09460,Chaat,Fusion,morning_snack,True,657,16,73,20,7,606,5.76,17.56
RCP09461,Pani Puri,Fusion,morning_snack,False,675,36,41,15,9,416,5.76,8.79
RCP09462,Dahi Bhalla,Fusion,morning_snack,False,644,23,53,39,13,899,4.68,10.67
RCP09463,Gol Gappa,Fusion,morning_snack,False,621,40,46,34,5,1185,5.94,10.13
RCP09464,Pani Puri,Fusion,morning_snack,False,641,42,50,26,10,380,4.14,3.34
RCP09465,Chaat,Fusion,morning_snack,False,304,18,31,16,12,927,6.66,23.11
RCP09466,Chaat,Fusion,morning_snack,False,590,25,65,19,10,1116,4.5,6.16
RCP09467,Fusion Street Food Special 136,Fusion,morning_snack,False,627,46,68,36,8,1397,4.5,12.18
RCP09468,Fusion Street Food Special 137,Fusion,morning_snack,False,362,41,79,15,5,258,5.76,16.51
RCP09469,Hakka Noodles,Fusion,morning_snack,False,173,31,66,35,10,367,3.78,15.68
RCP09470,Fusion Street Food Special 139,Fusion,morning_snack,False,786,43,45,18,2,334,6.84,19.02
RCP09471,Fusion Street Food Special 140,Fusion,morning_snack,False,196,44,51,27,3,582,3.42,13.07
RCP09472,Fusion Street Food Special 141,Fusion,morning_snack,False,375,29,47,28,7,752,6.66,20.08
RCP09473,Fusion Street Food Special 142,Fusion,morning_snack,False,767,42,46,31,12,369,4.14,12.5
RCP09474,Fusion Street Food Special 143,Fusion,morning_snack,True,624,18,78,14,10,565,2.88,11.85
RCP09475,Fusion Street Food Special 144,Fusion,morning_snack,True,695,10,62,27,2,1333,6.66,21.88
RCP09476,Chicken Manchurian,Fusion,morning_snack,False,291,16,61,18,3,873,5.04,8.19
RCP09477,Gol Gappa,Fusion,morning_snack,False,386,25,51,34,3,1054,6.48,7.04
RCP09478,Dahi Bhalla,Fusion,morning_snack,False,227,27,35,20,13,446,7.02,17.73
RCP09479,Fusion Street Food Special 148,Fusion,morning_snack,False,726,32,65,16,7,948,5.4,24.45
RCP09480,Chilli Chicken,Fusion,morning_snack,False,617,48,79,15,10,1013,3.6,5.55
RCP09481,Fusion Street Food Special 150,Fusion,morning_snack,False,182,40,79,27,3,608,6.48,12.17
RCP09482,Fusion Street Food Special 151,Fusion,morning_snack,True,173,14,41,20,14,255,1.8,17.21
RCP09483,Hakka Noodles,Fusion,morning_snack,False,526,12,55,19,9,1385,5.94,15.16
RCP09484,Fusion Street Food Special 153,Fusion,morning_snack,False,470,24,30,23,6,503,1.8,17.59
RCP09485,Pani Puri,Fusion,morning_snack,False,564,41,39,26,12,1121,3.42,15.66
RCP09486,Pani Puri,Fusion,morning_snack,False,673,39,50,15,14,1202,6.48,23.48
RCP09487,Fusion Street Food Special 156,Fusion,morning_snack,False,197,14,55,16,9,385,3.42,15.99
RCP09488,Chicken Manchurian,Fusion,morning_snack,False,673,10,60,25,12,215,1.98,23.3
RCP09489,Fusion Street Food Special 158,Fusion,morning_snack,False,614,26,65,36,7,342,3.42,9.93
RCP09490,Fusion Street Food Special 159,Fusion,morning_snack,False,209,48,64,33,6,1119,4.5,20.78
RCP09491,Fusion Street Food Special 160,Fusion,morning_snack,False,434,45,39,37,9,370,6.12,3.13
RCP09492,Hakka Noodles,Fusion,morning_snack,False,512,29,34,30,7,1029,2.52,23.42
RCP09493,Dahi Bhalla,Fusion,morning_snack,True,239,18,39,27,14,1118,4.5,8.82
RCP09494,Chilli Chicken,Fusion,morning_snack,False,789,22,63,21,11,1126,6.66,14.26
RCP09495,Dahi Bhalla,Fusion,morning_snack,False,660,25,54,16,6,561,3.78,16.28
RCP09496,Fusion Street Food Special 165,Fusion,morning_snack,True,662,17,66,13,4,459,4.68,9.03
RCP09497,Fusion Street Food Special 166,Fusion,morning_snack,False,776,28,30,22,4,546,4.68,7.33
RCP09498,Pani Puri,Fusion,morning_snack,False,562,30,66,29,12,285,3.06,12.3
RCP09499,Fusion Street Food Special 168,Fusion,morning_snack,False,703,33,55,18,13,1317,3.6,20.27
RCP09500,Fusion Street Food Special 169,Fusion,morning_snack,True,318,7,41,23,11,331,1.8,15.03
RCP09501,Chilli Chicken,Fusion,morning_snack,False,617,36,40,38,8,1048,6.66,13.97
RCP09502,Chilli Chicken,Fusion,morning_snack,False,482,38,37,24,2,201,3.06,19.46
RCP09503,Chicken Manchurian,Fusion,morning_snack,False,508,23,56,17,7,860,2.34,20.97
RCP09504,Chaat,Fusion,morning_snack,True,636,12,54,11,3,1325,3.78,4.57
RCP09505,Pani Puri,Fusion,morning_snack,False,387,20,68,19,9,669,5.4,8.36
RCP09506,Chicken Manchurian,Fusion,morning_snack,False,151,10,36,12,10,379,3.24,5.48
RCP09507,Dahi Bhalla,Fusion,morning_snack,False,397,44,61,29,2,549,2.16,11.57
RCP09508,Chaat,Fusion,morning_snack,True,174,7,64,20,2,680,4.68,24.67
RCP09509,Dahi Bhalla,Fusion,morning_snack,True,504,15,74,22,14,569,3.78,23.88
RCP09510,Fusion Street Food Special 179,Fusion,morning_snack,False,294,46,50,17,11,1270,4.86,18.76
RCP09511,Fusion Street Food Special 180,Fusion,morning_snack,True,677,5,63,24,10,1206,6.66,3.46
RCP09512,Chaat,Fusion,morning_snack,False,511,24,63,32,7,241,6.3,10.55
RCP09513,Hakka Noodles,Fusion,morning_snack,False,471,14,38,15,9,341,3.96,8.54
RCP09514,Fusion Street Food Special 183,Fusion,morning_snack,False,432,31,72,25,8,874,3.06,13.54
RCP09515,Dahi Bhalla,Fusion,morning_snack,False,463,42,72,34,3,1076,4.5,18.65
RCP09516,Dahi Bhalla,Fusion,morning_snack,False,774,29,50,30,9,827,6.84,17.89
RCP09517,Dahi Bhalla,Fusion,morning_snack,False,450,44,77,28,5,236,2.88,8.11
RCP09518,Chilli Chicken,Fusion,morning_snack,False,649,46,59,20,7,1137,3.06,5.54
RCP09519,Dahi Bhalla,Fusion,morning_snack,False,722,29,45,35,12,503,6.84,18.19
RCP09520,Gol Gappa,Fusion,morning_snack,False,543,20,78,27,11,858,6.3,12.81
RCP09521,Gol Gappa,Fusion,morning_snack,False,579,30,76,22,5,501,6.3,6.32
RCP09522,Fusion Street Food Special 191,Fusion,morning_snack,True,393,13,56,14,13,424,3.6,11.22
RCP09523,Fusion Street Food Special 192,Fusion,morning_snack,False,735,21,34,35,2,866,4.14,6.64
RCP09524,Chicken Manchurian,Fusion,morning_snack,False,505,23,64,26,13,671,3.6,5.39
RCP09525,Pani Puri,Fusion,morning_snack,False,553,48,58,39,11,1062,7.02,15.95
RCP09526,Chaat,Fusion,morning_snack,False,530,35,38,15,9,1416,2.34,22.99
RCP09527,Fusion Street Food Special 196,Fusion,morning_snack,False,732,45,77,35,12,1341,7.02,19.55
RCP09528,Gol Gappa,Fusion,morning_snack,False,547,18,43,29,3,1303,6.12,23.22
RCP09529,Pani Puri,Fusion,morning_snack,False,494,38,53,27,7,1062,2.16,24.23
RCP09530,Pani Puri,Fusion,morning_snack,True,784,12,31,17,14,1398,4.86,14.85
RCP09531,Fusion Street Food Special 200,Fusion,morning_snack,False,300,30,67,35,4,956,5.4,12.87
RCP09532,Chicken Manchurian,Fusion,morning_snack,False,541,35,68,37,9,440,7.02,24.04
RCP09533,Fusion Street Food Special 202,Fusion,morning_snack,False,234,43,62,22,12,826,6.66,14.93
RCP09534,Fusion Street Food Special 203,Fusion,morning_snack,False,155,23,62,38,4,834,3.06,12.03
RCP09535,Gol Gappa,Fusion,morning_snack,False,154,48,36,20,12,499,2.7,14.5
RCP09536,Hakka Noodles,Fusion,morning_snack,True,651,5,48,12,2,404,6.66,17.58
RCP09537,Chaat,Fusion,morning_snack,True,297,19,78,20,6,665,2.88,16.41
RCP09538,Chilli Chicken,Fusion,morning_snack,False,520,46,55,20,3,1265,5.04,17.75
RCP09539,Fusion Street Food Special 208,Fusion,morning_snack,False,535,27,62,21,11,1053,4.5,18.67
RCP09540,Fusion Street Food Special 209,Fusion,morning_snack,False,716,33,39,30,13,599,4.68,3.23
RCP09541,Chaat,Fusion,morning_snack,False,247,26,43,39,12,627,5.58,19.41
RCP09542,Dahi Bhalla,Fusion,morning_snack,False,320,33,48,31,6,678,6.48,11.37
RCP09543,Chilli Chicken,Fusion,morning_snack,False,355,31,41,23,6,1298,7.02,16.93
RCP09544,Chilli Chicken,Fusion,morning_snack,False,204,28,76,32,3,281,4.68,17.38
RCP09545,Hakka Noodles,Fusion,morning_snack,False,654,47,49,16,7,1490,6.3,20.2
RCP09546,Fusion Street Food Special 215,Fusion,morning_snack,True,374,14,72,23,14,353,3.6,11.26
RCP09547,Fusion Street Food Special 216,Fusion,morning_snack,False,749,44,60,25,8,791,4.86,14.95
RCP09548,Chicken Manchurian,Fusion,morning_snack,False,201,36,63,38,11,343,6.3,24.75
RCP09549,Pani Puri,Fusion,morning_snack,False,254,41,52,37,2,446,2.16,20.4
RCP09550,Hakka Noodles,Fusion,morning_snack,False,553,36,66,27,8,1287,5.04,21.18
RCP09551,Hakka Noodles,Fusion,morning_snack,False,289,47,38,16,5,568,6.66,7.07
RCP09552,Hakka Noodles,Fusion,morning_snack,False,168,33,54,22,9,820,3.6,18.89
RCP09553,Fusion Street Food Special 222,Fusion,morning_snack,False,647,33,43,19,5,247,1.98,12.09
RCP09554,Chaat,Fusion,morning_snack,False,298,29,34,24,6,882,1.8,23.23
RCP09555,Chicken Manchurian,Fusion,morning_snack,False,545,43,44,25,12,1276,5.4,6.83
RCP09556,Dahi Bhalla,Fusion,morning_snack,False,732,45,76,23,6,1455,4.5,5.56
RCP09557,Dahi Bhalla,Fusion,morning_snack,False,352,35,71,37,7,1432,3.42,20.88
RCP09558,Fusion Street Food Special 227,Fusion,morning_snack,False,241,38,47,26,10,264,5.76,13.74
RCP09559,Fusion Street Food Special 228,Fusion,morning_snack,False,393,33,58,32,8,267,4.5,7.1
RCP09560,Pani Puri,Fusion,morning_snack,False,296,31,60,33,6,366,5.58,24.87
RCP09561,Fusion Street Food Special 230,Fusion,morning_snack,False,697,37,33,29,13,571,4.32,11.9
RCP09562,Dahi Bhalla,Fusion,morning_snack,False,713,46,60,16,8,376,5.04,15.6
RCP09563,Dahi Bhalla,Fusion,morning_snack,True,344,18,43,14,2,1186,5.04,17.96
RCP09564,Hakka Noodles,Fusion,morning_snack,False,357,18,58,17,4,846,2.34,4.93
RCP09565,Chaat,Fusion,morning_snack,False,791,48,48,22,3,716,2.16,5.49
RCP09566,Chilli Chicken,Fusion,morning_snack,False,469,46,54,34,3,746,5.58,14.64
RCP09567,Chicken Manchurian,Fusion,morning_snack,False,599,13,67,25,5,962,3.06,3.01
RCP09568,Chilli Chicken,Fusion,morning_snack,False,406,15,78,12,2,1324,4.14,16.54
RCP09569,Pani Puri,Fusion,morning_snack,False,567,34,36,27,11,1016,2.34,7.79
RCP09570,Chicken Manchurian,Fusion,morning_snack,False,475,26,77,39,3,274,5.22,18.21
RCP09571,Fusion Street Food Special 240,Fusion,morning_snack,False,176,23,31,33,13,533,1.8,23.1
RCP09572,Fusion Street Food Special 241,Fusion,morning_snack,False,402,48,53,25,8,1350,2.16,22.94
RCP09573,Chaat,Fusion,morning_snack,False,171,31,55,29,3,229,1.8,23.44
RCP09574,Fusion Street Food Special 243,Fusion,morning_snack,False,467,40,78,36,12,378,7.02,14.15
RCP09575,Gol Gappa,Fusion,morning_snack,True,253,12,60,21,14,239,2.7,24.85
RCP09576,Fusion Street Food Special 245,Fusion,morning_snack,False,747,34,55,34,10,1004,4.14,19.61
RCP09577,Dahi Bhalla,Fusion,morning_snack,True,604,11,32,12,8,523,6.3,6.41
RCP09578,Hakka Noodles,Fusion,morning_snack,False,501,38,54,23,10,479,4.32,21.14
RCP09579,Hakka Noodles,Fusion,morning_snack,False,676,44,48,19,13,1443,6.84,10.05
RCP09580,Dahi Bhalla,Fusion,morning_snack,True,253,18,53,29,9,503,5.94,20.37
RCP09581,Fusion Street Food Special 250,Fusion,morning_snack,False,679,38,36,28,14,1185,3.6,8.85
RCP09582,Gol Gappa,Fusion,morning_snack,False,222,27,50,16,6,1420,5.04,23.72
RCP09583,Dahi Bhalla,Fusion,morning_snack,True,640,8,54,27,9,753,3.42,18.63
RCP09584,Pani Puri,Fusion,morning_snack,False,401,31,49,28,2,823,3.6,8.82
RCP09585,Hakka Noodles,Fusion,morning_snack,True,561,17,76,10,14,621,2.16,18.87
RCP09586,Dahi Bhalla,Fusion,morning_snack,False,703,29,45,25,4,1136,4.68,11.51
RCP09587,Fusion Street Food Special 256,Fusion,morning_snack,False,750,42,51,15,5,244,5.58,14.42
RCP09588,Pani Puri,Fusion,morning_snack,False,781,43,70,33,9,884,2.88,16.0
RCP09589,Chilli Chicken,Fusion,morning_snack,False,270,22,78,37,7,656,3.06,23.35
RCP09590,Fusion Street Food Special 259,Fusion,morning_snack,False,742,48,69,38,4,813,3.42,10.55
RCP09591,Chaat,Fusion,morning_snack,False,600,47,31,34,14,1355,4.32,24.1
RCP09592,Hakka Noodles,Fusion,morning_snack,True,485,7,57,18,13,437,3.78,5.02
RCP09593,Fusion Street Food Special 262,Fusion,morning_snack,False,276,33,73,20,14,211,6.3,10.06
RCP09594,Fusion Street Food Special 263,Fusion,morning_snack,True,279,18,35,20,8,617,4.86,3.14
RCP09595,Gol Gappa,Fusion,morning_snack,False,586,24,68,34,9,1348,5.22,18.19
RCP09596,Chilli Chicken,Fusion,morning_snack,False,370,43,58,27,7,259,7.02,2.04
RCP09597,Gol Gappa,Fusion,morning_snack,True,756,6,59,22,14,677,6.66,22.85
RCP09598,Pani Puri,Fusion,morning_snack,False,292,20,49,18,8,994,7.02,22.1
RCP09599,Chilli Chicken,Fusion,morning_snack,False,752,48,72,28,2,876,4.5,17.45
RCP09600,Chilli Chicken,Fusion,morning_snack,False,594,24,59,18,14,1167,4.32,24.12
RCP09601,Fusion Street Food Special 270,Fusion,morning_snack,False,587,21,71,20,12,433,2.52,13.15
RCP09602,Fusion Street Food Special 271,Fusion,morning_snack,False,336,30,50,21,13,875,4.32,19.83
RCP09603,Chicken Manchurian,Fusion,morning_snack,False,660,16,42,28,6,1107,5.76,19.33
RCP09604,Dahi Bhalla,Fusion,morning_snack,False,717,45,61,38,13,245,5.4,18.79
RCP09605,Dahi Bhalla,Fusion,morning_snack,False,570,48,55,16,7,484,6.48,15.04
RCP09606,Pani Puri,Fusion,morning_snack,False,511,44,75,22,2,668,5.58,3.37
RCP09607,Dahi Bhalla,Fusion,morning_snack,False,179,22,46,36,6,837,4.32,16.45
RCP09608,Fusion Street Food Special 277,Fusion,morning_snack,False,569,37,39,32,6,970,4.86,11.79
RCP09609,Fusion Street Food Special 278,Fusion,morning_snack,False,561,49,31,39,4,1312,4.68,2.02
RCP09610,Dahi Bhalla,Fusion,morning_snack,False,379,26,51,31,13,1432,5.04,17.96
RCP09611,Gol Gappa,Fusion,morning_snack,False,172,37,52,38,3,858,5.76,4.79
RCP09612,Chilli Chicken,Fusion,morning_snack,False,419,6,63,16,5,537,2.16,24.82
RCP09613,Fusion Street Food Special 282,Fusion,morning_snack,False,238,25,79,29,8,1068,5.76,19.88
RCP09614,Chicken Manchurian,Fusion,morning_snack,False,524,14,64,21,12,523,2.16,12.71
RCP09615,Chicken Manchurian,Fusion,morning_snack,False,651,18,62,14,6,328,4.32,17.35
RCP09616,Chicken Manchurian,Fusion,morning_snack,False,473,43,77,17,9,791,1.8,11.25
RCP09617,Fusion Street Food Special 286,Fusion,morning_snack,True,685,11,55,12,8,522,3.6,24.71
RCP09618,Fusion Street Food Special 287,Fusion,morning_snack,False,672,37,37,27,8,363,3.96,15.98
RCP09619,Pani Puri,Fusion,morning_snack,False,361,35,44,31,4,977,5.94,21.05
RCP09620,Fusion Street Food Special 289,Fusion,morning_snack,True,260,10,76,13,4,1048,6.66,11.81
RCP09621,Fusion Street Food Special 290,Fusion,morning_snack,True,443,15,30,19,6,1285,4.5,7.18
RCP09622,Chaat,Fusion,morning_snack,False,724,40,77,22,4,1135,5.94,16.84
RCP09623,Fusion Street Food Special 292,Fusion,morning_snack,False,226,46,37,15,2,1091,2.52,13.88
RCP09624,Chilli Chicken,Fusion,morning_snack,False,640,48,55,39,3,1132,5.94,24.54
RCP09625,Fusion Street Food Special 294,Fusion,morning_snack,False,324,24,62,32,14,1203,4.86,7.86
RCP09626,Chaat,Fusion,morning_snack,False,771,29,53,24,14,630,5.22,6.31
RCP09627,Chicken Manchurian,Fusion,morning_snack,False,553,23,45,32,11,1026,4.32,20.11
RCP09628,Pani Puri,Fusion,morning_snack,False,338,38,77,21,8,1033,2.52,16.48
RCP09629,Chicken Manchurian,Fusion,morning_snack,False,279,44,40,26,5,549,5.22,10.68
RCP09630,Dahi Bhalla,Fusion,morning_snack,False,746,32,46,39,12,491,2.52,9.51
RCP09631,Fusion Street Food Special 300,Fusion,morning_snack,False,757,22,70,32,9,833,4.68,3.24
RCP09632,Fusion Street Food Special 301,Fusion,morning_snack,False,602,21,54,24,11,1324,7.02,14.44
RCP09633,Dahi Bhalla,Fusion,morning_snack,False,170,14,75,24,9,644,3.78,14.62
RCP09634,Fusion Street Food Special 303,Fusion,morning_snack,False,347,47,45,18,12,785,2.52,4.97
RCP09635,Dahi Bhalla,Fusion,morning_snack,True,570,5,62,26,4,327,3.42,8.1
RCP09636,Fusion Street Food Special 305,Fusion,morning_snack,False,610,41,72,21,11,1205,5.4,20.5
RCP09637,Fusion Street Food Special 306,Fusion,morning_snack,False,760,23,78,22,3,802,6.12,7.19
RCP09638,Hakka Noodles,Fusion,morning_snack,False,415,22,41,24,11,697,2.7,3.63
RCP09639,Gol Gappa,Fusion,morning_snack,False,257,39,32,35,10,954,6.12,15.55
RCP09640,Dahi Bhalla,Fusion,morning_snack,False,387,8,69,23,7,625,4.5,23.24
RCP09641,Chicken Manchurian,Fusion,morning_snack,False,696,22,44,22,13,1428,2.7,12.99
RCP09642,Gol Gappa,Fusion,morning_snack,True,734,19,69,18,11,902,4.32,11.2
RCP09643,Fusion Street Food Special 312,Fusion,morning_snack,False,550,24,58,17,10,686,3.78,5.78
RCP09644,Fusion Street Food Special 313,Fusion,morning_snack,False,379,33,45,33,5,1224,5.4,5.63
RCP09645,Dahi Bhalla,Fusion,morning_snack,False,518,48,50,29,2,785,3.6,4.06
RCP09646,Fusion Street Food Special 315,Fusion,morning_snack,False,189,41,76,32,5,924,1.98,12.07
RCP09647,Chicken Manchurian,Fusion,morning_snack,False,194,39,55,19,2,213,4.5,5.22
RCP09648,Chaat,Fusion,morning_snack,False,697,22,40,26,3,1390,4.68,5.4
RCP09649,Fusion Street Food Special 318,Fusion,morning_snack,False,235,37,78,37,4,1472,6.66,19.55
RCP09650,Pani Puri,Fusion,morning_snack,False,615,33,78,36,12,1219,5.04,22.76
RCP09651,Fusion Street Food Special 320,Fusion,morning_snack,False,207,22,40,23,9,1079,2.88,14.21
RCP09652,Hakka Noodles,Fusion,morning_snack,False,372,46,75,15,10,899,3.6,3.19
RCP09653,Fusion Street Food Special 322,Fusion,morning_snack,True,663,12,46,19,6,310,3.78,11.57
RCP09654,Chilli Chicken,Fusion,morning_snack,False,352,39,65,31,11,800,1.98,13.28
RCP09655,Fusion Street Food Special 324,Fusion,morning_snack,False,485,32,65,21,13,553,5.76,6.63
RCP09656,Gol Gappa,Fusion,morning_snack,False,255,18,35,18,8,298,6.84,21.58
RCP09657,Pani Puri,Fusion,morning_snack,True,739,8,79,15,14,430,4.32,14.96
RCP09658,Hakka Noodles,Fusion,morning_snack,False,290,27,69,21,7,1272,3.24,18.52
RCP09659,Fusion Street Food Special 328,Fusion,morning_snack,False,211,27,43,17,14,428,4.32,12.69
RCP09660,Hakka Noodles,Fusion,morning_snack,True,192,8,59,22,5,1215,2.16,20.34
RCP09661,Chicken Manchurian,Fusion,morning_snack,False,707,21,53,35,13,804,3.24,19.76
RCP09662,Fusion Street Food Special 331,Fusion,morning_snack,False,244,28,31,17,6,377,6.12,20.45
RCP09663,Hakka Noodles,Fusion,morning_snack,False,626,44,37,37,10,906,5.94,11.34
RCP09664,Dahi Bhalla,Fusion,morning_snack,False,165,42,46,24,5,1435,6.66,10.98
RCP09665,Chicken Manchurian,Fusion,morning_snack,False,161,24,59,22,9,1140,2.16,23.31
RCP09666,Fusion Modern Fusion Special 2,Fusion,dinner,False,177,36,62,31,13,318,3.06,11.65
RCP09667,Chicken Manchurian,Fusion,morning_snack,False,732,44,61,26,5,224,3.78,23.76
RCP09668,Chilli Chicken,Fusion,morning_snack,False,305,10,49,19,4,1113,2.16,6.11
RCP09669,Fusion Modern Fusion Special 5,Fusion,dinner,False,321,35,42,23,3,1170,4.32,11.93
RCP09670,Fusion Modern Fusion Special 6,Fusion,dinner,False,748,43,73,20,12,663,2.16,5.8
RCP09671,Chaat,Fusion,morning_snack,False,302,22,37,29,5,229,4.14,13.95
RCP09672,Pani Puri,Fusion,morning_snack,True,586,7,54,12,2,494,7.02,19.69
RCP09673,Pani Puri,Fusion,morning_snack,True,675,18,60,26,4,415,4.86,19.55
RCP09674,Chilli Chicken,Fusion,morning_snack,False,791,15,55,16,12,1215,6.66,10.66
RCP09675,Chilli Chicken,Fusion,morning_snack,False,783,39,67,30,7,1323,1.98,24.7
RCP09676,Hakka Noodles,Fusion,morning_snack,True,521,7,64,13,2,790,5.4,24.86
RCP09677,Chaat,Fusion,morning_snack,False,254,24,77,16,10,998,3.96,5.16
RCP09678,Hakka Noodles,Fusion,morning_snack,False,667,32,32,38,14,884,5.22,21.15
RCP09679,Chilli Chicken,Fusion,morning_snack,False,269,37,46,29,4,1117,4.32,23.05
RCP09680,Fusion Modern Fusion Special 16,Fusion,dinner,False,773,48,61,19,5,752,2.88,5.18
RCP09681,Hakka Noodles,Fusion,morning_snack,False,755,31,61,31,7,1225,5.94,10.52
RCP09682,Dahi Bhalla,Fusion,morning_snack,False,676,26,62,37,9,721,5.76,8.64
RCP09683,Fusion Modern Fusion Special 19,Fusion,dinner,False,595,30,75,30,5,1407,2.7,16.95
RCP09684,Fusion Modern Fusion Special 20,Fusion,dinner,False,663,21,76,24,2,406,2.7,7.77
RCP09685,Gol Gappa,Fusion,morning_snack,True,312,14,42,13,5,436,5.04,2.85
RCP09686,Chilli Chicken,Fusion,morning_snack,False,182,36,36,23,12,1442,3.78,20.67
RCP09687,Chicken Manchurian,Fusion,morning_snack,False,371,48,76,26,3,396,6.12,22.59
RCP09688,Hakka Noodles,Fusion,morning_snack,False,600,29,39,18,11,970,3.06,21.16
RCP09689,Chicken Manchurian,Fusion,morning_snack,False,672,17,47,16,9,243,6.3,8.63
RCP09690,Fusion Modern Fusion Special 26,Fusion,dinner,True,383,7,63,21,3,683,5.22,2.37
RCP09691,Chicken Manchurian,Fusion,morning_snack,False,386,47,64,31,2,234,6.66,20.35
RCP09692,Chicken Manchurian,Fusion,morning_snack,False,591,16,62,14,8,261,7.02,22.02
RCP09693,Dahi Bhalla,Fusion,morning_snack,False,527,11,79,22,4,1050,2.34,19.81
RCP09694,Fusion Modern Fusion Special 30,Fusion,dinner,False,468,23,63,20,8,282,3.78,21.07
RCP09695,Chilli Chicken,Fusion,morning_snack,False,579,8,55,14,8,315,4.32,2.54
RCP09696,Fusion Modern Fusion Special 32,Fusion,dinner,False,764,35,42,29,14,1009,4.68,6.41
RCP09697,Fusion Modern Fusion Special 33,Fusion,dinner,False,484,48,48,33,8,1124,5.58,5.79
RCP09698,Fusion Modern Fusion Special 34,Fusion,dinner,False,489,9,66,10,10,317,5.04,22.87
RCP09699,Fusion Modern Fusion Special 35,Fusion,dinner,False,215,35,56,24,5,417,5.76,15.35
RCP09700,Gol Gappa,Fusion,morning_snack,False,183,22,69,19,9,793,5.22,2.78
RCP09701,Hakka Noodles,Fusion,morning_snack,False,530,36,75,29,2,372,5.76,5.01
RCP09702,Dahi Bhalla,Fusion,morning_snack,False,698,21,45,17,7,531,2.52,17.02
RCP09703,Chilli Chicken,Fusion,morning_snack,False,677,7,72,25,14,1218,4.14,9.22
RCP09704,Hakka Noodles,Fusion,morning_snack,True,428,6,33,11,5,417,2.34,20.39
RCP09705,Chaat,Fusion,morning_snack,True,768,18,74,23,10,1006,4.86,5.96
RCP09706,Chicken Manchurian,Fusion,morning_snack,False,688,38,49,32,9,422,2.16,22.45
RCP09707,Fusion Modern Fusion Special 43,Fusion,dinner,False,615,31,75,21,12,630,5.22,17.86
RCP09708,Hakka Noodles,Fusion,morning_snack,False,171,29,71,29,3,1034,2.34,6.04
RCP09709,Fusion Modern Fusion Special 45,Fusion,dinner,False,616,16,56,18,7,419,2.88,9.83
RCP09710,Dahi Bhalla,Fusion,morning_snack,False,685,36,51,31,14,727,1.8,7.12
RCP09711,Pani Puri,Fusion,morning_snack,False,372,25,74,21,9,536,5.76,9.14
RCP09712,Gol Gappa,Fusion,morning_snack,False,645,22,79,22,6,1412,2.7,14.51
RCP09713,Fusion Modern Fusion Special 49,Fusion,dinner,False,509,29,67,24,4,1257,3.6,5.01
RCP09714,Chicken Manchurian,Fusion,morning_snack,False,732,10,59,15,11,1252,3.78,16.62
RCP09715,Fusion Modern Fusion Special 51,Fusion,dinner,False,519,16,68,15,5,418,5.04,4.36
RCP09716,Fusion Modern Fusion Special 52,Fusion,dinner,False,473,12,31,29,5,753,3.6,10.71
RCP09717,Chilli Chicken,Fusion,morning_snack,False,481,22,72,18,12,909,5.76,5.18
RCP09718,Dahi Bhalla,Fusion,morning_snack,False,747,16,64,28,11,962,4.14,14.61
RCP09719,Chicken Manchurian,Fusion,morning_snack,False,403,15,50,20,11,1279,5.94,23.89
RCP09720,Dahi Bhalla,Fusion,morning_snack,False,704,46,39,21,3,1213,2.34,22.55
RCP09721,Chicken Manchurian,Fusion,morning_snack,False,474,45,46,21,7,1158,6.48,16.91
RCP09722,Pani Puri,Fusion,morning_snack,False,173,49,78,24,13,1058,2.88,11.95
RCP09723,Fusion Modern Fusion Special 59,Fusion,dinner,False,520,43,43,31,7,1353,5.04,13.1
RCP09724,Pani Puri,Fusion,morning_snack,False,371,44,76,35,12,1440,7.02,22.02
RCP09725,Chaat,Fusion,morning_snack,False,195,33,73,18,9,1329,3.06,18.46
RCP09726,Chilli Chicken,Fusion,morning_snack,False,151,22,47,20,6,761,3.42,7.06
RCP09727,Dahi Bhalla,Fusion,morning_snack,False,365,40,66,25,14,1222,6.48,15.08
RCP09728,Gol Gappa,Fusion,morning_snack,False,315,29,73,22,12,417,6.84,17.54
RCP09729,Chaat,Fusion,morning_snack,True,500,11,75,16,9,463,6.48,7.44
RCP09730,Dahi Bhalla,Fusion,morning_snack,False,765,28,78,25,13,437,5.04,3.6
RCP09731,Fusion Modern Fusion Special 67,Fusion,dinner,False,277,6,40,13,5,1361,2.34,19.24
RCP09732,Fusion Modern Fusion Special 68,Fusion,dinner,False,730,49,59,24,11,203,2.88,15.93
RCP09733,Chaat,Fusion,morning_snack,True,453,19,69,28,14,367,1.98,20.23
RCP09734,Hakka Noodles,Fusion,morning_snack,False,474,25,75,39,8,953,6.3,3.75
RCP09735,Fusion Modern Fusion Special 71,Fusion,dinner,True,613,18,53,25,4,1024,3.24,2.62
RCP09736,Pani Puri,Fusion,morning_snack,False,569,29,78,24,9,1113,6.84,14.55
RCP09737,Hakka Noodles,Fusion,morning_snack,True,700,6,59,12,9,681,2.52,23.83
RCP09738,Hakka Noodles,Fusion,morning_snack,False,206,36,64,22,7,956,6.3,3.21
RCP09739,Chilli Chicken,Fusion,morning_snack,False,364,46,69,33,11,1455,3.96,16.2
RCP09740,Fusion Modern Fusion Special 76,Fusion,dinner,False,411,46,35,28,4,1265,5.58,16.52
RCP09741,Dahi Bhalla,Fusion,morning_snack,False,373,46,79,19,3,513,3.06,18.21
RCP09742,Chilli Chicken,Fusion,morning_snack,False,790,9,65,11,4,1289,3.78,18.65
RCP09743,Chicken Manchurian,Fusion,morning_snack,False,376,14,32,27,2,842,4.32,18.67
RCP09744,Dahi Bhalla,Fusion,morning_snack,True,548,13,69,19,6,841,6.3,24.86
RCP09745,Chicken Manchurian,Fusion,morning_snack,False,774,21,49,22,2,1483,6.48,8.32
RCP09746,Pani Puri,Fusion,morning_snack,False,324,43,52,15,12,1177,6.3,22.76
RCP09747,Fusion Modern Fusion Special 83,Fusion,dinner,False,784,32,36,38,10,1348,3.06,20.56
RCP09748,Chaat,Fusion,morning_snack,False,593,40,65,32,14,1269,1.8,23.56
RCP09749,Chicken Manchurian,Fusion,morning_snack,False,368,36,61,20,14,903,3.06,17.42
RCP09750,Fusion Modern Fusion Special 86,Fusion,dinner,False,486,27,40,19,11,1168,3.06,10.31
RCP09751,Fusion Modern Fusion Special 87,Fusion,dinner,False,680,43,69,29,10,1174,6.12,22.06
RCP09752,Fusion Modern Fusion Special 88,Fusion,dinner,False,791,35,30,21,2,1298,4.14,19.66
RCP09753,Fusion Modern Fusion Special 89,Fusion,dinner,False,622,22,37,32,12,874,6.3,2.1
RCP09754,Fusion Modern Fusion Special 90,Fusion,dinner,False,513,27,56,27,11,220,2.7,19.7
RCP09755,Chilli Chicken,Fusion,morning_snack,False,349,22,56,16,7,395,4.14,16.5
RCP09756,Fusion Modern Fusion Special 92,Fusion,dinner,True,601,5,76,27,13,1127,6.3,12.15
RCP09757,Fusion Modern Fusion Special 93,Fusion,dinner,False,486,23,32,16,14,996,5.22,23.03
RCP09758,Chaat,Fusion,morning_snack,True,157,13,66,18,2,1179,2.88,3.65
RCP09759,Hakka Noodles,Fusion,morning_snack,False,319,43,47,34,12,543,3.06,19.49
RCP09760,Chicken Manchurian,Fusion,morning_snack,False,313,24,39,29,4,1224,6.12,21.51
RCP09761,Chicken Manchurian,Fusion,morning_snack,False,599,16,41,24,8,969,4.14,21.4
RCP09762,Gol Gappa,Fusion,morning_snack,False,214,27,34,31,10,550,6.66,17.62
RCP09763,Fusion Modern Fusion Special 99,Fusion,dinner,False,202,43,56,16,14,1171,2.52,12.54
RCP09764,Pani Puri,Fusion,morning_snack,False,710,39,38,15,5,1475,7.02,8.5
RCP09765,Fusion Modern Fusion Special 101,Fusion,dinner,False,300,31,52,31,14,676,2.88,19.62
RCP09766,Fusion Modern Fusion Special 102,Fusion,dinner,False,459,34,58,24,13,695,3.96,9.6
RCP09767,Pani Puri,Fusion,morning_snack,False,759,29,34,33,13,454,5.76,22.73
RCP09768,Chilli Chicken,Fusion,morning_snack,False,429,31,72,27,10,391,6.66,10.54
RCP09769,Pani Puri,Fusion,morning_snack,False,566,17,41,19,5,1053,3.24,23.03
RCP09770,Fusion Modern Fusion Special 106,Fusion,dinner,False,613,40,64,15,6,223,3.42,9.98
RCP09771,Fusion Modern Fusion Special 107,Fusion,dinner,False,685,30,51,18,11,941,4.86,6.0
RCP09772,Fusion Modern Fusion Special 108,Fusion,dinner,False,705,15,62,12,7,702,3.06,5.72
RCP09773,Fusion Modern Fusion Special 109,Fusion,dinner,True,765,16,35,12,12,1346,5.94,22.83
RCP09774,Pani Puri,Fusion,morning_snack,False,678,27,62,22,12,1325,5.04,7.68
RCP09775,Fusion Modern Fusion Special 111,Fusion,dinner,True,337,11,39,25,10,286,2.7,16.18
RCP09776,Chaat,Fusion,morning_snack,False,798,20,42,19,2,429,3.96,16.2
RCP09777,Fusion Modern Fusion Special 113,Fusion,dinner,False,393,49,64,19,7,683,5.04,8.77
RCP09778,Chicken Manchurian,Fusion,morning_snack,False,283,8,71,11,4,1163,2.7,20.09
RCP09779,Fusion Modern Fusion Special 115,Fusion,dinner,True,586,7,71,29,5,978,1.98,6.62
RCP09780,Fusion Modern Fusion Special 116,Fusion,dinner,False,656,25,71,38,8,520,1.8,5.09
RCP09781,Fusion Modern Fusion Special 117,Fusion,dinner,True,416,15,51,10,10,1234,6.3,15.45
RCP09782,Hakka Noodles,Fusion,morning_snack,True,382,15,60,22,4,320,6.84,2.21
RCP09783,Fusion Modern Fusion Special 119,Fusion,dinner,False,442,30,52,18,2,738,3.78,15.88
RCP09784,Fusion Modern Fusion Special 120,Fusion,dinner,False,460,42,37,39,9,1123,2.16,13.95
RCP09785,Fusion Modern Fusion Special 121,Fusion,dinner,False,745,27,35,34,14,815,3.6,15.13
RCP09786,Gol Gappa,Fusion,morning_snack,True,427,13,64,18,2,1480,1.8,19.64
RCP09787,Fusion Modern Fusion Special 123,Fusion,dinner,False,703,45,53,34,3,599,4.68,8.13
RCP09788,Fusion Modern Fusion Special 124,Fusion,dinner,False,726,34,67,33,9,1105,4.68,11.87
RCP09789,Hakka Noodles,Fusion,morning_snack,False,660,15,73,27,6,521,6.84,19.99
RCP09790,Fusion Modern Fusion Special 126,Fusion,dinner,True,599,18,61,23,3,1168,6.48,12.22
RCP09791,Pani Puri,Fusion,morning_snack,True,740,5,45,23,11,1089,4.14,11.81
RCP09792,Chicken Manchurian,Fusion,morning_snack,False,689,28,39,38,6,1483,3.06,8.04
RCP09793,Dahi Bhalla,Fusion,morning_snack,True,642,12,58,25,4,1084,3.06,13.97
RCP09794,Chicken Manchurian,Fusion,morning_snack,False,436,18,65,29,4,1285,3.6,19.55
RCP09795,Dahi Bhalla,Fusion,morning_snack,False,595,25,54,34,6,539,2.88,2.53
RCP09796,Dahi Bhalla,Fusion,morning_snack,False,305,35,52,33,7,729,6.84,4.11
RCP09797,Fusion Modern Fusion Special 133,Fusion,dinner,False,637,9,60,14,8,426,3.06,4.09
RCP09798,Chicken Manchurian,Fusion,morning_snack,False,300,41,63,22,9,1003,4.5,19.24
RCP09799,Gol Gappa,Fusion,morning_snack,False,585,46,43,28,14,1439,2.16,6.38
RCP09800,Fusion Modern Fusion Special 136,Fusion,dinner,True,372,9,48,25,14,232,5.04,12.79
RCP09801,Chilli Chicken,Fusion,morning_snack,False,271,23,75,23,12,1013,6.66,3.29
RCP09802,Dahi Bhalla,Fusion,morning_snack,False,649,23,40,20,6,1445,6.12,11.16
RCP09803,Chicken Manchurian,Fusion,morning_snack,False,591,16,58,11,10,501,7.02,14.07
RCP09804,Chaat,Fusion,morning_snack,False,332,31,41,35,13,1227,5.76,6.21
RCP09805,Dahi Bhalla,Fusion,morning_snack,False,431,6,57,24,3,993,4.68,19.63
RCP09806,Gol Gappa,Fusion,morning_snack,False,783,26,70,37,13,1074,5.58,12.81
RCP09807,Hakka Noodles,Fusion,morning_snack,False,643,17,54,23,7,374,3.42,16.4
RCP09808,Fusion Modern Fusion Special 144,Fusion,dinner,False,417,23,42,19,12,362,5.04,16.43
RCP09809,Pani Puri,Fusion,morning_snack,True,183,6,45,24,4,498,3.78,21.83
RCP09810,Fusion Modern Fusion Special 146,Fusion,dinner,False,782,41,45,19,5,905,2.16,10.44
RCP09811,Chilli Chicken,Fusion,morning_snack,False,208,43,48,27,5,509,1.8,21.34
RCP09812,Hakka Noodles,Fusion,morning_snack,False,631,44,78,15,6,717,6.12,8.45
RCP09813,Chilli Chicken,Fusion,morning_snack,False,741,7,42,16,13,928,4.86,22.66
RCP09814,Chicken Manchurian,Fusion,morning_snack,False,151,40,42,23,9,229,6.48,6.81
RCP09815,Dahi Bhalla,Fusion,morning_snack,False,202,41,73,17,11,804,4.86,17.15
RCP09816,Fusion Modern Fusion Special 152,Fusion,dinner,False,177,37,70,31,5,964,5.94,20.69
RCP09817,Pani Puri,Fusion,morning_snack,False,710,38,50,19,3,608,4.5,18.59
RCP09818,Fusion Modern Fusion Special 154,Fusion,dinner,False,706,10,32,11,5,1429,4.32,18.54
RCP09819,Fusion Modern Fusion Special 155,Fusion,dinner,False,741,29,43,36,2,426,7.02,10.86
RCP09820,Fusion Modern Fusion Special 156,Fusion,dinner,False,336,8,35,15,12,455,2.16,16.31
RCP09821,Fusion Modern Fusion Special 157,Fusion,dinner,False,673,40,76,26,9,711,5.4,5.82
RCP09822,Gol Gappa,Fusion,morning_snack,False,363,34,54,16,11,1146,3.24,13.79
RCP09823,Fusion Modern Fusion Special 159,Fusion,dinner,False,633,43,50,38,13,414,2.34,12.57
RCP09824,Chaat,Fusion,morning_snack,False,266,28,43,19,4,1467,3.24,13.47
RCP09825,Pani Puri,Fusion,morning_snack,False,654,25,41,34,11,679,7.02,20.67
RCP09826,Fusion Modern Fusion Special 162,Fusion,dinner,False,667,46,54,36,8,378,4.86,11.14
RCP09827,Fusion Modern Fusion Special 163,Fusion,dinner,False,328,48,37,31,5,377,4.68,15.39
RCP09828,Fusion Modern Fusion Special 164,Fusion,dinner,True,669,12,32,10,5,867,3.78,2.76
RCP09829,Chaat,Fusion,morning_snack,False,576,34,55,16,5,761,4.5,16.5
RCP09830,Pani Puri,Fusion,morning_snack,False,508,48,67,29,11,559,1.98,14.71
RCP09831,Hakka Noodles,Fusion,morning_snack,False,393,41,68,21,12,1372,1.98,17.31
RCP09832,Fusion Modern Fusion Special 168,Fusion,dinner,False,394,10,72,23,14,536,1.8,17.3
RCP09833,Dahi Bhalla,Fusion,morning_snack,False,669,37,67,26,13,524,7.02,21.27
RCP09834,Fusion Modern Fusion Special 170,Fusion,dinner,False,711,42,36,16,11,1335,2.7,9.22
RCP09835,Chicken Manchurian,Fusion,morning_snack,False,594,49,77,36,8,456,7.02,15.95
RCP09836,Fusion Modern Fusion Special 172,Fusion,dinner,False,641,42,54,27,5,814,2.34,9.76
RCP09837,Chilli Chicken,Fusion,morning_snack,False,224,6,44,14,14,1341,3.6,7.2
RCP09838,Hakka Noodles,Fusion,morning_snack,False,736,23,74,27,2,1153,3.78,6.65
RCP09839,Fusion Modern Fusion Special 175,Fusion,dinner,True,603,5,65,25,12,393,6.12,13.83
RCP09840,Gol Gappa,Fusion,morning_snack,False,751,18,47,16,11,810,3.96,7.76
RCP09841,Dahi Bhalla,Fusion,morning_snack,False,571,34,48,31,14,393,6.84,23.38
RCP09842,Fusion Modern Fusion Special 178,Fusion,dinner,False,550,47,73,22,11,906,4.14,10.08
RCP09843,Dahi Bhalla,Fusion,morning_snack,False,611,22,66,38,10,574,4.68,11.95
RCP09844,Chicken Manchurian,Fusion,morning_snack,False,247,43,42,38,4,739,3.24,16.93
RCP09845,Gol Gappa,Fusion,morning_snack,False,478,26,77,29,13,425,5.94,18.89
RCP09846,Chilli Chicken,Fusion,morning_snack,False,766,15,57,12,10,460,1.8,21.15
RCP09847,Gol Gappa,Fusion,morning_snack,False,195,47,77,23,9,860,7.02,22.08
RCP09848,Gol Gappa,Fusion,morning_snack,False,785,42,39,28,6,639,3.06,12.26
RCP09849,Fusion Modern Fusion Special 185,Fusion,dinner,True,626,9,74,19,4,1172,6.12,9.25
RCP09850,Chicken Manchurian,Fusion,morning_snack,False,436,30,55,32,11,1313,5.94,9.9
RCP09851,Fusion Modern Fusion Special 187,Fusion,dinner,False,545,25,31,36,3,1373,6.3,23.94
RCP09852,Chicken Manchurian,Fusion,morning_snack,False,608,24,55,33,6,465,2.34,9.93
RCP09853,Gol Gappa,Fusion,morning_snack,True,618,18,74,17,3,1284,6.66,20.94
RCP09854,Chilli Chicken,Fusion,morning_snack,False,407,22,54,37,9,576,2.7,21.39
RCP09855,Pani Puri,Fusion,morning_snack,False,431,14,37,22,5,1035,3.24,21.65
RCP09856,Hakka Noodles,Fusion,morning_snack,False,296,28,49,33,3,393,4.86,24.7
RCP09857,Chilli Chicken,Fusion,morning_snack,False,781,12,47,21,10,876,2.52,15.94
RCP09858,Hakka Noodles,Fusion,morning_snack,True,532,8,33,17,12,1452,5.04,15.27
RCP09859,Dahi Bhalla,Fusion,morning_snack,False,508,33,62,19,12,372,6.66,13.79
RCP09860,Chicken Manchurian,Fusion,morning_snack,False,458,33,60,20,11,1407,4.32,2.92
RCP09861,Hakka Noodles,Fusion,morning_snack,True,642,13,79,16,9,224,2.16,14.55
RCP09862,Chaat,Fusion,morning_snack,False,390,27,43,16,8,483,1.8,2.83
RCP09863,Fusion Modern Fusion Special 199,Fusion,dinner,False,364,32,51,23,9,1474,3.24,17.21
RCP09864,Gol Gappa,Fusion,morning_snack,False,244,19,64,12,4,1264,5.94,4.18
RCP09865,Fusion Modern Fusion Special 201,Fusion,dinner,False,553,5,39,28,13,1138,5.94,15.96
RCP09866,Pani Puri,Fusion,morning_snack,True,614,10,50,16,2,567,3.06,17.46
RCP09867,Chilli Chicken,Fusion,morning_snack,False,775,6,74,15,2,444,3.6,24.52
RCP09868,Chilli Chicken,Fusion,morning_snack,False,174,41,78,37,12,1225,5.94,6.63
RCP09869,Fusion Modern Fusion Special 205,Fusion,dinner,False,344,23,67,22,8,1333,2.16,3.59
RCP09870,Gol Gappa,Fusion,morning_snack,False,620,26,44,17,12,436,3.24,6.87
RCP09871,Chicken Manchurian,Fusion,morning_snack,False,614,21,71,26,10,1024,1.8,4.96
RCP09872,Chaat,Fusion,morning_snack,False,748,22,57,31,7,934,3.78,6.36
RCP09873,Gol Gappa,Fusion,morning_snack,False,769,26,77,21,8,1472,1.98,24.43
RCP09874,Chicken Manchurian,Fusion,morning_snack,False,646,12,64,13,3,1428,5.94,5.02
RCP09875,Fusion Modern Fusion Special 211,Fusion,dinner,False,158,47,55,32,2,1422,2.52,18.16
RCP09876,Chicken Manchurian,Fusion,morning_snack,False,249,29,68,20,2,828,7.02,4.07
RCP09877,Dahi Bhalla,Fusion,morning_snack,True,616,13,56,16,12,427,5.22,18.72
RCP09878,Chicken Manchurian,Fusion,morning_snack,False,194,31,59,25,11,659,3.42,16.55
RCP09879,Dahi Bhalla,Fusion,morning_snack,True,556,16,40,27,11,1406,3.24,3.26
RCP09880,Fusion Modern Fusion Special 216,Fusion,dinner,False,798,19,31,23,3,225,3.06,8.78
RCP09881,Chilli Chicken,Fusion,morning_snack,False,666,14,53,17,7,1174,6.84,8.83
RCP09882,Gol Gappa,Fusion,morning_snack,False,594,47,40,35,6,476,6.66,11.62
RCP09883,Chilli Chicken,Fusion,morning_snack,False,744,36,40,26,9,457,4.68,16.48
RCP09884,Fusion Modern Fusion Special 220,Fusion,dinner,False,246,22,36,15,10,521,2.88,9.46
RCP09885,Chaat,Fusion,morning_snack,False,263,43,79,26,11,299,4.86,12.2
RCP09886,Dahi Bhalla,Fusion,morning_snack,False,341,41,67,20,14,360,4.86,10.64
RCP09887,Chilli Chicken,Fusion,morning_snack,False,265,21,55,22,14,697,5.4,22.07
RCP09888,Gol Gappa,Fusion,morning_snack,False,636,26,50,29,7,1496,4.32,4.5
RCP09889,Chicken Manchurian,Fusion,morning_snack,False,159,35,55,21,5,1475,6.48,3.88
RCP09890,Chilli Chicken,Fusion,morning_snack,False,484,9,77,16,6,273,6.48,19.12
RCP09891,Gol Gappa,Fusion,morning_snack,False,795,27,49,20,12,1263,4.5,6.86
RCP09892,Chilli Chicken,Fusion,morning_snack,False,283,44,42,37,8,744,2.52,19.31
RCP09893,Dahi Bhalla,Fusion,morning_snack,False,449,30,31,30,2,202,5.4,11.1
RCP09894,Fusion Modern Fusion Special 230,Fusion,dinner,False,584,17,50,13,5,306,5.04,16.91
RCP09895,Pani Puri,Fusion,morning_snack,False,227,34,50,18,13,210,3.96,10.18
RCP09896,Dahi Bhalla,Fusion,morning_snack,False,760,34,42,17,7,1466,4.14,8.46
RCP09897,Chaat,Fusion,morning_snack,True,749,8,33,10,8,1133,7.02,4.99
RCP09898,Dahi Bhalla,Fusion,morning_snack,True,585,11,54,18,13,596,3.78,7.13
RCP09899,Fusion Modern Fusion Special 235,Fusion,dinner,False,255,21,71,34,11,1230,2.16,9.39
RCP09900,Fusion Modern Fusion Special 236,Fusion,dinner,False,769,33,51,35,13,1330,4.68,5.94
RCP09901,Chicken Manchurian,Fusion,morning_snack,False,356,38,55,25,10,616,4.86,3.33
RCP09902,Chilli Chicken,Fusion,morning_snack,False,259,5,54,28,14,918,6.12,9.05
RCP09903,Fusion Modern Fusion Special 239,Fusion,dinner,True,375,11,55,29,6,245,2.7,9.43
RCP09904,Chaat,Fusion,morning_snack,False,384,46,75,32,5,254,3.78,23.46
RCP09905,Pani Puri,Fusion,morning_snack,False,687,23,41,15,9,261,6.12,20.07
RCP09906,Chilli Chicken,Fusion,morning_snack,False,285,38,44,20,7,1087,1.98,8.61
RCP09907,Chaat,Fusion,morning_snack,False,178,44,35,37,9,677,2.52,23.27
RCP09908,Gol Gappa,Fusion,morning_snack,False,367,45,30,16,3,1123,4.32,12.41
RCP09909,Dahi Bhalla,Fusion,morning_snack,False,536,44,32,17,5,1265,3.78,23.55
RCP09910,Chicken Manchurian,Fusion,morning_snack,False,684,24,47,17,2,1113,3.78,15.03
RCP09911,Chaat,Fusion,morning_snack,False,385,42,38,26,13,991,5.04,8.39
RCP09912,Dahi Bhalla,Fusion,morning_snack,False,207,37,52,18,4,358,3.96,16.19
RCP09913,Gol Gappa,Fusion,morning_snack,False,636,24,69,20,10,388,5.4,18.11
RCP09914,Fusion Modern Fusion Special 250,Fusion,dinner,True,771,6,68,25,13,629,6.48,15.59
RCP09915,Dahi Bhalla,Fusion,morning_snack,False,432,40,52,15,13,1338,6.3,4.72
RCP09916,Fusion Modern Fusion Special 252,Fusion,dinner,True,421,5,51,27,12,1337,3.96,13.4
RCP09917,Chicken Manchurian,Fusion,morning_snack,False,678,6,70,10,13,1007,6.48,4.72
RCP09918,Hakka Noodles,Fusion,morning_snack,False,785,29,54,37,3,1147,4.5,15.84
RCP09919,Dahi Bhalla,Fusion,morning_snack,False,710,33,32,15,14,222,6.84,3.06
RCP09920,Fusion Modern Fusion Special 256,Fusion,dinner,False,235,24,77,30,12,874,6.48,12.75
RCP09921,Chaat,Fusion,morning_snack,False,787,26,54,22,12,1368,6.48,4.85
RCP09922,Fusion Modern Fusion Special 258,Fusion,dinner,False,664,34,67,21,6,836,5.94,7.57
RCP09923,Gol Gappa,Fusion,morning_snack,True,729,13,44,11,8,858,5.04,4.63
RCP09924,Hakka Noodles,Fusion,morning_snack,False,356,32,51,19,4,1227,4.14,5.94
RCP09925,Fusion Modern Fusion Special 261,Fusion,dinner,True,648,10,66,28,3,1258,4.32,3.58
RCP09926,Chaat,Fusion,morning_snack,True,713,11,57,12,6,1231,1.98,24.51
RCP09927,Chicken Manchurian,Fusion,morning_snack,False,426,46,55,20,13,1340,4.14,10.67
RCP09928,Fusion Modern Fusion Special 264,Fusion,dinner,False,652,45,30,18,11,344,1.98,19.02
RCP09929,Pani Puri,Fusion,morning_snack,False,498,34,39,22,7,999,3.42,15.23
RCP09930,Fusion Modern Fusion Special 266,Fusion,dinner,False,693,47,67,30,4,775,6.12,3.55
RCP09931,Chilli Chicken,Fusion,morning_snack,False,301,6,50,19,2,1437,3.78,13.38
RCP09932,Fusion Modern Fusion Special 268,Fusion,dinner,False,532,49,31,24,3,691,4.14,14.82
RCP09933,Fusion Modern Fusion Special 269,Fusion,dinner,False,765,21,47,20,12,649,5.04,16.35
RCP09934,Chicken Manchurian,Fusion,morning_snack,False,704,43,60,23,2,574,2.7,8.08
RCP09935,Chicken Manchurian,Fusion,morning_snack,False,150,5,34,29,4,1420,5.4,17.77
RCP09936,Chicken Manchurian,Fusion,morning_snack,False,625,19,54,17,6,290,2.7,14.8
RCP09937,Pani Puri,Fusion,morning_snack,False,595,34,32,27,6,448,2.7,7.72
RCP09938,Fusion Modern Fusion Special 274,Fusion,dinner,False,380,36,57,21,7,680,2.88,7.25
RCP09939,Pani Puri,Fusion,morning_snack,True,660,18,61,21,13,389,2.34,2.19
RCP09940,Dahi Bhalla,Fusion,morning_snack,False,370,28,78,30,4,715,1.8,19.11
RCP09941,Fusion Modern Fusion Special 277,Fusion,dinner,True,545,10,59,20,7,1084,2.16,4.49
RCP09942,Chicken Manchurian,Fusion,morning_snack,False,776,10,58,15,6,1138,5.4,16.11
RCP09943,Fusion Modern Fusion Special 279,Fusion,dinner,True,551,9,78,20,14,291,3.96,22.8
RCP09944,Gol Gappa,Fusion,morning_snack,False,314,21,71,23,10,398,5.94,8.22
RCP09945,Fusion Modern Fusion Special 281,Fusion,dinner,False,729,15,31,18,10,340,3.96,9.2
RCP09946,Chaat,Fusion,morning_snack,False,461,30,73,34,14,494,2.16,16.59
RCP09947,Pani Puri,Fusion,morning_snack,False,373,37,57,39,7,1051,5.58,12.66
RCP09948,Gol Gappa,Fusion,morning_snack,False,256,23,54,36,14,1054,6.84,19.25
RCP09949,Gol Gappa,Fusion,morning_snack,False,189,42,65,16,4,216,6.66,24.08
RCP09950,Chicken Manchurian,Fusion,morning_snack,False,638,10,40,18,2,728,5.76,6.94
RCP09951,Fusion Modern Fusion Special 287,Fusion,dinner,True,741,17,65,10,3,558,5.94,13.2
RCP09952,Fusion Modern Fusion Special 288,Fusion,dinner,False,188,17,60,21,4,801,2.88,8.78
RCP09953,Dahi Bhalla,Fusion,morning_snack,False,191,38,48,25,9,502,2.52,5.08
RCP09954,Gol Gappa,Fusion,morning_snack,True,730,12,52,24,8,422,3.24,7.53
RCP09955,Dahi Bhalla,Fusion,morning_snack,True,471,19,53,17,13,1141,3.6,24.84
RCP09956,Pani Puri,Fusion,morning_snack,False,237,29,73,25,12,1089,2.7,2.03
RCP09957,Chicken Manchurian,Fusion,morning_snack,False,494,19,32,19,10,1347,2.88,21.41
RCP09958,Pani Puri,Fusion,morning_snack,False,718,41,48,31,6,554,6.66,18.4
RCP09959,Dahi Bhalla,Fusion,morning_snack,False,340,44,62,25,4,985,3.6,4.22
RCP09960,Hakka Noodles,Fusion,morning_snack,False,738,23,34,27,7,1036,3.6,13.63
RCP09961,Hakka Noodles,Fusion,morning_snack,False,293,26,72,28,14,1142,6.48,22.81
RCP09962,Fusion Modern Fusion Special 298,Fusion,dinner,False,215,22,67,34,2,693,5.04,9.75
RCP09963,Fusion Modern Fusion Special 299,Fusion,dinner,False,602,31,61,20,2,1224,3.06,4.74
RCP09964,Pani Puri,Fusion,morning_snack,False,526,28,47,27,7,892,6.12,19.88
RCP09965,Pani Puri,Fusion,morning_snack,False,602,26,63,36,2,523,4.5,16.23
RCP09966,Chaat,Fusion,morning_snack,False,621,24,68,25,6,909,1.8,3.11
RCP09967,Pani Puri,Fusion,morning_snack,False,489,49,70,25,2,1103,4.86,15.83
RCP09968,Fusion Modern Fusion Special 304,Fusion,dinner,False,203,37,46,26,4,413,3.24,12.28
RCP09969,Fusion Modern Fusion Special 305,Fusion,dinner,False,599,24,36,35,7,346,5.76,8.15
RCP09970,Fusion Modern Fusion Special 306,Fusion,dinner,False,753,37,47,30,8,835,2.52,5.69
RCP09971,Fusion Modern Fusion Special 307,Fusion,dinner,False,229,13,38,23,14,1414,3.78,22.8
RCP09972,Dahi Bhalla,Fusion,morning_snack,False,192,23,30,18,13,520,4.68,20.16
RCP09973,Chicken Manchurian,Fusion,morning_snack,False,172,45,38,22,4,464,4.68,16.35
RCP09974,Chaat,Fusion,morning_snack,True,704,13,67,10,2,762,6.66,21.11
RCP09975,Chaat,Fusion,morning_snack,False,336,36,51,32,11,1282,5.04,9.46
RCP09976,Dahi Bhalla,Fusion,morning_snack,False,564,27,60,31,8,225,6.12,11.71
RCP09977,Hakka Noodles,Fusion,morning_snack,True,415,12,60,21,8,457,5.22,2.59
RCP09978,Gol Gappa,Fusion,morning_snack,False,544,41,66,15,6,627,5.4,3.28
RCP09979,Hakka Noodles,Fusion,morning_snack,False,463,28,47,31,11,338,5.4,8.42
RCP09980,Pani Puri,Fusion,morning_snack,False,665,37,59,17,5,798,4.86,23.04
RCP09981,Pani Puri,Fusion,morning_snack,True,616,15,52,11,9,310,6.84,8.64
RCP09982,Fusion Modern Fusion Special 318,Fusion,dinner,False,565,49,78,37,8,1143,4.14,16.64
RCP09983,Chaat,Fusion,morning_snack,True,616,17,40,22,5,1176,3.78,4.57
RCP09984,Dahi Bhalla,Fusion,morning_snack,False,504,30,32,27,13,1385,4.86,17.47
RCP09985,Gol Gappa,Fusion,morning_snack,False,287,38,78,22,5,212,6.3,17.55
RCP09986,Gol Gappa,Fusion,morning_snack,False,715,28,74,32,14,1066,6.48,4.64
RCP09987,Pani Puri,Fusion,morning_snack,False,274,10,67,23,4,946,4.68,20.6
RCP09988,Fusion Modern Fusion Special 324,Fusion,dinner,False,576,41,35,21,3,413,6.3,5.12
RCP09989,Dahi Bhalla,Fusion,morning_snack,False,768,47,72,18,7,1345,5.94,12.73
RCP09990,Gol Gappa,Fusion,morning_snack,False,678,48,73,34,3,1258,5.94,24.35
RCP09991,Dahi Bhalla,Fusion,morning_snack,False,529,18,46,20,12,1303,7.02,3.32
RCP09992,Gol Gappa,Fusion,morning_snack,False,450,29,46,19,2,1222,6.48,21.58
RCP09993,Pani Puri,Fusion,morning_snack,False,489,34,35,21,9,925,3.42,18.89
RCP09994,Fusion Modern Fusion Special 330,Fusion,dinner,True,361,12,61,21,2,502,5.58,11.47
RCP09995,Hakka Noodles,Fusion,morning_snack,True,315,9,71,10,8,463,5.58,4.68
RCP09996,Chilli Chicken,Fusion,morning_snack,False,528,21,64,27,14,910,1.8,20.44
RCP09997,Dahi Bhalla,Fusion,morning_snack,False,194,32,62,30,9,1231,5.94,5.61
